Record_ID,Bus_ID,Bus_Number,Date,City,Route_Number,Route_Name,Source_Stop,Destination_Stop,Departure_Time,Arrival_Time,Distance_km,Bus_Type,Total_Seats,Passengers,Occupancy_Percentage,Ticket_Price,Revenue,Fuel_Consumption_Liters,Fuel_Cost,Delay_Minutes,Weather,Traffic_Level,Trip_Status,Customer_Rating
1345,BUS11345,RJ30C2704,2025-10-14,Mumbai,R219,Powai-Churchgate,Powai Stand,Churchgate Stand,18:55,22:08,53.1,Electric,42,43.0,102.38,24.52,1054.36,2.74,32.88,0.0,Sunny,High,On Time,4.8
1586,BUS11586,DL34B6508,2025-08-30,Pune,B199,Wagholi-Katraj,Wagholi Stop,Katraj Junction,19:40,23:46,97.9,AC,52,12.0,23.08,34.49,413.88,29.05,2759.75,0.0,Cloudy,Medium,On Time,4.8
1931,BUS11931,TS14B9317,2024-09-17,Bengaluru,L54,Jayanagar-KR Puram,Jayanagar Stand,KR Puram Junction,08:00,09:32,14.8,Mini Bus,25,22.0,88.0,10.29,226.38,3.55,337.25,29.0,Rainy,High,Delayed,2.8
293,BUS10293,DL71B5223,2024-06-03,Delhi,B253,Rohini-Connaught Place,Rohini Terminal,Connaught Place Stop,20:10,20:55,10.7,Non-AC,46,46.0,100.0,18.29,841.34,3.38,321.1,0.0,Rainy,High,On Time,
372,BUS10372,MH85B9605,2025-06-09,Kolkata,L125,Jadavpur-Barasat,Jadavpur Junction,Barasat Stop,18:00,22:56,112.0,Mini Bus,29,4.0,13.79,25.88,103.52,24.05,2284.75,0.0,Cloudy,Medium,On Time,4.7
1541,BUS11541,WB20A4009,2025-12-13,Lucknow,B218,Chinhat-Aminabad,Chinhat Stand,Aminabad Terminal,11:10,12:46,36.1,AC,41,46.0,112.2,36.11,1661.06,12.58,1195.1,15.0,Foggy,Medium,Delayed,2.8
1317,BUS11317,KA86A3348,2025-08-14,Jaipur,L45,Vidhyadhar Nagar-Sitapura,Vidhyadhar Nagar Junction,Sitapura Stand,19:05,20:33,57.5,Non-AC,44,35.0,79.55,17.52,613.2,16.35,1553.25,10.0,Rainy,Low,On Time,3.2
1650,BUS11650,TN62C5153,2024-12-20,Kolkata,L82,Jadavpur-Barasat,Jadavpur Junction,Barasat Stand,15:00,18:30,50.0,AC,44,50.0,113.64,26.26,1313.0,18.81,1786.95,29.0,Rainy,High,Delayed,2.7
787,BUS10787,KA37B7759,2025-12-03,Ahmedabad,R259,Maninagar-Gota,Maninagar Junction,Gota Stand,05:50,08:18,29.7,Mini Bus,34,39.0,114.71,18.89,736.71,6.77,643.15,10.0,Foggy,High,On Time,4.8
1907,BUS11907,KA94A1163,2025-08-09,Chennai,L50,Porur-Egmore,Porur Junction,Egmore Stop,06:40,07:00,10.6,Electric,35,38.0,108.57,12.02,456.76,0.78,9.36,0.0,Sunny,Medium,On Time,4.9
1386,BUS11386,GJ25B9183,2025-11-24,Kolkata,L284,Behala-Sealdah,Behala Terminal,Sealdah Stand,07:25,12:54,90.0,Non-AC,44,37.0,84.09,27.0,999.0,30.88,2933.6,28.0,Rainy,High,Delayed,2.9
1782,BUS11782,TS49C3467,2024-07-05,Chennai,R100,Tambaram-Parrys,Tambaram Terminal,Parrys Stand,15:15,21:40,95.2,Non-AC,48,35.0,72.92,28.05,981.75,28.48,2705.6,7.0,Cloudy,High,On Time,4.1
154,BUS10154,MH20A1713,2024-04-26,Bengaluru,L296,Jayanagar-KR Puram,Jayanagar Junction,KR Puram Terminal,11:40,14:37,49.3,Mini Bus,34,1.0,2.94,19.76,19.76,9.54,906.3,18.0,Foggy,High,Delayed,3.6
1021,BUS11021,TS20A4031,2024-09-25,Hyderabad,B250,Kukatpally-Secunderabad,Kukatpally Junction,Secunderabad Stop,19:15,00:02,85.7,AC,42,0.0,0.0,32.39,0.0,25.69,2440.55,0.0,Sunny,High,On Time,
1008,BUS11008,KA75B3518,2025-03-02,Chennai,R242,Tambaram-Parrys,Tambaram Junction,Parrys Stand,18:40,19:52,28.7,Electric,38,41.0,107.89,24.11,988.51,2.46,29.52,13.0,Foggy,Medium,Delayed,3.4
659,BUS10659,DL81B8243,2025-01-06,Hyderabad,B114,Gachibowli-Koti,Gachibowli Stop,Koti Stop,06:10,07:35,39.9,Non-AC,51,3.0,5.88,15.72,47.16,14.64,1390.8,24.0,Cloudy,Low,Delayed,3.7
1210,BUS11210,RJ24A5867,2024-10-11,Kolkata,R123,Salt Lake-Howrah,Salt Lake Junction,Howrah Junction,11:30,15:44,106.3,Mini Bus,29,24.0,82.76,29.32,703.68,29.08,2762.6,2.0,,Medium,On Time,3.7
966,BUS10966,GJ35C4046,2025-05-25,Kolkata,B71,Salt Lake-Howrah,Salt Lake Stop,Howrah Terminal,09:15,10:04,22.2,Non-AC,45,48.0,106.67,17.22,826.56,6.15,584.25,8.0,Cloudy,Medium,On Time,4.9
104,BUS10104,WB31B6593,2025-11-27,Delhi,B45,Dwarka-ITO,Dwarka Terminal,ITO Stand,05:20,06:29,19.1,Electric,46,51.0,110.87,21.91,1117.41,0.99,11.88,0.0,Cloudy,High,On Time,
1518,BUS11518,GJ48A1609,2025-09-11,Pune,B176,Wagholi-Katraj,Wagholi Junction,Katraj Stop,20:20,23:11,96.7,Electric,44,40.0,90.91,24.61,984.4,6.54,78.48,12.0,Rainy,Low,Delayed,3.4
42,BUS10042,MH35A7610,2024-06-14,Hyderabad,L122,Dilsukhnagar-Ameerpet,Dilsukhnagar Junction,Ameerpet Junction,13:50,15:26,42.7,Mini Bus,27,6.0,22.22,15.42,92.52,9.97,947.15,6.0,Foggy,Medium,On Time,
572,BUS10572,RJ58B8451,2024-03-10,Mumbai,B29,Kurla-Bandra,Kurla Stand,Bandra Terminal,16:50,23:31,95.9,Mini Bus,35,26.0,74.29,25.37,659.62,20.37,1935.15,0.0,Cloudy,High,On Time,4.4
1892,BUS11892,TN28A1088,2024-08-15,Pune,B241,Wagholi-Katraj,Wagholi Stand,Katraj Junction,06:50,11:45,67.4,AC,35,15.0,42.86,36.13,541.95,23.79,2260.05,0.0,Cloudy,High,On Time,3.2
933,BUS10933,WB56C9238,2025-05-24,Mumbai,B37,Powai-Churchgate,Powai Stand,Churchgate Stand,20:30,22:24,85.2,AC,36,40.0,111.11,43.65,1746.0,30.84,2929.8,0.0,Foggy,Low,On Time,3.8
1166,BUS11166,TS96A9149,2024-11-17,Bengaluru,L217,Jayanagar-KR Puram,Jayanagar Stand,KR Puram Terminal,18:00,02:18,96.6,AC,41,16.0,39.02,33.47,535.52,34.15,3244.25,32.0,Foggy,High,Delayed,2.4
238,BUS10238,MH28B1977,2024-09-07,Ahmedabad,L274,Vastrapur-Kalupur,Vastrapur Stand,Kalupur Junction,05:50,07:17,23.9,Electric,37,6.0,16.22,17.29,103.74,1.81,21.72,9.0,Foggy,High,On Time,
1095,BUS11095,TS84C4065,2024-07-25,Pune,L171,Hinjewadi-Swargate,Hinjewadi Terminal,Swargate Junction,10:30,15:52,97.9,AC,55,50.0,90.91,36.2,1810.0,27.76,2637.2,0.0,Cloudy,High,On Time,
757,BUS10757,KA25B6306,2025-07-03,Chennai,R191,Porur-Egmore,Porur Stop,Egmore Stand,22:10,00:29,67.2,AC,41,27.0,65.85,27.1,731.7,23.65,,9.0,Foggy,Medium,On Time,4.3
426,BUS10426,GJ87A2457,2025-06-02,Mumbai,L106,Andheri-Dadar,Andheri Junction,Dadar Stop,15:55,18:46,89.5,Non-AC,45,43.0,95.56,32.86,1412.98,29.59,2811.05,0.0,Rainy,Medium,On Time,4.7
117,BUS10117,UP74A9682,2024-12-28,Jaipur,R92,Jagatpura-Sanganer,Jagatpura Terminal,Sanganer Terminal,20:05,23:48,45.2,Non-AC,47,50.0,106.38,21.46,1073.0,13.43,1275.85,0.0,Sunny,High,On Time,3.7
313,BUS10313,MH20A8974,2025-06-19,Hyderabad,R108,Uppal-Mehdipatnam,Uppal Terminal,Mehdipatnam Junction,11:30,12:14,26.3,Electric,36,30.0,83.33,18.75,562.5,2.6,31.2,2.0,Sunny,Low,On Time,3.8
699,BUS10699,TS71C8808,2025-07-10,Pune,R58,Hadapsar-Shivajinagar,Hadapsar Junction,Shivajinagar Stop,09:45,17:16,116.9,AC,45,35.0,77.78,40.19,1406.65,48.35,4593.25,83.0,Rainy,High,Delayed,2.3
1828,BUS11828,TS96B4915,2024-10-18,Lucknow,R228,Gomti Nagar-Charbagh,Gomti Nagar Stop,Charbagh Stand,14:05,18:32,76.8,Mini Bus,35,28.0,80.0,19.53,546.84,15.48,1470.6,25.0,Foggy,High,Delayed,2.1
1460,BUS11460,DL48A7492,2024-03-27,Bengaluru,L242,Whitefield-Majestic,Whitefield Stop,Majestic Stand,18:15,23:45,107.4,Mini Bus,29,31.0,106.9,26.41,818.71,24.05,2284.75,0.0,Cloudy,High,On Time,3.6
552,BUS10552,GJ30C9593,2025-12-10,Bengaluru,L47,Jayanagar-KR Puram,Jayanagar Junction,KR Puram Junction,08:00,09:29,64.7,AC,55,44.0,80.0,42.75,1881.0,18.31,1739.45,0.0,Sunny,Low,On Time,4.7
1629,BUS11629,WB84B2092,2024-10-01,Bengaluru,R219,Electronic City-Hebbal,Electronic City Stop,Hebbal Junction,16:10,19:56,108.0,Non-AC,48,44.0,91.67,33.29,1464.76,40.06,3805.7,0.0,Foggy,Medium,On Time,3.2
1530,BUS11530,UP45A4384,2025-10-27,Lucknow,R189,Indira Nagar-Hazratganj,Indira Nagar Stand,Hazratganj Junction,05:40,12:07,90.1,Electric,34,14.0,41.18,28.05,392.7,6.19,74.28,0.0,Sunny,High,On Time,4.0
1014,BUS11014,KA97A1005,2025-10-21,Pune,B199,Hadapsar-Shivajinagar,Hadapsar Stop,Shivajinagar Stand,09:25,12:25,56.7,Mini Bus,25,6.0,24.0,18.43,110.58,12.22,1160.9,60.0,Rainy,Medium,Delayed,3.2
1625,BUS11625,MH91C4886,2024-09-19,Hyderabad,R28,Uppal-Mehdipatnam,Uppal Junction,Mehdipatnam Terminal,22:50,04:32,86.4,Mini Bus,27,29.0,107.41,25.42,737.18,17.35,1648.25,9.0,Foggy,High,On Time,3.4
803,BUS10803,UP52C6750,2024-08-05,Hyderabad,R62,Gachibowli-Koti,Gachibowli Stand,Koti Terminal,14:40,17:34,95.9,Electric,34,24.0,70.59,33.62,806.88,7.68,92.16,23.0,Rainy,Low,Delayed,3.3
1821,BUS11821,TN86C7191,2025-09-02,Mumbai,L228,Borivali-Colaba,Borivali Stop,Colaba Terminal,06:50,09:36,79.0,Non-AC,47,8.0,17.02,31.45,251.6,24.98,2373.1,6.0,Cloudy,Medium,On Time,4.5
26,BUS10026,MH26A7966,2025-12-27,Chennai,B229,Anna Nagar-Guindy,Anna Nagar Stop,Guindy Junction,20:45,01:03,61.3,AC,47,6.0,12.77,43.02,258.12,23.36,2219.2,0.0,Foggy,High,On Time,3.2
710,BUS10710,KA58A1882,2024-08-22,Jaipur,R170,Mansarovar-Amer,Mansarovar Stand,Amer Junction,12:05,16:57,91.8,Mini Bus,30,3.0,10.0,26.74,80.22,19.82,1882.9,6.0,Sunny,High,On Time,4.3
1905,BUS11905,GJ15C8545,2024-09-29,Bengaluru,L70,Marathahalli-Banashankari,Marathahalli Terminal,Banashankari Stop,13:35,18:38,80.8,Mini Bus,31,34.0,109.68,20.27,689.18,18.61,1767.95,0.0,Rainy,High,On Time,
1193,BUS11193,TN51C1118,2025-05-02,Kolkata,L161,Dum Dum-Park Street,Dum Dum Terminal,Park Street Stand,14:00,15:04,39.0,AC,51,38.0,74.51,33.57,1275.66,16.13,1532.35,0.0,Sunny,Low,On Time,4.2
383,BUS10383,TN80A4648,2024-08-16,Pune,R291,Aundh-Camp,Aundh Stop,Camp Junction,17:45,19:01,20.3,AC,55,15.0,27.27,34.84,522.6,7.66,,0.0,Foggy,High,On Time,3.7
1342,BUS11342,TN36B1351,2025-07-07,Mumbai,L56,Andheri-Dadar,Andheri Stand,Dadar Stand,07:05,09:28,103.3,Mini Bus,26,14.0,53.85,24.1,337.4,26.54,2521.3,4.0,Foggy,Low,On Time,
1596,BUS11596,GJ80B4323,2025-08-01,Chennai,L180,Velachery-T Nagar,Velachery Stop,T Nagar Junction,18:25,00:09,82.2,Mini Bus,26,22.0,84.62,20.85,458.7,19.2,1824.0,36.0,Rainy,High,Delayed,2.6
66,BUS10066,GJ67B6470,2024-10-26,Delhi,L84,Saket-Karol Bagh,Saket Stop,Karol Bagh Stop,13:00,18:36,76.5,Electric,49,24.0,48.98,31.75,762.0,6.13,73.56,73.0,Cloudy,High,Delayed,
253,BUS10253,TS54A8952,2024-06-01,Ahmedabad,R176,Maninagar-Gota,Maninagar Stand,Gota Stand,21:40,05:06,107.1,AC,51,21.0,41.18,46.77,982.17,33.09,3143.55,10.0,Rainy,High,On Time,3.0
189,BUS10189,KA65A1653,2025-05-23,Hyderabad,L55,Uppal-Mehdipatnam,Uppal Terminal,Mehdipatnam Stand,17:30,17:51,15.7,Non-AC,59,21.0,35.59,11.7,245.7,4.26,404.7,0.0,Cloudy,Low,On Time,3.4
1715,BUS11715,TS42C4213,2025-09-03,Delhi,L102,Rajouri Garden-Anand Vihar,Rajouri Garden Stop,Anand Vihar Stop,07:55,12:47,117.4,AC,55,60.0,109.09,42.01,2520.6,43.34,4117.3,12.0,Foggy,Medium,Delayed,2.2
274,BUS10274,WB52B3329,2024-06-29,Lucknow,B199,Alambagh-Aliganj,Alambagh Stand,Aliganj Junction,05:45,13:04,102.5,AC,49,34.0,69.39,35.53,1208.02,33.45,3177.75,0.0,Sunny,High,On Time,
1923,BUS11923,RJ10B9198,2025-02-20,Lucknow,B19,Indira Nagar-Hazratganj,Indira Nagar Junction,Hazratganj Terminal,05:40,06:24,25.4,Electric,41,41.0,100.0,16.36,670.76,2.02,24.24,8.0,Sunny,Low,On Time,3.6
799,BUS10799,RJ39A3738,2024-04-30,Jaipur,R83,Jagatpura-Sanganer,Jagatpura Stand,Sanganer Terminal,05:50,09:06,32.4,Non-AC,43,29.0,67.44,23.51,681.79,9.95,945.25,76.0,Foggy,High,Delayed,3.8
1258,BUS11258,DL21C3072,2024-01-31,Chennai,B230,Porur-Egmore,Porur Stop,Egmore Junction,08:50,12:18,97.6,AC,40,14.0,35.0,38.78,542.92,30.55,2902.25,29.0,Sunny,Medium,Delayed,2.7
329,BUS10329,DL75B2488,2024-05-20,Chennai,R130,Porur-Egmore,Porur Stop,Egmore Terminal,08:55,09:43,16.9,AC,54,46.0,85.19,21.96,1010.16,6.9,655.5,14.0,Sunny,Medium,Delayed,3.2
1167,BUS11167,DL56B9981,2025-09-13,Kolkata,B64,Jadavpur-Barasat,Jadavpur Junction,Barasat Junction,08:10,08:51,8.7,Mini Bus,33,25.0,75.76,11.09,277.25,1.92,182.4,0.0,Sunny,High,On Time,4.2
173,BUS10173,UP47A8442,2025-09-21,Pune,R118,Hinjewadi-Swargate,Hinjewadi Stand,Swargate Terminal,11:10,13:25,28.5,Electric,38,19.0,50.0,20.22,384.18,2.17,26.04,89.0,Rainy,Low,Delayed,2.1
1778,BUS11778,TS37C5957,2025-01-28,Pune,L7,Wagholi-Katraj,Wagholi Junction,Katraj Junction,13:55,16:42,50.3,Non-AC,54,5.0,9.26,15.7,78.5,13.79,1310.05,0.0,Rainy,High,On Time,4.0
795,BUS10795,WB24C5752,2024-03-13,Bengaluru,B3,Yeshwanthpur-Silk Board,Yeshwanthpur Junction,Silk Board Terminal,07:50,16:23,102.8,AC,47,7.0,14.89,32.34,226.38,29.23,2776.85,0.0,Cloudy,High,On Time,5.0
1879,BUS11879,WB64C2874,2025-02-08,Pune,R131,Hinjewadi-Swargate,Hinjewadi Stand,Swargate Junction,19:45,20:16,17.7,AC,43,32.0,,29.56,945.92,5.83,553.85,2.0,Foggy,Low,On Time,4.3
1751,BUS11751,DL23C2830,2025-09-04,Lucknow,B27,Indira Nagar-Hazratganj,Indira Nagar Junction,Hazratganj Stand,13:00,15:42,41.5,Mini Bus,31,19.0,61.29,13.79,262.01,9.8,931.0,7.0,Cloudy,High,On Time,4.2
1169,BUS11169,TN80A7392,2025-02-17,Pune,R191,Hinjewadi-Swargate,Hinjewadi Junction,Swargate Stop,05:55,06:23,10.5,Electric,33,1.0,3.03,14.63,14.63,0.65,7.8,5.0,Foggy,Medium,On Time,4.7
1247,BUS11247,UP97A5784,2025-07-31,Bengaluru,L272,Whitefield-Majestic,Whitefield Junction,Majestic Terminal,14:15,16:34,35.0,AC,49,3.0,6.12,26.14,78.42,13.2,1254.0,88.0,Rainy,Low,Delayed,2.2
285,BUS10285,UP56C1010,2025-07-09,Hyderabad,L117,Kukatpally-Secunderabad,Kukatpally Stop,Secunderabad Junction,09:05,09:29,17.9,Non-AC,60,0.0,0.0,20.46,0.0,6.07,576.65,0.0,Rainy,Low,On Time,
408,BUS10408,TS65B5088,2025-05-09,Ahmedabad,B198,Bopal-Naroda,Bopal Stand,Naroda Stop,15:05,16:37,30.9,Electric,30,26.0,86.67,20.63,536.38,1.66,19.92,0.0,Sunny,High,On Time,4.4
1775,BUS11775,DL28A9416,2025-10-01,Hyderabad,R256,Uppal-Mehdipatnam,Uppal Terminal,Mehdipatnam Junction,06:10,09:04,35.7,Electric,44,0.0,0.0,29.72,0.0,2.74,32.88,0.0,Rainy,High,Cancelled,1.6
175,BUS10175,WB78B6155,2025-09-25,Jaipur,B163,Vaishali Nagar-Badi Chaupar,Vaishali Nagar Stop,Badi Chaupar Stop,06:05,09:07,93.5,AC,55,38.0,69.09,42.18,1602.84,37.34,3547.3,9.0,Rainy,Medium,On Time,3.9
212,BUS10212,DL43C8215,2024-04-03,Lucknow,R241,Vikas Nagar-Kaiserbagh,Vikas Nagar Stop,Kaiserbagh Terminal,14:35,16:58,105.2,AC,37,33.0,89.19,38.15,1258.95,39.96,3796.2,0.0,Sunny,Low,On Time,4.0
1504,BUS11504,TN77C5629,2025-06-04,Hyderabad,B254,LB Nagar-Miyapur,LB Nagar Stand,Miyapur Stand,13:45,17:19,81.7,Mini Bus,30,16.0,53.33,21.94,351.04,17.3,1643.5,14.0,Sunny,Medium,Delayed,3.1
700,BUS10700,WB83B8775,2024-12-25,Ahmedabad,L100,Bopal-Naroda,Bopal Terminal,Naroda Stop,22:25,23:11,18.2,AC,47,42.0,89.36,25.33,1063.86,7.62,723.9,4.0,Sunny,Medium,On Time,3.0
157,BUS10157,KA98C5658,2025-02-04,Mumbai,B61,Kurla-Bandra,Kurla Terminal,Bandra Stop,12:25,14:23,34.6,AC,37,4.0,10.81,34.09,136.36,11.16,1060.2,0.0,Sunny,High,On Time,
1030,BUS11030,TS57B8770,2025-01-25,Chennai,R242,Adyar-Broadway,Adyar Terminal,Broadway Stand,10:35,12:43,38.3,Electric,44,11.0,25.0,28.19,310.09,2.02,24.24,0.0,Cloudy,High,On Time,4.9
47,BUS10047,KA43A4322,2024-06-12,Jaipur,B112,Mansarovar-Amer,Mansarovar Stand,Amer Stand,15:15,18:10,106.2,Electric,49,44.0,89.8,26.03,1145.32,5.45,65.4,11.0,Cloudy,Low,Delayed,3.1
947,BUS10947,WB93A8025,2025-08-06,Kolkata,B41,Dum Dum-Park Street,Dum Dum Stand,Park Street Junction,18:40,21:17,90.0,Non-AC,55,35.0,63.64,23.51,822.85,22.83,2168.85,8.0,Sunny,Low,On Time,4.7
565,BUS10565,DL57B8679,2024-04-17,Pune,R284,Hadapsar-Shivajinagar,Hadapsar Junction,Shivajinagar Stop,08:00,09:07,17.3,Mini Bus,35,19.0,54.29,15.72,298.68,4.64,440.8,44.0,Rainy,Low,Delayed,3.4
1385,BUS11385,UP98C7918,2024-05-10,Lucknow,L287,Indira Nagar-Hazratganj,Indira Nagar Terminal,Hazratganj Stop,21:15,00:02,85.4,AC,45,29.0,64.44,29.3,849.7,29.43,2795.85,0.0,Foggy,Medium,On Time,3.3
1006,BUS11006,GJ36C9533,2025-11-29,Kolkata,L87,Salt Lake-Howrah,Salt Lake Stand,Howrah Stand,14:30,16:13,49.7,Non-AC,48,19.0,39.58,23.85,453.15,18.22,1730.9,0.0,Cloudy,Medium,On Time,3.6
1693,BUS11693,TN55C6547,2025-09-12,Lucknow,B214,Vikas Nagar-Kaiserbagh,Vikas Nagar Terminal,Kaiserbagh Stand,13:00,15:45,68.3,Electric,42,3.0,7.14,28.86,86.58,6.03,72.36,0.0,Rainy,Medium,On Time,5.0
1446,BUS11446,DL84A6622,2024-01-26,Ahmedabad,R287,Maninagar-Gota,Maninagar Stop,Gota Terminal,08:10,09:45,65.4,AC,55,23.0,41.82,40.48,931.04,22.74,2160.3,0.0,Sunny,Low,On Time,3.1
69,BUS10069,WB86A6651,2024-10-14,Delhi,L238,Saket-Karol Bagh,Saket Stand,Karol Bagh Terminal,21:45,22:15,7.4,AC,41,37.0,90.24,32.49,1202.13,3.07,291.65,0.0,Rainy,High,On Time,4.7
598,BUS10598,UP62B9158,2024-01-06,Kolkata,B251,Salt Lake-Howrah,Salt Lake Stop,Howrah Junction,20:50,01:19,101.9,Mini Bus,28,8.0,28.57,27.97,223.76,19.05,1809.75,9.0,Cloudy,Medium,On Time,3.3
457,BUS10457,MH42C5816,2025-10-12,Lucknow,B154,Chinhat-Aminabad,Chinhat Stand,Aminabad Junction,12:00,15:20,85.7,AC,40,25.0,62.5,39.18,979.5,30.48,2895.6,37.0,Cloudy,Medium,Delayed,3.6
1589,BUS11589,RJ21B6854,2024-06-27,Kolkata,R192,Jadavpur-Barasat,Jadavpur Stand,Barasat Terminal,08:45,11:55,73.8,Electric,42,9.0,21.43,31.92,287.28,5.27,63.24,6.0,Sunny,Medium,On Time,4.7
55,BUS10055,MH59B2742,2024-02-09,Mumbai,B266,Powai-Churchgate,Powai Terminal,Churchgate Junction,13:40,14:42,30.1,Non-AC,56,47.0,83.93,18.78,882.66,9.13,867.35,0.0,Foggy,Medium,On Time,3.4
513,BUS10513,TN33C4145,2025-06-24,Jaipur,B3,Malviya Nagar-Sindhi Camp,Malviya Nagar Stand,Sindhi Camp Stop,14:40,16:16,61.5,AC,55,63.0,114.55,36.18,2279.34,19.6,1862.0,0.0,Rainy,Low,On Time,3.2
1563,BUS11563,GJ66A3812,2024-05-04,Delhi,B130,Dwarka-ITO,Dwarka Stop,ITO Stop,08:40,09:14,8.4,Electric,30,3.0,10.0,14.8,44.4,0.76,9.12,0.0,Sunny,High,On Time,4.4
1469,BUS11469,TN62B6153,2025-01-16,Lucknow,R154,Gomti Nagar-Charbagh,Gomti Nagar Terminal,Charbagh Stand,19:10,20:10,32.9,AC,43,1.0,2.33,25.29,25.29,12.73,1209.35,0.0,Rainy,Medium,On Time,4.8
1318,BUS11318,MH99C2600,2025-06-26,Kolkata,B164,Jadavpur-Barasat,Jadavpur Terminal,Barasat Junction,10:10,10:38,16.2,AC,42,17.0,40.48,17.94,304.98,6.28,596.6,0.0,Foggy,Medium,On Time,3.6
1887,BUS11887,TN96A7402,2025-10-06,Kolkata,B51,Salt Lake-Howrah,Salt Lake Junction,Howrah Stop,06:20,10:22,67.1,AC,40,0.0,0.0,34.37,0.0,23.24,2207.8,,Cloudy,High,Cancelled,1.9
1606,BUS11606,TS26C1460,2024-11-21,Ahmedabad,B52,Vastrapur-Kalupur,Vastrapur Junction,Kalupur Stand,21:55,00:33,98.7,Non-AC,44,16.0,36.36,32.66,522.56,32.94,3129.3,9.0,Sunny,Low,On Time,4.5
43,BUS10043,WB20B4769,2024-06-29,Pune,B189,Hadapsar-Shivajinagar,Hadapsar Terminal,Shivajinagar Junction,06:20,11:27,99.3,Electric,39,18.0,46.15,34.14,614.52,7.11,85.32,15.0,Rainy,High,Delayed,3.8
983,BUS10983,TS79C4020,2025-05-13,Delhi,L4,Rohini-Connaught Place,Rohini Junction,Connaught Place Stop,16:10,17:46,59.5,AC,52,33.0,63.46,39.82,1314.06,23.13,2197.35,11.0,Sunny,Low,Delayed,2.3
95,BUS10095,UP16C4374,2025-03-14,Delhi,B227,Saket-Karol Bagh,Saket Junction,Karol Bagh Stop,21:10,01:41,61.3,Non-AC,41,3.0,7.32,19.21,57.63,18.09,1718.55,0.0,Sunny,High,On Time,
202,BUS10202,KA32B8077,2024-11-28,Delhi,B38,Noida-Nehru Place,Noida Stop,Nehru Place Terminal,08:55,10:52,64.1,Non-AC,58,5.0,8.62,21.64,108.2,16.88,1603.6,21.0,Cloudy,Low,Delayed,3.0
225,BUS10225,DL76B5916,2025-05-13,Lucknow,L257,Chinhat-Aminabad,Chinhat Stop,Aminabad Stand,19:30,19:57,17.3,Non-AC,52,2.0,3.85,18.42,36.84,4.92,467.4,0.0,Cloudy,Low,On Time,3.3
1851,BUS11851,UP10B5363,2025-04-05,Kolkata,L97,Garia-Esplanade,Garia Terminal,Esplanade Terminal,10:25,11:21,13.0,Non-AC,54,22.0,40.74,17.55,386.1,4.52,429.4,37.0,Cloudy,Low,Delayed,2.4
1082,BUS11082,DL89B6845,2025-06-15,Chennai,L208,Adyar-Broadway,Adyar Junction,Broadway Junction,20:50,23:57,117.6,AC,43,10.0,23.26,34.09,340.9,33.48,3180.6,0.0,Foggy,Low,On Time,3.2
1481,BUS11481,RJ66C5900,2025-07-07,Mumbai,L54,Andheri-Dadar,Andheri Stop,Dadar Terminal,20:40,00:25,77.1,Mini Bus,25,28.0,112.0,24.77,693.56,19.09,1813.55,77.0,Foggy,Medium,Delayed,3.3
374,BUS10374,WB63C8610,2025-03-01,Lucknow,R271,Chinhat-Aminabad,Chinhat Stand,Aminabad Stop,09:55,12:13,83.4,Non-AC,59,11.0,18.64,32.18,353.98,30.44,2891.8,5.0,Rainy,Low,On Time,
535,BUS10535,MH10A6143,2024-05-29,Lucknow,R12,Chinhat-Aminabad,Chinhat Stand,Aminabad Terminal,07:00,10:15,105.0,Mini Bus,28,14.0,50.0,25.53,357.42,23.03,2187.85,45.0,Sunny,Low,Delayed,3.3
519,BUS10519,MH66B3124,2024-11-01,Lucknow,L255,Chinhat-Aminabad,Chinhat Stop,Aminabad Stop,16:45,18:16,22.4,Mini Bus,34,13.0,38.24,12.1,157.3,5.88,558.6,,Sunny,High,Delayed,2.5
1052,BUS11052,WB61A5337,2024-02-26,Bengaluru,R107,Electronic City-Hebbal,Electronic City Stop,Hebbal Junction,10:45,12:22,52.1,AC,45,,2.22,23.78,23.78,15.74,1495.3,11.0,Cloudy,Low,Delayed,2.7
1396,BUS11396,UP90B2120,2025-11-28,Hyderabad,R161,LB Nagar-Miyapur,LB Nagar Terminal,Miyapur Stop,13:25,14:40,43.9,Mini Bus,25,30.0,120.0,20.82,624.6,10.63,1009.85,0.0,Cloudy,Low,On Time,3.2
1500,BUS11500,RJ32A3089,2025-03-26,Chennai,L265,Anna Nagar-Guindy,Anna Nagar Stand,Guindy Junction,06:35,07:34,36.3,Non-AC,56,44.0,78.57,15.96,702.24,10.9,1035.5,0.0,Rainy,Low,On Time,3.1
467,BUS10467,TN73C7398,2024-12-07,Kolkata,B18,Behala-Sealdah,Behala Stand,Sealdah Terminal,09:05,09:49,28.7,Electric,38,18.0,47.37,17.41,313.38,1.49,17.88,0.0,Foggy,Low,On Time,4.8
13,BUS10013,DL60B3667,2025-11-14,Pune,B71,Kothrud-Viman Nagar,Kothrud Stop,Viman Nagar Terminal,12:10,15:31,86.2,Mini Bus,30,24.0,80.0,22.58,541.92,20.89,1984.55,1.0,Sunny,Medium,On Time,3.2
997,BUS10997,RJ20C9843,2025-05-17,Kolkata,R154,Dum Dum-Park Street,Dum Dum Terminal,Park Street Terminal,12:20,13:59,59.5,Mini Bus,31,21.0,67.74,18.78,394.38,10.71,1017.45,6.0,Rainy,Low,On Time,3.5
1845,BUS11845,RJ83B6299,2025-09-30,Pune,B24,Kothrud-Viman Nagar,Kothrud Terminal,Viman Nagar Junction,17:05,20:12,118.4,Non-AC,50,0.0,0.0,36.06,0.0,44.54,4231.3,14.0,Sunny,Low,Delayed,3.3
849,BUS10849,KA17B6368,2024-10-10,Ahmedabad,L172,Satellite-Vastral,Satellite Terminal,Vastral Terminal,18:50,20:27,39.2,AC,54,7.0,12.96,36.21,253.47,16.41,1558.95,14.0,Rainy,Medium,Delayed,3.3
76,BUS10076,GJ71A5362,2024-09-11,Pune,B253,Hadapsar-Shivajinagar,Hadapsar Stand,Shivajinagar Stand,10:45,14:22,100.6,Electric,31,22.0,70.97,35.81,787.82,9.14,109.68,74.0,Rainy,Low,Delayed,
143,BUS10143,WB87B5350,2024-09-06,Delhi,B7,Saket-Karol Bagh,Saket Stand,Karol Bagh Junction,07:40,08:58,16.1,Mini Bus,26,21.0,80.77,12.61,264.81,3.7,351.5,38.0,Rainy,Medium,Delayed,
1897,BUS11897,MH99B9712,2025-08-15,Chennai,L10,Porur-Egmore,Porur Stop,Egmore Junction,09:45,12:31,106.5,AC,39,30.0,76.92,41.78,1253.4,36.94,3509.3,0.0,Foggy,Low,On Time,4.4
548,BUS10548,GJ63B5886,2025-01-07,Hyderabad,L141,Kukatpally-Secunderabad,Kukatpally Stand,Secunderabad Stop,22:10,01:21,108.7,Electric,38,26.0,68.42,36.02,936.52,7.31,87.72,0.0,Foggy,Medium,On Time,4.6
938,BUS10938,WB96A3482,2024-09-24,Ahmedabad,R91,Maninagar-Gota,Maninagar Stand,Gota Terminal,11:50,13:20,48.3,AC,52,61.0,117.31,22.29,1359.69,15.57,1479.15,0.0,Sunny,Medium,On Time,4.1
1148,BUS11148,KA71B7048,2024-10-06,Ahmedabad,L85,Bopal-Naroda,Bopal Junction,Naroda Stand,11:40,13:48,18.0,AC,52,43.0,82.69,18.14,780.02,6.39,607.05,60.0,Rainy,High,Delayed,3.0
1468,BUS11468,MH98A8980,2024-11-27,Jaipur,B11,Mansarovar-Amer,Mansarovar Junction,Amer Stand,17:50,20:11,71.8,Non-AC,58,,89.66,26.81,1394.12,20.67,1963.65,37.0,Cloudy,Low,Delayed,2.5
769,BUS10769,DL27C7358,2024-07-05,Delhi,B178,Dwarka-ITO,Dwarka Stand,ITO Terminal,05:25,07:29,55.1,Non-AC,50,25.0,50.0,27.68,692.0,16.01,1520.95,33.0,Sunny,Low,Delayed,3.3
711,BUS10711,UP28A3542,2024-11-25,Ahmedabad,L65,Bopal-Naroda,Bopal Stop,Naroda Junction,14:10,16:53,76.8,AC,55,9.0,,43.69,393.21,23.1,2194.5,0.0,Sunny,Medium,On Time,
1485,BUS11485,MH45A4170,2024-11-14,Chennai,B274,Porur-Egmore,Porur Stand,Egmore Junction,11:20,11:50,19.1,Electric,37,19.0,51.35,14.58,277.02,1.78,21.36,0.0,Sunny,Low,On Time,3.1
1602,BUS11602,TN81B6357,2025-11-15,Kolkata,L144,Behala-Sealdah,Behala Stop,Sealdah Terminal,18:40,22:11,104.3,Mini Bus,29,4.0,13.79,28.28,113.12,28.71,2727.45,3.0,Foggy,Medium,On Time,4.1
559,BUS10559,TN19A2163,2025-07-15,Mumbai,L238,Andheri-Dadar,Andheri Terminal,Dadar Terminal,08:10,10:03,46.8,AC,53,56.0,105.66,33.84,1895.04,16.79,1595.05,0.0,Rainy,Medium,On Time,3.6
1742,BUS11742,RJ19C7347,2025-05-06,Kolkata,R71,Behala-Sealdah,Behala Terminal,Sealdah Stop,05:40,07:29,30.0,AC,44,52.0,118.18,30.75,1599.0,11.42,1084.9,4.0,Foggy,High,On Time,4.0
419,BUS10419,RJ37C6611,2025-10-06,Delhi,B169,Rajouri Garden-Anand Vihar,Rajouri Garden Stop,Anand Vihar Stand,09:45,13:45,117.3,Mini Bus,30,36.0,120.0,28.17,1014.12,21.26,2019.7,6.0,Foggy,Medium,On Time,3.6
1883,BUS11883,RJ45A1448,2025-01-04,Ahmedabad,L177,Vastrapur-Kalupur,Vastrapur Stand,Kalupur Stand,17:20,21:15,105.0,Electric,35,13.0,37.14,27.53,357.89,9.49,113.88,0.0,Cloudy,,On Time,
129,BUS10129,GJ14B7225,2024-06-08,Hyderabad,L110,Gachibowli-Koti,Gachibowli Terminal,Koti Terminal,14:15,17:53,80.3,AC,41,13.0,31.71,46.97,610.61,33.05,3139.75,19.0,Sunny,Medium,Delayed,
370,BUS10370,RJ74C2895,2025-11-30,Pune,B7,Kothrud-Viman Nagar,Kothrud Stop,Viman Nagar Stand,07:45,13:32,108.7,AC,38,42.0,110.53,44.44,1866.48,45.38,4311.1,0.0,Rainy,High,On Time,3.9
860,BUS10860,MH20B8466,2025-09-15,Bengaluru,L43,Yeshwanthpur-Silk Board,Yeshwanthpur Stand,Silk Board Junction,12:20,13:51,65.7,AC,47,30.0,63.83,36.09,1082.7,23.4,2223.0,0.0,Sunny,Low,On Time,4.3
1349,BUS11349,DL91B3060,2025-01-25,Kolkata,R108,Salt Lake-Howrah,Salt Lake Stop,Howrah Stand,17:15,19:57,45.6,Electric,38,40.0,105.26,27.66,1106.4,2.61,31.32,0.0,Cloudy,High,On Time,
1756,BUS11756,UP37C3574,2025-07-25,Jaipur,B154,Jagatpura-Sanganer,Jagatpura Stop,Sanganer Stand,18:40,20:33,77.7,Non-AC,54,49.0,90.74,25.8,1264.2,26.83,2548.85,0.0,Rainy,Low,On Time,3.7
444,BUS10444,UP61A1476,2025-05-07,Ahmedabad,R116,Satellite-Vastral,Satellite Stand,Vastral Stop,18:45,22:38,100.0,Mini Bus,28,7.0,25.0,22.91,160.37,25.81,2451.95,0.0,Sunny,Medium,On Time,4.4
1752,BUS11752,GJ69C2337,2025-02-09,Bengaluru,L244,Marathahalli-Banashankari,Marathahalli Junction,Banashankari Terminal,22:55,03:25,112.2,Non-AC,55,11.0,20.0,25.96,285.56,32.77,3113.15,7.0,Cloudy,Medium,On Time,3.3
1534,BUS11534,RJ78C8328,2025-11-09,Jaipur,L243,Mansarovar-Amer,Mansarovar Stand,Amer Stop,10:35,12:39,74.2,AC,51,14.0,27.45,29.69,415.66,24.98,2373.1,0.0,Rainy,Low,On Time,4.1
1332,BUS11332,UP29A4832,2025-10-20,Jaipur,R101,Mansarovar-Amer,Mansarovar Junction,Amer Stand,21:30,01:32,109.1,Non-AC,44,44.0,100.0,29.71,1307.24,30.26,2874.7,0.0,Sunny,Medium,On Time,3.8
566,BUS10566,KA41A6875,2025-09-20,Pune,L243,Aundh-Camp,Aundh Junction,Camp Terminal,05:15,07:29,74.1,AC,49,41.0,83.67,29.48,1208.68,21.17,2011.15,12.0,Foggy,Low,Delayed,
895,BUS10895,RJ89C3953,2024-06-09,Chennai,L189,Adyar-Broadway,Adyar Stop,Broadway Stand,10:25,10:52,7.9,Electric,38,17.0,44.74,,209.61,0.48,5.76,0.0,Cloudy,High,On Time,4.4
1807,BUS11807,TS49B6174,2024-05-29,Hyderabad,B280,Kukatpally-Secunderabad,Kukatpally Stand,Secunderabad Terminal,10:15,13:37,50.8,Non-AC,43,22.0,51.16,19.22,422.84,17.8,1691.0,0.0,Foggy,High,On Time,3.9
128,BUS10128,UP22B2560,2024-07-25,Hyderabad,L82,Kukatpally-Secunderabad,Kukatpally Terminal,Secunderabad Terminal,07:00,09:52,52.7,Electric,44,14.0,31.82,31.03,434.42,4.74,56.88,17.0,Cloudy,High,Delayed,
1836,BUS11836,DL24B6608,2025-03-31,Kolkata,R256,Salt Lake-Howrah,Salt Lake Stop,Howrah Junction,19:25,21:09,46.3,Mini Bus,26,16.0,61.54,17.48,279.68,11.31,1074.45,22.0,Foggy,Medium,Delayed,3.2
1380,BUS11380,DL51A2518,2024-10-22,Kolkata,R82,Behala-Sealdah,Behala Junction,Sealdah Terminal,07:35,08:52,35.4,Mini Bus,32,37.0,115.62,12.98,480.26,9.9,,9.0,Foggy,Medium,On Time,3.5
1919,BUS11919,MH19A6387,2025-03-14,Lucknow,L86,Indira Nagar-Hazratganj,Indira Nagar Terminal,Hazratganj Terminal,08:15,09:05,6.0,Mini Bus,28,17.0,60.71,13.09,222.53,1.22,115.9,42.0,Foggy,Low,Delayed,3.7
137,BUS10137,WB79A2361,2024-12-28,Ahmedabad,B154,Chandkheda-Isanpur,Chandkheda Stop,Isanpur Terminal,17:35,19:53,76.2,Electric,40,43.0,107.5,30.84,1326.12,5.24,62.88,37.0,Cloudy,Low,Delayed,2.8
1847,BUS11847,DL33B7454,2025-11-17,Hyderabad,B72,Uppal-Mehdipatnam,Uppal Terminal,Mehdipatnam Stand,21:50,05:01,90.9,Mini Bus,31,0.0,0.0,28.25,0.0,18.95,1800.25,0.0,,High,Cancelled,2.1
881,BUS10881,TS74C9447,2024-11-11,Chennai,L29,Anna Nagar-Guindy,Anna Nagar Stop,Guindy Stop,07:25,09:32,85.8,Non-AC,40,21.0,52.5,22.07,463.47,23.5,2232.5,0.0,Foggy,Low,On Time,4.4
1690,BUS11690,TN50C6596,2025-01-03,Bengaluru,B173,Whitefield-Majestic,Whitefield Stop,Majestic Junction,19:30,21:25,80.0,Non-AC,54,8.0,14.81,23.79,190.32,29.73,2824.35,0.0,Rainy,Low,On Time,3.3
1665,BUS11665,RJ18B9919,2024-08-06,Jaipur,B266,Vidhyadhar Nagar-Sitapura,Vidhyadhar Nagar Terminal,Sitapura Terminal,20:45,23:34,114.4,Mini Bus,28,5.0,17.86,25.98,129.9,29.96,2846.2,0.0,Sunny,Low,On Time,4.0
1950,BUS11950,WB78C2194,2024-11-02,Pune,L260,Kothrud-Viman Nagar,Kothrud Stand,Viman Nagar Stop,15:10,18:03,45.5,Mini Bus,25,2.0,8.0,14.39,28.78,12.49,1186.55,25.0,Foggy,High,Delayed,3.7
1163,BUS11163,DL29C2110,2024-11-11,Lucknow,R221,Vikas Nagar-Kaiserbagh,Vikas Nagar Stop,Kaiserbagh Stop,11:15,13:36,32.7,AC,39,14.0,35.9,20.23,283.22,12.54,1191.3,14.0,Rainy,High,Delayed,2.6
1728,BUS11728,UP54A1617,2024-07-24,Delhi,B68,Dwarka-ITO,Dwarka Stop,ITO Terminal,20:10,21:33,21.5,Non-AC,46,14.0,30.43,20.91,292.74,6.48,615.6,41.0,Foggy,Medium,Delayed,3.1
255,BUS10255,DL95A9659,2025-12-22,Bengaluru,R177,Whitefield-Majestic,Whitefield Stop,Majestic Terminal,06:45,07:42,19.5,Mini Bus,32,8.0,25.0,13.62,108.96,3.91,371.45,0.0,Cloudy,High,On Time,3.5
876,BUS10876,RJ17A5389,2024-07-03,Chennai,R246,Anna Nagar-Guindy,Anna Nagar Stop,Guindy Stand,19:00,19:22,15.1,AC,54,46.0,85.19,17.41,800.86,6.18,587.1,0.0,Rainy,Low,On Time,3.7
1440,BUS11440,KA52B3352,2025-12-20,Mumbai,L107,Andheri-Dadar,Andheri Stand,Dadar Terminal,22:25,01:25,59.5,Mini Bus,29,1.0,3.45,20.78,20.78,11.63,1104.85,0.0,Rainy,High,On Time,4.2
551,BUS10551,RJ49C5575,2024-02-10,Chennai,B233,Porur-Egmore,Porur Stop,Egmore Stop,10:40,13:58,118.0,Electric,43,3.0,6.98,29.75,89.25,9.04,108.48,12.0,Rainy,Low,Delayed,2.8
148,BUS10148,DL55A7847,2024-01-14,Chennai,L152,Porur-Egmore,Porur Stand,Egmore Stand,22:20,03:40,69.1,Non-AC,58,58.0,100.0,27.64,1603.12,20.36,1934.2,0.0,Cloudy,High,On Time,3.7
632,BUS10632,DL84B6924,2025-08-14,Hyderabad,L274,LB Nagar-Miyapur,LB Nagar Terminal,Miyapur Junction,10:15,14:26,117.9,AC,51,13.0,25.49,38.82,504.66,49.07,4661.65,25.0,Cloudy,Medium,Delayed,3.7
267,BUS10267,KA67A8296,2025-02-16,Kolkata,L152,Garia-Esplanade,Garia Junction,Esplanade Terminal,10:10,11:40,39.8,Non-AC,57,12.0,21.05,23.15,277.8,12.72,1208.4,2.0,Sunny,Medium,On Time,4.1
885,BUS10885,DL48C6447,2025-06-30,Chennai,R56,Tambaram-Parrys,Tambaram Stand,Parrys Stand,12:20,17:00,97.3,Non-AC,48,18.0,37.5,34.33,617.94,30.36,2884.2,38.0,Cloudy,Medium,Delayed,2.2
1835,BUS11835,TS42B5563,2024-08-27,Jaipur,R288,Jagatpura-Sanganer,Jagatpura Stop,Sanganer Junction,05:30,08:50,85.6,Mini Bus,33,39.0,118.18,22.92,893.88,20.0,1900.0,0.0,Rainy,Medium,On Time,
61,BUS10061,GJ53B5121,2025-07-21,Pune,B270,Hadapsar-Shivajinagar,Hadapsar Terminal,Shivajinagar Junction,06:20,08:27,38.7,Mini Bus,31,20.0,64.52,18.51,370.2,7.46,708.7,36.0,Sunny,Medium,Delayed,3.6
1378,BUS11378,KA91A5611,2024-11-24,Pune,L209,Aundh-Camp,Aundh Stop,Camp Junction,18:45,23:34,72.5,Electric,36,16.0,44.44,26.29,420.64,5.62,67.44,0.0,Rainy,High,On Time,3.4
1771,BUS11771,WB11B5519,2024-08-20,Lucknow,B104,Gomti Nagar-Charbagh,Gomti Nagar Stop,Charbagh Stop,12:45,13:54,28.5,Non-AC,45,47.0,104.44,12.79,601.13,8.33,791.35,,Sunny,Medium,Delayed,2.2
796,BUS10796,RJ44A1278,2025-11-26,Mumbai,B262,Powai-Churchgate,Powai Terminal,Churchgate Terminal,09:35,14:32,75.1,Electric,36,11.0,30.56,27.09,297.99,7.24,86.88,2.0,Foggy,High,On Time,3.4
813,BUS10813,MH41A9458,2025-10-12,Lucknow,B116,Gomti Nagar-Charbagh,Gomti Nagar Junction,Charbagh Stop,08:00,12:08,56.9,Non-AC,60,9.0,15.0,20.24,182.16,17.31,1644.45,0.0,Foggy,High,On Time,4.7
345,BUS10345,DL35C5038,2024-02-21,Pune,R46,Hinjewadi-Swargate,Hinjewadi Junction,Swargate Junction,20:30,21:16,30.1,AC,49,48.0,97.96,35.68,1712.64,8.53,810.35,0.0,Cloudy,Low,On Time,
1806,BUS11806,RJ36B2872,2025-06-27,Bengaluru,R102,Marathahalli-Banashankari,Marathahalli Terminal,Banashankari Stop,13:20,13:51,19.9,AC,36,21.0,58.33,18.55,389.55,8.23,781.85,1.0,Cloudy,Low,On Time,3.7
1032,BUS11032,TN98A7226,2024-08-10,Lucknow,R154,Vikas Nagar-Kaiserbagh,Vikas Nagar Stand,Kaiserbagh Stand,17:05,18:11,21.4,AC,43,22.0,51.16,33.71,741.62,8.57,814.15,33.0,Cloudy,Low,Delayed,3.9
1902,BUS11902,TS26A3372,2024-08-10,Kolkata,B222,Behala-Sealdah,Behala Stand,Sealdah Stop,18:40,20:56,64.9,Electric,38,15.0,39.47,33.87,508.05,5.94,71.28,0.0,Sunny,Medium,On Time,3.9
45,BUS10045,RJ87C9074,2024-09-11,Hyderabad,B6,LB Nagar-Miyapur,LB Nagar Stand,Miyapur Junction,10:00,10:17,10.1,AC,47,26.0,55.32,20.51,533.26,3.69,350.55,1.0,Foggy,Low,On Time,4.6
1721,BUS11721,KA76C9175,2025-02-10,Lucknow,B8,Gomti Nagar-Charbagh,Gomti Nagar Stand,Charbagh Stop,08:15,12:19,80.8,Non-AC,47,45.0,95.74,29.27,1317.15,26.8,2546.0,9.0,Cloudy,High,On Time,3.3
1843,BUS11843,GJ57A7057,2025-08-24,Pune,B213,Wagholi-Katraj,Wagholi Stop,Katraj Terminal,05:15,05:52,16.9,Mini Bus,32,23.0,71.88,14.84,341.32,3.13,297.35,0.0,Sunny,Medium,On Time,4.3
285,BUS10285,UP56C1010,2025-07-09,Hyderabad,L117,Kukatpally-Secunderabad,Kukatpally Stop,Secunderabad Junction,09:05,09:29,17.9,Non-AC,60,0.0,0.0,20.46,0.0,6.07,576.65,0.0,Rainy,Low,On Time,
867,BUS10867,DL79A1341,2025-04-24,Jaipur,R95,Malviya Nagar-Sindhi Camp,Malviya Nagar Stop,Sindhi Camp Stand,07:15,08:21,9.0,Mini Bus,28,27.0,96.43,13.14,354.78,2.48,235.6,30.0,Cloudy,High,Delayed,3.7
751,BUS10751,RJ88A1880,2025-03-29,Lucknow,R204,Vikas Nagar-Kaiserbagh,Vikas Nagar Stand,Kaiserbagh Terminal,06:15,09:02,22.7,Non-AC,55,57.0,103.64,11.41,650.37,6.81,646.95,89.0,Rainy,High,Delayed,3.7
336,BUS10336,TN75A2405,2025-06-12,Kolkata,R160,Salt Lake-Howrah,Salt Lake Terminal,Howrah Stop,11:55,12:17,16.3,Mini Bus,32,19.0,59.38,14.75,280.25,4.17,396.15,0.0,Cloudy,Low,On Time,4.6
996,BUS10996,TN70A5708,2024-02-03,Bengaluru,B115,Marathahalli-Banashankari,Marathahalli Stand,Banashankari Terminal,10:00,13:28,88.2,Mini Bus,26,28.0,107.69,25.15,704.2,16.55,1572.25,,Rainy,Medium,Delayed,3.5
1389,BUS11389,GJ14C7351,2024-08-18,Pune,R161,Wagholi-Katraj,Wagholi Junction,Katraj Stand,22:45,23:00,6.7,Non-AC,47,5.0,10.64,16.89,84.45,1.83,173.85,5.0,Foggy,Low,On Time,4.5
361,BUS10361,WB55C9764,2024-06-02,Bengaluru,B33,Jayanagar-KR Puram,Jayanagar Junction,KR Puram Stand,14:00,15:19,53.8,Mini Bus,26,26.0,100.0,20.77,540.02,14.7,1396.5,5.0,Rainy,Low,On Time,4.8
1632,BUS11632,DL97B2242,2025-06-12,Hyderabad,B276,LB Nagar-Miyapur,LB Nagar Terminal,Miyapur Terminal,13:00,15:36,54.2,AC,39,23.0,58.97,40.46,930.58,18.22,1730.9,0.0,Sunny,High,On Time,3.9
431,BUS10431,TN65B3835,2025-06-01,Ahmedabad,L245,Vastrapur-Kalupur,Vastrapur Stand,Kalupur Junction,08:50,12:41,65.3,Electric,44,37.0,84.09,30.14,1115.18,5.23,62.76,4.0,Foggy,High,On Time,3.2
1562,BUS11562,RJ99B1342,2024-02-15,Pune,B219,Aundh-Camp,Aundh Terminal,Camp Stand,10:35,11:32,43.2,AC,50,50.0,100.0,39.4,1970.0,14.01,1330.95,0.0,Sunny,Low,On Time,4.6
1070,BUS11070,KA56A1763,2024-02-02,Delhi,L174,Dwarka-ITO,Dwarka Terminal,ITO Junction,22:55,00:07,32.4,AC,37,35.0,94.59,37.8,1323.0,9.23,876.85,11.0,Foggy,Medium,Delayed,2.6
874,BUS10874,TN72A3769,2024-10-01,Bengaluru,R228,Whitefield-Majestic,Whitefield Terminal,Majestic Terminal,10:35,,42.1,Non-AC,51,61.0,119.61,15.04,917.44,13.74,1305.3,0.0,Rainy,High,On Time,
1237,BUS11237,MH22C9307,2024-10-03,Chennai,R251,Porur-Egmore,Porur Stop,Egmore Stand,09:50,13:55,96.6,Non-AC,42,4.0,9.52,31.89,127.56,26.76,2542.2,30.0,Cloudy,Medium,Delayed,3.6
1652,BUS11652,DL62B2986,2025-10-11,Jaipur,B108,Jagatpura-Sanganer,Jagatpura Terminal,Sanganer Terminal,11:20,15:07,110.6,Non-AC,40,10.0,25.0,34.7,347.0,31.07,2951.65,6.0,Sunny,Medium,On Time,4.6
1227,BUS11227,KA58C6355,2024-07-03,Delhi,R167,Noida-Nehru Place,Noida Stand,Nehru Place Junction,08:10,09:07,37.2,AC,40,7.0,17.5,35.93,251.51,12.3,1168.5,0.0,Cloudy,Low,On Time,3.7
1173,BUS11173,RJ15B7150,2024-10-25,Lucknow,L52,Indira Nagar-Hazratganj,Indira Nagar Junction,Hazratganj Stand,20:55,23:24,48.4,AC,46,12.0,26.09,38.77,465.24,14.35,1363.25,0.0,Foggy,High,On Time,4.4
1233,BUS11233,DL92B3294,2025-11-26,Mumbai,B226,Thane-CST,Thane Stand,CST Terminal,09:00,11:17,84.5,Non-AC,53,27.0,50.94,25.14,678.78,23.71,2252.45,24.0,Foggy,Low,Delayed,2.3
427,BUS10427,TN94B3662,2025-08-10,Delhi,R113,Noida-Nehru Place,Noida Stop,Nehru Place Stop,18:25,19:08,11.0,Non-AC,54,0.0,0.0,11.57,0.0,4.06,385.7,0.0,Rainy,High,Cancelled,
1936,BUS11936,WB92B5961,2024-12-18,Chennai,B202,Porur-Egmore,Porur Terminal,Egmore Terminal,19:00,21:44,119.2,Non-AC,42,2.0,4.76,32.67,65.34,36.62,3478.9,0.0,Rainy,Low,On Time,4.4
702,BUS10702,UP19B5424,2024-03-08,Kolkata,R63,Jadavpur-Barasat,Jadavpur Stop,Barasat Junction,17:15,21:15,102.2,Mini Bus,32,36.0,112.5,27.38,985.68,24.26,2304.7,83.0,Foggy,Low,Delayed,3.4
543,BUS10543,GJ89C5093,2025-06-08,Chennai,B78,Adyar-Broadway,Adyar Stop,Broadway Stop,08:45,11:51,108.3,Electric,49,37.0,75.51,30.4,1124.8,7.99,95.88,15.0,Rainy,Low,Delayed,3.6
871,BUS10871,MH81A1036,2024-02-22,Lucknow,R194,Gomti Nagar-Charbagh,Gomti Nagar Stop,Charbagh Terminal,12:40,17:08,71.2,Non-AC,47,48.0,102.13,22.14,1062.72,22.57,2144.15,0.0,Foggy,High,On Time,3.7
850,BUS10850,DL33C9961,2025-06-28,Bengaluru,R28,Jayanagar-KR Puram,Jayanagar Junction,KR Puram Junction,16:25,19:27,48.8,Non-AC,49,40.0,81.63,15.79,631.6,18.29,1737.55,11.0,Rainy,High,Delayed,3.4
1022,BUS11022,KA97B1998,2024-07-04,Ahmedabad,B231,Bopal-Naroda,Bopal Stand,Naroda Junction,19:10,21:58,81.4,Mini Bus,27,32.0,118.52,25.15,804.8,16.97,1612.15,0.0,Foggy,Medium,On Time,3.9
1636,BUS11636,GJ46C1446,2024-12-01,Lucknow,B151,Alambagh-Aliganj,Alambagh Terminal,Aliganj Stop,08:15,12:08,71.6,Electric,50,29.0,58.0,26.59,771.11,6.96,83.52,,Foggy,High,On Time,4.0
1881,BUS11881,KA49C3793,2024-05-06,Delhi,L187,Noida-Nehru Place,Noida Terminal,Nehru Place Stop,09:25,12:53,40.3,Mini Bus,32,23.0,71.88,15.98,367.54,9.19,873.05,73.0,Foggy,High,Delayed,2.1
1921,BUS11921,WB63C7686,2024-07-13,Bengaluru,B71,Electronic City-Hebbal,Electronic City Stand,Hebbal Junction,14:15,15:24,31.9,AC,48,16.0,33.33,24.99,399.84,11.21,1064.95,1.0,Sunny,Medium,On Time,4.8
1401,BUS11401,GJ59A7427,2025-01-01,Jaipur,B263,Mansarovar-Amer,Mansarovar Terminal,Amer Stand,09:35,12:47,96.5,Mini Bus,30,0.0,0.0,27.57,0.0,18.29,1737.55,44.0,Rainy,Low,Delayed,4.0
1297,BUS11297,UP55C4195,2024-06-17,Pune,L241,Aundh-Camp,Aundh Stop,Camp Stand,07:20,07:49,7.6,Non-AC,57,50.0,87.72,11.26,563.0,2.51,238.45,0.0,Rainy,High,On Time,3.9
746,BUS10746,TN65B2403,2024-02-13,Mumbai,L246,Kurla-Bandra,Kurla Stand,Bandra Stand,17:10,19:40,47.6,Non-AC,55,0.0,0.0,20.58,0.0,14.6,1387.0,0.0,Rainy,High,On Time,3.6
935,BUS10935,TS79A4905,2024-03-20,Chennai,L47,Tambaram-Parrys,Tambaram Stop,Parrys Stand,21:20,02:55,83.6,AC,40,15.0,37.5,,623.25,29.3,2783.5,3.0,Sunny,High,On Time,4.2
654,BUS10654,MH97C2261,2025-11-24,Chennai,R280,Anna Nagar-Guindy,Anna Nagar Stand,Guindy Junction,11:45,13:14,49.8,Electric,30,29.0,96.67,32.25,935.25,3.15,37.8,0.0,Cloudy,Medium,On Time,4.2
501,BUS10501,TN49A3252,2025-08-11,Ahmedabad,B133,Chandkheda-Isanpur,Chandkheda Stop,Isanpur Stop,18:40,20:58,47.0,AC,35,12.0,34.29,33.99,407.88,19.64,1865.8,0.0,Foggy,High,On Time,3.2
1155,BUS11155,UP36C2208,2024-06-06,Hyderabad,R154,LB Nagar-Miyapur,LB Nagar Terminal,Miyapur Stand,18:05,20:23,80.8,Mini Bus,26,16.0,61.54,19.85,317.6,21.55,2047.25,14.0,Sunny,Low,Delayed,3.7
279,BUS10279,WB38C4879,2024-09-10,Ahmedabad,L49,Vastrapur-Kalupur,Vastrapur Terminal,Kalupur Junction,19:55,23:37,99.0,Mini Bus,33,4.0,12.12,24.3,97.2,22.54,2141.3,23.0,Foggy,Medium,Delayed,3.3
650,BUS10650,GJ79B8049,2025-07-02,Jaipur,B27,Vidhyadhar Nagar-Sitapura,Vidhyadhar Nagar Terminal,Sitapura Stand,15:15,21:09,119.5,Electric,33,10.0,30.3,33.75,337.5,10.63,127.56,12.0,Foggy,High,Delayed,
1700,BUS11700,KA63C1484,2024-02-11,Chennai,L249,Porur-Egmore,Porur Stand,Egmore Stand,05:55,08:03,85.0,Mini Bus,30,0.0,0.0,27.5,0.0,16.43,1560.85,0.0,Sunny,Low,Cancelled,2.1
1780,BUS11780,WB42A8537,2024-08-21,Ahmedabad,L175,Chandkheda-Isanpur,Chandkheda Stop,Isanpur Stop,15:00,16:15,29.1,AC,42,16.0,38.1,27.63,442.08,10.48,995.6,0.0,Rainy,Medium,On Time,4.1
1922,BUS11922,GJ91C2524,2024-09-10,Chennai,B84,Porur-Egmore,Porur Stop,Egmore Stand,11:50,17:06,70.9,Non-AC,44,14.0,31.82,29.94,419.16,20.83,1978.85,0.0,Sunny,,On Time,3.0
1682,BUS11682,RJ87C5026,2024-11-26,Hyderabad,R182,LB Nagar-Miyapur,LB Nagar Junction,Miyapur Stop,09:15,13:18,105.6,Non-AC,42,18.0,42.86,35.46,638.28,27.34,2597.3,0.0,Foggy,Medium,On Time,4.8
771,BUS10771,KA87A9166,2025-08-22,Hyderabad,B218,Gachibowli-Koti,Gachibowli Stop,Koti Junction,06:55,10:45,108.1,AC,54,64.0,118.52,37.76,2416.64,36.34,3452.3,15.0,Foggy,Medium,Delayed,2.6
1859,BUS11859,UP40C2652,2025-06-22,Kolkata,B158,Jadavpur-Barasat,Jadavpur Stop,Barasat Stop,05:35,09:10,64.4,AC,41,16.0,39.02,37.54,600.64,18.81,1786.95,0.0,Rainy,High,On Time,3.7
1856,BUS11856,WB55A9023,2025-06-22,Ahmedabad,R287,Maninagar-Gota,Maninagar Stand,Gota Junction,11:10,13:05,25.2,Mini Bus,32,37.0,,16.07,594.59,5.99,569.05,11.0,Rainy,High,Delayed,3.2
1913,BUS11913,DL32C3453,2024-01-02,Kolkata,R257,Garia-Esplanade,Garia Stand,Esplanade Junction,15:35,19:11,86.4,AC,36,42.0,116.67,31.32,1315.44,30.76,2922.2,0.0,Sunny,Medium,On Time,4.8
1838,BUS11838,DL18C8291,2024-02-14,Delhi,B230,Rajouri Garden-Anand Vihar,Rajouri Garden Terminal,Anand Vihar Stand,13:10,13:54,32.1,AC,36,30.0,83.33,35.21,1056.3,9.07,861.65,0.0,Sunny,Low,On Time,3.6
1175,BUS11175,TN96C2008,2025-10-09,Ahmedabad,L188,Satellite-Vastral,Satellite Junction,Vastral Terminal,11:10,13:19,38.3,AC,55,42.0,76.36,26.74,1123.08,11.98,1138.1,0.0,Rainy,High,On Time,4.4
894,BUS10894,DL94B3724,2025-05-21,Pune,R286,Kothrud-Viman Nagar,Kothrud Stop,Viman Nagar Terminal,11:55,16:08,99.6,Non-AC,53,58.0,,29.07,1686.06,35.25,3348.75,14.0,Cloudy,Medium,Delayed,2.9
1452,BUS11452,RJ82C7705,2025-02-15,Delhi,L39,Saket-Karol Bagh,Saket Stand,Karol Bagh Stand,07:05,09:31,91.4,Electric,38,43.0,113.16,25.26,1086.18,8.22,98.64,0.0,Sunny,Low,On Time,4.8
1622,BUS11622,KA74C2839,2024-04-22,Pune,B72,Hinjewadi-Swargate,Hinjewadi Stand,Swargate Junction,09:50,17:09,119.3,Electric,30,25.0,83.33,32.78,819.5,6.64,79.68,15.0,Cloudy,High,Delayed,3.4
1726,BUS11726,KA79B2499,2025-10-17,Pune,R289,Kothrud-Viman Nagar,Kothrud Junction,Viman Nagar Stop,06:20,06:37,7.9,AC,52,10.0,19.23,19.82,198.2,3.09,293.55,0.0,Rainy,Medium,On Time,4.9
1660,BUS11660,DL40A4310,2024-10-15,Delhi,B53,Rajouri Garden-Anand Vihar,Rajouri Garden Junction,Anand Vihar Stand,05:50,08:34,103.4,AC,46,48.0,104.35,38.67,1856.16,39.28,3731.6,0.0,Rainy,Low,On Time,4.5
1454,BUS11454,DL43A4238,2024-05-24,Mumbai,B128,Andheri-Dadar,Andheri Junction,Dadar Junction,17:10,19:36,47.3,Mini Bus,29,17.0,58.62,14.53,247.01,8.8,836.0,41.0,Cloudy,Medium,Delayed,2.9
1337,BUS11337,MH13B6990,2025-07-01,Hyderabad,L183,LB Nagar-Miyapur,LB Nagar Stand,Miyapur Junction,13:40,16:43,119.8,Mini Bus,31,7.0,22.58,32.53,227.71,32.73,3109.35,0.0,Foggy,Low,On Time,4.7
1864,BUS11864,MH66B3802,2024-10-02,Delhi,L219,Saket-Karol Bagh,Saket Stop,Karol Bagh Terminal,11:25,13:42,35.3,Electric,47,29.0,61.7,24.76,718.04,2.19,26.28,0.0,Rainy,High,On Time,3.0
1434,BUS11434,WB48A8926,2024-02-06,Mumbai,L129,Andheri-Dadar,Andheri Terminal,Dadar Junction,12:55,15:51,35.2,Electric,44,3.0,6.82,17.64,52.92,3.43,41.16,13.0,Foggy,High,Delayed,3.7
1450,BUS11450,KA78C5196,2025-04-11,Hyderabad,R21,Gachibowli-Koti,Gachibowli Junction,Koti Stand,20:50,21:39,30.1,Mini Bus,26,23.0,88.46,18.59,427.57,6.4,608.0,6.0,Foggy,Low,On Time,3.7
371,BUS10371,KA56A3729,2025-11-03,Jaipur,L43,Jagatpura-Sanganer,Jagatpura Junction,Sanganer Stop,19:10,22:53,68.2,AC,45,40.0,88.89,35.61,1424.4,22.83,2168.85,3.0,Cloudy,High,On Time,4.2
1603,BUS11603,DL62C5887,2025-08-09,Pune,L146,Hadapsar-Shivajinagar,Hadapsar Stand,Shivajinagar Terminal,14:45,18:03,116.2,Non-AC,47,15.0,31.91,27.72,415.8,38.42,3649.9,0.0,Cloudy,Low,On Time,4.1
1955,BUS11955,TS57C6427,2024-10-04,Hyderabad,R13,Gachibowli-Koti,Gachibowli Stop,Koti Stand,12:50,13:48,12.4,Electric,41,43.0,104.88,16.29,700.47,1.14,13.68,0.0,Foggy,High,On Time,4.6
259,BUS10259,GJ18B4934,2025-07-28,Kolkata,R67,Jadavpur-Barasat,Jadavpur Junction,Barasat Stop,21:25,23:19,64.5,Non-AC,53,15.0,28.3,22.08,331.2,18.13,1722.35,0.0,Sunny,Medium,On Time,3.3
1825,BUS11825,GJ67B1539,2025-10-08,Lucknow,B166,Vikas Nagar-Kaiserbagh,Vikas Nagar Terminal,Kaiserbagh Junction,22:25,04:06,103.7,AC,37,22.0,59.46,45.12,992.64,35.37,3360.15,0.0,Sunny,High,On Time,4.9
1667,BUS11667,TN61B4886,2024-05-15,Kolkata,B143,Salt Lake-Howrah,Salt Lake Junction,Howrah Junction,11:05,11:42,27.0,Mini Bus,33,32.0,96.97,15.97,511.04,4.96,471.2,0.0,Cloudy,Low,On Time,3.1
1462,BUS11462,DL79B9749,2024-05-05,Pune,R95,Wagholi-Katraj,Wagholi Stand,Katraj Terminal,18:15,20:27,45.9,Non-AC,60,50.0,83.33,19.28,964.0,14.11,1340.45,0.0,Sunny,High,On Time,3.9
1697,BUS11697,MH11C6123,2025-05-22,Mumbai,R158,Thane-CST,Thane Junction,CST Stop,14:55,16:08,49.0,Mini Bus,32,16.0,50.0,21.68,346.88,9.98,948.1,7.0,Rainy,Low,On Time,3.7
141,BUS10141,UP17A6046,2025-06-17,Ahmedabad,L178,Bopal-Naroda,Bopal Terminal,Naroda Terminal,10:50,12:08,40.9,AC,53,25.0,47.17,33.55,838.75,16.77,1593.15,0.0,Foggy,Medium,On Time,3.2
452,BUS10452,KA33A9557,2024-07-31,Jaipur,L165,Jagatpura-Sanganer,Jagatpura Stand,Sanganer Junction,18:25,19:39,49.8,Non-AC,46,2.0,4.35,17.39,34.78,14.8,1406.0,0.0,Rainy,Low,On Time,3.5
1626,BUS11626,WB36B1107,2024-03-10,Pune,R25,Aundh-Camp,Aundh Stand,Camp Terminal,13:20,15:51,82.7,Mini Bus,32,26.0,81.25,20.32,528.32,15.96,1516.2,0.0,Rainy,Medium,On Time,4.7
995,BUS10995,WB73B5232,2025-03-09,Pune,R42,Kothrud-Viman Nagar,Kothrud Terminal,Viman Nagar Junction,16:45,18:35,34.4,Electric,47,55.0,117.02,21.74,1195.7,2.91,34.92,32.0,Sunny,Medium,Delayed,3.8
1696,BUS11696,TN18B4322,2025-07-16,Jaipur,B172,Jagatpura-Sanganer,Jagatpura Terminal,Sanganer Stop,18:45,22:01,84.7,Electric,46,0.0,0.0,37.17,0.0,7.17,86.04,0.0,Sunny,Medium,Cancelled,2.3
78,BUS10078,TS25B9087,2025-08-22,Ahmedabad,B49,Bopal-Naroda,Bopal Terminal,Naroda Stand,21:20,21:57,17.7,AC,47,52.0,110.64,18.03,937.56,6.53,620.35,11.0,Foggy,Low,Delayed,3.2
1627,BUS11627,RJ19A9770,2024-09-17,Chennai,R183,Porur-Egmore,Porur Junction,Egmore Stop,19:55,21:08,26.3,Non-AC,51,43.0,84.31,23.89,1027.27,7.47,709.65,32.0,Rainy,Low,Delayed,3.6
357,BUS10357,RJ63C2932,2024-07-18,Delhi,R186,Rajouri Garden-Anand Vihar,Rajouri Garden Stop,Anand Vihar Stand,22:10,01:59,88.0,Non-AC,59,22.0,37.29,24.06,529.32,22.47,2134.65,73.0,Rainy,Medium,Delayed,2.6
1194,BUS11194,TS38A4013,2024-10-06,Hyderabad,R19,LB Nagar-Miyapur,LB Nagar Terminal,Miyapur Stop,12:25,14:35,64.4,Mini Bus,33,34.0,103.03,23.57,801.38,14.3,1358.5,11.0,Sunny,Medium,Delayed,2.7
1117,BUS11117,TS29B7615,2025-10-06,Mumbai,B198,Borivali-Colaba,Borivali Stand,Colaba Junction,10:10,11:55,78.5,Mini Bus,30,27.0,90.0,23.6,637.2,20.53,1950.35,0.0,Rainy,Low,On Time,3.1
508,BUS10508,TS40C7460,2024-02-10,Pune,R120,Aundh-Camp,Aundh Terminal,Camp Stop,15:25,21:52,78.4,Electric,30,4.0,13.33,34.44,137.76,5.77,69.24,58.0,Sunny,,Delayed,2.8
1067,BUS11067,TS77A4235,2024-03-25,Delhi,R41,Saket-Karol Bagh,Saket Stand,Karol Bagh Terminal,15:55,18:08,93.9,Non-AC,48,47.0,97.92,23.18,1089.46,33.11,3145.45,0.0,Foggy,Low,On Time,4.6
1443,BUS11443,KA59C6439,2024-06-21,Hyderabad,L255,Kukatpally-Secunderabad,Kukatpally Terminal,Secunderabad Terminal,11:45,16:02,65.6,Mini Bus,33,5.0,15.15,19.78,98.9,17.39,1652.05,0.0,Cloudy,High,On Time,4.0
625,BUS10625,MH47C5353,2025-09-13,Mumbai,B243,Andheri-Dadar,Andheri Terminal,Dadar Stand,17:20,20:05,116.1,Mini Bus,35,31.0,,28.55,885.05,28.63,2719.85,0.0,Cloudy,Low,On Time,
1001,BUS11001,MH10B1687,2024-05-16,Jaipur,L135,Vaishali Nagar-Badi Chaupar,Vaishali Nagar Terminal,Badi Chaupar Junction,05:30,09:40,82.5,Electric,47,4.0,8.51,28.3,113.2,7.52,90.24,43.0,Rainy,Medium,Delayed,3.6
1770,BUS11770,UP47C8968,2024-09-21,Lucknow,R6,Vikas Nagar-Kaiserbagh,Vikas Nagar Junction,Kaiserbagh Stop,21:15,00:59,92.5,Electric,44,0.0,0.0,38.27,0.0,7.78,93.36,0.0,Rainy,Medium,Cancelled,2.4
1920,BUS11920,TN71C1959,2024-11-28,Bengaluru,B266,Electronic City-Hebbal,Electronic City Stand,Hebbal Stand,08:15,08:45,9.0,Mini Bus,27,21.0,77.78,15.75,330.75,2.17,206.15,5.0,Sunny,High,On Time,4.9
24,BUS10024,MH80A3797,2025-04-28,Kolkata,L71,Dum Dum-Park Street,Dum Dum Junction,Park Street Stop,18:25,19:55,37.4,Electric,50,13.0,26.0,23.12,300.56,3.39,40.68,0.0,Cloudy,Medium,On Time,3.9
1463,BUS11463,KA24C2112,2025-01-01,Pune,L67,Hinjewadi-Swargate,Hinjewadi Stand,Swargate Stop,22:10,01:04,57.7,Mini Bus,34,22.0,64.71,23.08,507.76,11.17,,0.0,Rainy,High,On Time,5.0
749,BUS10749,MH72A2224,2024-12-05,Jaipur,B230,Jagatpura-Sanganer,Jagatpura Terminal,Sanganer Terminal,20:20,00:39,68.3,Mini Bus,28,27.0,96.43,24.45,660.15,18.22,1730.9,0.0,Cloudy,High,On Time,3.4
677,BUS10677,RJ69A9883,2025-03-01,Jaipur,R62,Malviya Nagar-Sindhi Camp,Malviya Nagar Terminal,Sindhi Camp Stop,21:30,01:57,104.6,AC,37,9.0,24.32,38.23,344.07,32.03,3042.85,2.0,Sunny,Medium,On Time,4.8
1229,BUS11229,UP87C2258,2024-10-06,Chennai,R166,Anna Nagar-Guindy,Anna Nagar Stand,Guindy Stop,11:10,17:05,86.7,Non-AC,59,19.0,32.2,32.24,612.56,23.93,2273.35,0.0,Rainy,High,On Time,4.2
1641,BUS11641,TS78A1268,2025-12-15,Mumbai,R97,Kurla-Bandra,Kurla Junction,Bandra Junction,17:20,18:43,35.0,Mini Bus,25,19.0,76.0,13.52,256.88,8.39,797.05,6.0,Cloudy,Medium,On Time,4.1
939,BUS10939,MH87A9610,2025-08-10,Delhi,L127,Saket-Karol Bagh,Saket Stop,Karol Bagh Stop,12:00,13:46,74.0,Mini Bus,25,15.0,60.0,20.77,311.55,18.19,1728.05,7.0,Cloudy,Low,On Time,4.1
805,BUS10805,GJ78C9174,2025-08-19,Jaipur,B78,Vidhyadhar Nagar-Sitapura,Vidhyadhar Nagar Terminal,Sitapura Terminal,14:45,15:05,9.2,Mini Bus,29,32.0,110.34,10.72,343.04,2.33,221.35,0.0,Foggy,Medium,On Time,3.2
1644,BUS11644,WB19B3488,2025-06-14,Pune,L279,Kothrud-Viman Nagar,Kothrud Terminal,Viman Nagar Junction,19:50,23:07,58.6,Non-AC,48,12.0,25.0,26.1,313.2,14.82,1407.9,0.0,Rainy,High,On Time,3.2
1724,BUS11724,TS94A6022,2025-07-17,Jaipur,L240,Vidhyadhar Nagar-Sitapura,Vidhyadhar Nagar Terminal,Sitapura Terminal,14:30,15:16,33.0,AC,36,15.0,41.67,38.78,581.7,10.76,1022.2,,Rainy,Low,On Time,4.7
1241,BUS11241,DL46B9322,2024-06-28,Hyderabad,B298,Dilsukhnagar-Ameerpet,Dilsukhnagar Terminal,Ameerpet Terminal,20:45,22:54,39.0,Electric,33,15.0,45.45,26.71,400.65,3.09,37.08,14.0,Sunny,High,Delayed,2.5
994,BUS10994,MH86C5593,2024-07-09,Jaipur,R94,Malviya Nagar-Sindhi Camp,Malviya Nagar Junction,Sindhi Camp Stand,07:10,09:14,53.1,Electric,33,17.0,51.52,29.66,504.22,3.57,42.84,0.0,Foggy,Medium,On Time,4.1
918,BUS10918,MH30B7132,2025-09-24,Pune,B113,Hinjewadi-Swargate,Hinjewadi Stop,Swargate Junction,20:25,00:13,91.3,Electric,48,29.0,60.42,,878.41,7.45,89.4,32.0,Sunny,Medium,Delayed,3.2
1795,BUS11795,RJ49A7820,2024-01-26,Mumbai,L25,Kurla-Bandra,Kurla Junction,Bandra Terminal,16:40,18:58,66.4,Electric,47,38.0,80.85,26.82,1019.16,4.11,49.32,0.0,Sunny,Medium,On Time,4.8
1080,BUS11080,UP88A1283,2024-07-09,Delhi,R150,Saket-Karol Bagh,Saket Stop,Karol Bagh Terminal,21:05,01:48,85.5,AC,46,43.0,93.48,34.71,1492.53,28.94,2749.3,5.0,,High,On Time,4.2
1408,BUS11408,GJ47B3963,2024-02-02,Hyderabad,B188,LB Nagar-Miyapur,LB Nagar Stand,Miyapur Terminal,05:05,09:49,93.5,Electric,45,42.0,93.33,28.47,1195.74,5.64,67.68,0.0,Sunny,High,On Time,4.3
825,BUS10825,DL20C8338,2024-09-29,Chennai,L168,Anna Nagar-Guindy,Anna Nagar Stop,Guindy Stop,13:55,14:50,21.4,AC,47,25.0,53.19,36.15,903.75,8.48,805.6,5.0,Foggy,Medium,On Time,3.5
843,BUS10843,RJ26B8361,2025-09-13,Lucknow,R175,Chinhat-Aminabad,Chinhat Junction,Aminabad Stand,13:10,19:08,104.6,Electric,48,0.0,0.0,28.32,0.0,8.65,103.8,0.0,Cloudy,High,Cancelled,1.6
337,BUS10337,TS95C5173,2025-05-13,Bengaluru,L68,Marathahalli-Banashankari,Marathahalli Terminal,Banashankari Stand,14:50,16:19,51.1,AC,44,52.0,118.18,24.21,1258.92,17.95,1705.25,2.0,Sunny,Low,On Time,
1418,BUS11418,DL59B7330,2024-08-11,Jaipur,B202,Vaishali Nagar-Badi Chaupar,Vaishali Nagar Stop,Badi Chaupar Junction,17:15,20:22,37.7,Electric,30,25.0,83.33,16.41,410.25,1.93,23.16,0.0,Sunny,High,On Time,3.2
320,BUS10320,TS69C1345,2025-06-24,Delhi,R272,Dwarka-ITO,Dwarka Stop,ITO Stand,13:05,15:34,76.2,Mini Bus,29,23.0,79.31,25.73,591.79,17.99,1709.05,0.0,Cloudy,Medium,On Time,3.4
1302,BUS11302,DL47A6857,2024-01-26,Bengaluru,R259,Whitefield-Majestic,Whitefield Stop,Majestic Terminal,07:30,13:45,117.7,Mini Bus,27,20.0,74.07,31.25,625.0,32.25,3063.75,14.0,Cloudy,High,Delayed,2.9
979,BUS10979,UP27A3315,2024-08-27,Chennai,L97,Tambaram-Parrys,Tambaram Junction,Parrys Stand,08:25,13:14,119.7,Mini Bus,34,26.0,76.47,25.81,671.06,31.67,3008.65,13.0,Foggy,Medium,Delayed,3.2
481,BUS10481,UP25A8702,2024-03-30,Lucknow,L161,Indira Nagar-Hazratganj,Indira Nagar Junction,Hazratganj Stop,08:55,10:01,42.6,Non-AC,56,40.0,71.43,18.11,724.4,15.44,1466.8,8.0,Sunny,Low,On Time,3.2
1570,BUS11570,DL69A3934,2024-02-27,Lucknow,L223,Vikas Nagar-Kaiserbagh,Vikas Nagar Junction,Kaiserbagh Stand,17:30,23:32,93.0,Mini Bus,26,12.0,46.15,28.65,343.8,24.16,2295.2,10.0,Rainy,High,On Time,4.1
1858,BUS11858,TS84C2875,2025-04-15,Lucknow,L268,Indira Nagar-Hazratganj,Indira Nagar Stand,Hazratganj Stand,10:40,11:11,9.1,Non-AC,53,30.0,56.6,10.89,326.7,2.53,240.35,1.0,Rainy,High,On Time,4.7
440,BUS10440,TN83C2508,2024-08-27,Kolkata,L54,Jadavpur-Barasat,Jadavpur Terminal,Barasat Terminal,20:55,21:25,5.6,Electric,48,42.0,87.5,19.55,821.1,0.5,6.0,8.0,Sunny,High,On Time,3.3
11,BUS10011,RJ33C1064,2024-06-02,Jaipur,L67,Jagatpura-Sanganer,Jagatpura Terminal,Sanganer Stand,10:10,12:23,59.5,AC,52,12.0,23.08,29.46,353.52,23.09,2193.55,40.0,Foggy,Low,Delayed,3.1
557,BUS10557,DL40A3129,2025-03-04,Kolkata,B96,Jadavpur-Barasat,Jadavpur Stand,Barasat Stop,14:00,18:24,49.1,Non-AC,58,49.0,84.48,16.24,795.76,17.1,1624.5,48.0,Foggy,High,Delayed,2.6
986,BUS10986,WB98C3343,2024-05-31,Mumbai,L30,Borivali-Colaba,Borivali Junction,Colaba Stop,06:35,10:50,100.8,Non-AC,57,63.0,110.53,25.87,1629.81,32.52,3089.4,85.0,Rainy,Low,Delayed,2.5
676,BUS10676,GJ47A5112,2024-04-23,Mumbai,B61,Andheri-Dadar,Andheri Terminal,Dadar Stop,20:00,21:49,68.6,Electric,35,2.0,5.71,28.04,56.08,4.69,56.28,0.0,Cloudy,Low,On Time,4.3
466,BUS10466,TS95B9328,2025-09-03,Pune,B180,Wagholi-Katraj,Wagholi Stop,Katraj Terminal,08:15,12:27,90.9,AC,46,16.0,34.78,40.11,641.76,33.32,3165.4,7.0,Rainy,Medium,On Time,
351,BUS10351,TN85B6197,2024-01-30,Kolkata,B198,Salt Lake-Howrah,Salt Lake Stand,Howrah Junction,07:15,09:21,84.1,Non-AC,45,42.0,93.33,21.62,908.04,28.2,2679.0,0.0,Foggy,Low,On Time,4.1
817,BUS10817,MH16B7111,2025-12-19,Mumbai,L45,Andheri-Dadar,Andheri Junction,Dadar Terminal,16:45,19:44,48.9,Electric,35,38.0,108.57,22.18,842.84,4.05,48.6,0.0,Foggy,High,On Time,4.6
1561,BUS11561,KA71B2001,2024-10-04,Bengaluru,R153,Whitefield-Majestic,Whitefield Stop,Majestic Stand,06:20,06:44,8.3,Electric,31,7.0,22.58,13.82,96.74,0.45,5.4,0.0,Foggy,High,On Time,4.5
1863,BUS11863,TS35B1714,2024-02-04,Delhi,L64,Rajouri Garden-Anand Vihar,Rajouri Garden Terminal,Anand Vihar Stand,05:05,09:27,81.0,Electric,47,14.0,29.79,22.65,317.1,5.26,63.12,11.0,Foggy,High,Delayed,
266,BUS10266,UP75B3225,2025-07-20,Delhi,R16,Rajouri Garden-Anand Vihar,Rajouri Garden Terminal,Anand Vihar Junction,18:45,20:25,58.9,AC,46,54.0,117.39,41.18,2223.72,24.45,2322.75,0.0,Cloudy,Low,On Time,
1992,BUS11992,KA96A7635,2025-03-30,Kolkata,L204,Dum Dum-Park Street,Dum Dum Stand,Park Street Stop,06:10,07:49,29.9,Non-AC,49,25.0,51.02,12.54,313.5,7.74,735.3,13.0,Sunny,High,Delayed,3.5
600,BUS10600,DL62B2946,2024-05-10,Hyderabad,L188,Uppal-Mehdipatnam,Uppal Terminal,Mehdipatnam Stand,07:05,08:29,62.5,Mini Bus,25,24.0,96.0,18.88,453.12,14.58,1385.1,0.0,Rainy,Low,On Time,
1447,BUS11447,RJ72A7828,2025-04-04,Delhi,R200,Rohini-Connaught Place,Rohini Stand,Connaught Place Stand,13:55,16:47,59.1,Non-AC,48,8.0,16.67,24.23,193.84,20.92,1987.4,87.0,Sunny,Low,Delayed,2.7
138,BUS10138,GJ49B6218,2025-06-02,Pune,B86,Kothrud-Viman Nagar,Kothrud Terminal,Viman Nagar Junction,11:10,12:44,50.0,AC,35,32.0,91.43,35.82,1146.24,14.95,1420.25,11.0,Rainy,Low,Delayed,3.3
1967,BUS11967,DL73A2812,2025-09-01,Pune,R34,Kothrud-Viman Nagar,Kothrud Junction,Viman Nagar Junction,17:40,21:14,91.6,Mini Bus,34,3.0,8.82,,80.19,17.48,1660.6,0.0,Foggy,Medium,On Time,4.0
577,BUS10577,WB98B4799,2025-09-12,Bengaluru,B94,Jayanagar-KR Puram,Jayanagar Junction,KR Puram Junction,05:55,11:19,104.8,Electric,48,5.0,10.42,35.98,179.9,6.21,74.52,0.0,Foggy,High,On Time,3.7
1973,BUS11973,WB30A5332,2025-11-24,Pune,B293,Aundh-Camp,Aundh Terminal,Camp Stand,19:40,20:20,9.4,Electric,38,43.0,113.16,12.13,521.59,0.84,10.08,23.0,Foggy,Medium,Delayed,2.9
1734,BUS11734,DL66A6212,2025-12-27,Bengaluru,R150,Marathahalli-Banashankari,Marathahalli Stop,Banashankari Stop,08:55,10:09,17.3,Non-AC,58,10.0,17.24,10.71,107.1,5.05,479.75,16.0,Sunny,High,Delayed,3.3
664,BUS10664,GJ83C4203,2024-07-17,Chennai,B109,Velachery-T Nagar,Velachery Stop,T Nagar Junction,21:10,22:45,67.6,Electric,46,41.0,89.13,20.48,839.68,5.35,64.2,0.0,Rainy,Low,On Time,4.6
785,BUS10785,TN71A4021,2024-11-02,Hyderabad,L6,Gachibowli-Koti,Gachibowli Stand,Koti Stand,19:50,20:40,25.7,Electric,33,5.0,15.15,24.77,123.85,1.46,17.52,0.0,Sunny,Medium,On Time,
1684,BUS11684,GJ83C9620,2025-01-10,Delhi,B47,Dwarka-ITO,Dwarka Stop,ITO Junction,10:55,11:42,35.0,Mini Bus,28,17.0,60.71,15.0,255.0,7.53,715.35,0.0,Rainy,Low,On Time,4.0
286,BUS10286,UP49C9075,2025-11-09,Hyderabad,B166,Gachibowli-Koti,Gachibowli Terminal,Koti Stand,05:50,07:27,31.8,Mini Bus,32,20.0,62.5,13.24,264.8,7.45,707.75,2.0,Cloudy,High,On Time,4.3
1135,BUS11135,KA79C5229,2025-02-22,Delhi,B145,Rohini-Connaught Place,Rohini Terminal,Connaught Place Stop,18:55,19:47,31.2,Non-AC,45,16.0,35.56,15.1,241.6,11.39,1082.05,0.0,Rainy,Low,On Time,3.5
1431,BUS11431,TN59A5931,2024-10-04,Kolkata,B209,Salt Lake-Howrah,Salt Lake Stop,Howrah Stand,22:15,02:57,96.1,Non-AC,54,32.0,59.26,22.66,725.12,24.08,2287.6,0.0,Rainy,High,On Time,4.1
929,BUS10929,KA93B9829,2024-08-25,Pune,R49,Kothrud-Viman Nagar,Kothrud Terminal,Viman Nagar Terminal,19:30,22:29,48.0,Electric,49,57.0,116.33,18.35,1045.95,3.85,46.2,80.0,Cloudy,Medium,Delayed,
964,BUS10964,KA21B5223,2024-12-25,Kolkata,B137,Jadavpur-Barasat,Jadavpur Junction,Barasat Terminal,18:10,19:09,23.1,Mini Bus,29,34.0,117.24,14.62,497.08,5.38,511.1,0.0,Sunny,Medium,On Time,4.4
105,BUS10105,MH72A2208,2024-09-21,Chennai,R298,Anna Nagar-Guindy,Anna Nagar Stop,Guindy Stand,10:10,11:50,68.7,Electric,42,0.0,0.0,25.44,0.0,3.95,47.4,0.0,Foggy,Low,Cancelled,2.3
538,BUS10538,TN98C4624,2024-08-25,Pune,R17,Hadapsar-Shivajinagar,Hadapsar Stop,Shivajinagar Terminal,16:45,21:01,75.6,Mini Bus,28,3.0,10.71,18.47,55.41,19.73,1874.35,0.0,Sunny,High,On Time,3.6
1990,BUS11990,UP42B4241,2025-08-06,Chennai,B7,Anna Nagar-Guindy,Anna Nagar Junction,Guindy Junction,10:15,14:46,81.9,Mini Bus,30,5.0,16.67,26.28,131.4,21.53,2045.35,0.0,Sunny,High,On Time,4.5
273,BUS10273,KA70B8600,2024-10-19,Jaipur,B288,Jagatpura-Sanganer,Jagatpura Stop,Sanganer Junction,17:00,18:34,16.2,Electric,35,,65.71,23.49,540.27,1.61,19.32,45.0,,High,Delayed,2.7
1600,BUS11600,MH24C1330,2024-09-05,Ahmedabad,B183,Bopal-Naroda,Bopal Junction,Naroda Terminal,10:10,12:33,71.2,Electric,42,43.0,102.38,34.49,1483.07,4.38,52.56,16.0,Cloudy,Medium,Delayed,3.4
1736,BUS11736,MH47B4355,2025-09-24,Mumbai,R268,Kurla-Bandra,Kurla Junction,Bandra Junction,11:45,12:55,43.3,Non-AC,42,1.0,2.38,20.54,20.54,13.88,1318.6,0.0,Sunny,Low,On Time,3.6
536,BUS10536,RJ59C5694,2025-04-16,Bengaluru,B101,Whitefield-Majestic,Whitefield Stop,Majestic Terminal,22:30,23:19,14.1,Mini Bus,35,11.0,31.43,9.76,107.36,2.93,278.35,8.0,Foggy,High,On Time,3.0
1601,BUS11601,RJ39C5164,2025-01-14,Bengaluru,B67,Whitefield-Majestic,Whitefield Stop,Majestic Terminal,18:40,22:11,92.8,Mini Bus,28,27.0,96.43,24.73,667.71,20.6,1957.0,0.0,Cloudy,Medium,On Time,3.3
74,BUS10074,TS40A2598,2025-02-03,Hyderabad,B104,Uppal-Mehdipatnam,Uppal Junction,Mehdipatnam Stop,14:30,16:54,108.1,AC,44,33.0,,36.94,1219.02,35.72,3393.4,0.0,Sunny,Low,On Time,4.8
912,BUS10912,RJ36B7774,2024-11-07,Lucknow,R96,Chinhat-Aminabad,Chinhat Stand,Aminabad Stop,21:55,02:28,118.7,Non-AC,43,37.0,86.05,34.11,1262.07,38.72,3678.4,29.0,Foggy,Medium,Delayed,3.6
612,BUS10612,DL64A8980,2024-10-30,Lucknow,L113,Chinhat-Aminabad,Chinhat Stand,Aminabad Stop,17:15,21:19,111.8,AC,51,0.0,0.0,48.5,0.0,39.4,3743.0,69.0,Rainy,Low,Delayed,3.6
1954,BUS11954,GJ27A9069,2024-08-25,Chennai,L63,Tambaram-Parrys,Tambaram Junction,Parrys Junction,13:15,18:50,80.3,Non-AC,47,50.0,106.38,28.29,1414.5,29.36,2789.2,0.0,Cloudy,High,On Time,3.1
865,BUS10865,KA66C7224,2024-03-04,Pune,R12,Kothrud-Viman Nagar,Kothrud Terminal,Viman Nagar Stop,21:00,03:45,97.0,Electric,34,4.0,11.76,33.3,133.2,6.76,81.12,0.0,Rainy,High,On Time,3.7
1072,BUS11072,RJ15A9141,2025-07-19,Kolkata,L37,Salt Lake-Howrah,Salt Lake Stand,Howrah Stop,19:45,20:36,18.5,AC,52,21.0,40.38,32.1,674.1,6.68,634.6,12.0,Cloudy,Medium,Delayed,2.9
1203,BUS11203,RJ28A4349,2025-03-01,Delhi,B99,Rohini-Connaught Place,Rohini Stand,Connaught Place Junction,10:45,12:13,45.4,Mini Bus,31,8.0,25.81,20.46,163.68,12.11,1150.45,0.0,Cloudy,Medium,On Time,3.2
1918,BUS11918,RJ62B3092,2025-02-28,Ahmedabad,B271,Bopal-Naroda,Bopal Junction,Naroda Terminal,15:55,16:55,38.9,Non-AC,41,38.0,92.68,23.68,899.84,10.24,972.8,0.0,Rainy,Low,On Time,3.1
1800,BUS11800,GJ98C5291,2024-04-28,Lucknow,R276,Chinhat-Aminabad,Chinhat Terminal,Aminabad Junction,22:05,22:43,22.7,Mini Bus,31,36.0,116.13,15.97,574.92,5.57,529.15,0.0,Cloudy,Low,On Time,4.1
316,BUS10316,RJ60B8081,2025-11-01,Mumbai,R174,Andheri-Dadar,Andheri Stand,Dadar Stop,22:45,01:24,105.5,AC,35,26.0,74.29,46.62,1212.12,29.92,2842.4,0.0,Rainy,Low,On Time,4.9
792,BUS10792,KA90C1760,2024-04-06,Delhi,R254,Dwarka-ITO,Dwarka Stand,ITO Stand,12:35,13:51,39.8,Mini Bus,28,18.0,64.29,20.84,375.12,8.92,847.4,5.0,Sunny,,On Time,4.5
642,BUS10642,RJ40A7857,2025-08-21,Kolkata,R228,Dum Dum-Park Street,Dum Dum Junction,Park Street Stand,05:55,08:18,58.4,AC,51,11.0,21.57,41.12,452.32,19.06,1810.7,4.0,Cloudy,Medium,On Time,4.8
1885,BUS11885,GJ65A7262,2025-04-29,Jaipur,L69,Vaishali Nagar-Badi Chaupar,Vaishali Nagar Stop,Badi Chaupar Terminal,10:30,19:16,115.1,Non-AC,47,56.0,119.15,27.3,1528.8,36.57,3474.15,0.0,Sunny,High,On Time,4.5
1146,BUS11146,TS24B2967,2024-03-28,Bengaluru,L143,Marathahalli-Banashankari,Marathahalli Junction,Banashankari Terminal,14:05,19:05,100.0,Electric,36,38.0,105.56,35.08,1333.04,9.11,109.32,0.0,Cloudy,High,On Time,4.0
1424,BUS11424,WB60B8763,2025-04-15,Bengaluru,B51,Marathahalli-Banashankari,Marathahalli Stand,Banashankari Terminal,13:40,13:54,9.1,Electric,36,18.0,50.0,13.73,247.14,0.68,8.16,0.0,Cloudy,Low,On Time,4.4
1398,BUS11398,MH34A9224,2025-07-20,Pune,R251,Kothrud-Viman Nagar,Kothrud Stop,Viman Nagar Junction,16:40,21:46,100.8,AC,35,8.0,22.86,48.12,384.96,34.83,,0.0,Rainy,High,On Time,4.1
1353,BUS11353,RJ36B8745,2025-11-12,Hyderabad,L28,Dilsukhnagar-Ameerpet,Dilsukhnagar Stop,Ameerpet Junction,13:25,15:11,75.6,Non-AC,54,5.0,9.26,23.72,118.6,25.22,,0.0,Cloudy,Low,On Time,4.4
811,BUS10811,MH32C5855,2025-01-28,Chennai,B210,Porur-Egmore,Porur Stop,Egmore Junction,16:25,18:40,30.6,Electric,44,12.0,27.27,19.68,236.16,1.64,19.68,2.0,Rainy,High,On Time,4.0
633,BUS10633,MH92B6790,2025-02-13,Hyderabad,B164,Gachibowli-Koti,Gachibowli Junction,Koti Terminal,18:55,21:19,61.7,Non-AC,44,50.0,113.64,23.84,1192.0,16.58,1575.1,6.0,Cloudy,Medium,On Time,4.5
1961,BUS11961,DL89A1710,2025-12-19,Mumbai,L267,Kurla-Bandra,Kurla Junction,Bandra Stand,21:05,22:26,56.5,AC,55,37.0,67.27,34.07,1260.59,18.8,1786.0,0.0,Sunny,Low,On Time,3.4
1506,BUS11506,RJ15C6427,2024-12-31,Hyderabad,L50,Uppal-Mehdipatnam,Uppal Stand,Mehdipatnam Stand,12:40,16:04,95.2,Non-AC,40,17.0,42.5,24.95,424.15,29.89,2839.55,6.0,Sunny,Medium,On Time,3.7
120,BUS10120,WB76C8808,2025-08-07,Jaipur,L136,Vaishali Nagar-Badi Chaupar,Vaishali Nagar Junction,Badi Chaupar Stop,12:10,12:31,12.6,Electric,46,52.0,113.04,24.73,1285.96,1.04,12.48,3.0,,Low,On Time,3.6
1542,BUS11542,UP87C5693,2025-01-01,Lucknow,B160,Vikas Nagar-Kaiserbagh,Vikas Nagar Terminal,Kaiserbagh Junction,10:15,14:09,71.9,Mini Bus,26,26.0,,22.07,573.82,14.17,1346.15,10.0,Rainy,High,On Time,3.3
1861,BUS11861,WB58A8188,2024-01-14,Delhi,B131,Rohini-Connaught Place,Rohini Terminal,Connaught Place Stand,11:30,17:19,102.5,AC,51,20.0,39.22,39.12,782.4,34.99,3324.05,26.0,Sunny,High,Delayed,3.7
1417,BUS11417,RJ32A4176,2024-07-12,Pune,L238,Kothrud-Viman Nagar,Kothrud Terminal,Viman Nagar Terminal,14:30,16:18,29.4,Electric,41,14.0,34.15,21.28,297.92,1.6,19.2,0.0,Sunny,High,On Time,4.7
147,BUS10147,UP52C5124,2024-03-14,Jaipur,B116,Vidhyadhar Nagar-Sitapura,Vidhyadhar Nagar Stand,Sitapura Junction,20:45,21:54,20.4,Mini Bus,35,33.0,94.29,10.19,336.27,5.26,499.7,0.0,Cloudy,High,On Time,4.5
1749,BUS11749,DL52B4304,2025-11-24,Hyderabad,L188,Dilsukhnagar-Ameerpet,Dilsukhnagar Junction,Ameerpet Stand,22:30,04:35,94.6,Electric,44,0.0,0.0,25.88,0.0,6.61,79.32,0.0,Foggy,High,On Time,4.1
1267,BUS11267,WB27B8682,2024-12-06,Pune,B122,Hinjewadi-Swargate,Hinjewadi Terminal,Swargate Stand,14:30,17:39,88.2,AC,47,0.0,0.0,42.67,0.0,35.64,3385.8,0.0,Foggy,Medium,Cancelled,2.0
916,BUS10916,TN26B3235,2025-07-02,Delhi,B57,Rohini-Connaught Place,Rohini Stand,Connaught Place Stop,20:35,00:58,66.5,AC,43,35.0,81.4,25.22,882.7,25.86,2456.7,21.0,Rainy,High,Delayed,2.1
30,BUS10030,MH49C7203,2025-01-17,Delhi,B98,Dwarka-ITO,Dwarka Terminal,ITO Stop,15:35,16:29,24.5,AC,37,19.0,51.35,35.12,667.28,8.34,792.3,0.0,Sunny,Medium,On Time,4.4
292,BUS10292,RJ46B9269,2025-01-12,Lucknow,R158,Vikas Nagar-Kaiserbagh,Vikas Nagar Junction,Kaiserbagh Stop,11:20,14:00,64.4,Non-AC,47,26.0,55.32,23.73,616.98,21.88,2078.6,22.0,Rainy,Medium,Delayed,3.6
1991,BUS11991,RJ62B1171,2025-01-05,Ahmedabad,L4,Bopal-Naroda,Bopal Terminal,Naroda Junction,17:55,21:35,60.0,Mini Bus,25,0.0,0.0,20.28,0.0,15.02,1426.9,10.0,Foggy,High,On Time,3.2
1524,BUS11524,TS59C1214,2024-05-26,Mumbai,R229,Kurla-Bandra,Kurla Stop,Bandra Terminal,18:10,21:39,119.4,AC,53,60.0,113.21,40.88,2452.8,41.67,3958.65,24.0,Sunny,Low,Delayed,3.6
716,BUS10716,MH74C1588,2024-08-18,Ahmedabad,R275,Vastrapur-Kalupur,Vastrapur Stop,Kalupur Stand,18:15,21:07,66.0,Electric,33,21.0,63.64,34.61,726.81,4.18,50.16,0.0,Rainy,Medium,On Time,4.6
822,BUS10822,TS53B9437,2025-05-02,Ahmedabad,B6,Chandkheda-Isanpur,Chandkheda Stand,Isanpur Terminal,10:40,12:29,35.6,Mini Bus,25,4.0,16.0,19.31,77.24,7.56,718.2,25.0,Sunny,Medium,Delayed,
1512,BUS11512,GJ56C6711,2025-04-01,Kolkata,B119,Jadavpur-Barasat,Jadavpur Terminal,Barasat Stop,07:55,08:55,12.6,Mini Bus,28,3.0,10.71,12.5,37.5,2.58,245.1,0.0,Foggy,High,On Time,3.2
1165,BUS11165,KA23A4316,2024-01-04,Delhi,R85,Dwarka-ITO,Dwarka Stand,ITO Terminal,20:15,01:17,83.9,Non-AC,45,54.0,120.0,30.55,1649.7,26.81,2546.95,43.0,Cloudy,High,Delayed,
1475,BUS11475,TN89C1549,2024-04-15,Chennai,R163,Anna Nagar-Guindy,Anna Nagar Stand,Guindy Stand,09:00,11:34,81.1,Electric,37,8.0,21.62,26.05,208.4,5.49,65.88,,Foggy,Medium,On Time,4.9
737,BUS10737,TS59A1902,2024-02-10,Delhi,R20,Noida-Nehru Place,Noida Stop,Nehru Place Junction,17:40,18:07,8.2,Non-AC,48,29.0,60.42,13.78,399.62,2.32,220.4,0.0,Rainy,High,On Time,4.4
310,BUS10310,WB15B6969,2024-07-04,Jaipur,L68,Vaishali Nagar-Badi Chaupar,Vaishali Nagar Junction,Badi Chaupar Terminal,14:30,16:33,29.7,AC,43,41.0,95.35,38.94,1596.54,10.07,,4.0,Rainy,High,On Time,3.2
905,BUS10905,MH84A7026,2025-04-22,Pune,L149,Hinjewadi-Swargate,Hinjewadi Stop,Swargate Stop,05:40,07:37,73.6,Electric,47,36.0,76.6,34.33,1235.88,5.04,60.48,0.0,Foggy,Low,On Time,3.1
170,BUS10170,TN11C9763,2025-02-26,Hyderabad,R34,Gachibowli-Koti,Gachibowli Stop,Koti Stand,22:20,22:31,8.3,AC,40,5.0,12.5,35.64,178.2,2.5,237.5,0.0,Rainy,Low,On Time,3.1
77,BUS10077,RJ75A9691,2025-07-04,Kolkata,R150,Jadavpur-Barasat,Jadavpur Stand,Barasat Stop,09:00,11:18,33.0,AC,42,12.0,28.57,25.18,302.16,13.11,1245.45,0.0,Foggy,High,On Time,4.0
82,BUS10082,MH55A4908,2024-11-27,Chennai,L280,Velachery-T Nagar,Velachery Stop,T Nagar Stop,22:25,01:10,61.5,Electric,36,24.0,66.67,31.74,761.76,4.16,49.92,0.0,Sunny,Medium,On Time,4.0
1663,BUS11663,UP94A2728,2025-03-03,Mumbai,L101,Andheri-Dadar,Andheri Stop,Dadar Terminal,18:40,19:17,24.7,Mini Bus,25,17.0,68.0,14.47,245.99,5.19,493.05,0.0,Cloudy,Low,On Time,4.5
931,BUS10931,TS51A7833,2024-06-28,Hyderabad,R212,LB Nagar-Miyapur,LB Nagar Terminal,Miyapur Junction,05:40,07:46,51.6,Non-AC,55,34.0,61.82,26.22,891.48,19.32,1835.4,0.0,Sunny,Medium,On Time,4.6
910,BUS10910,RJ27B7255,2025-10-16,Lucknow,R102,Alambagh-Aliganj,Alambagh Terminal,Aliganj Stop,13:55,14:49,21.2,Non-AC,43,0.0,0.0,14.89,0.0,5.42,514.9,0.0,Foggy,Medium,Cancelled,1.8
1929,BUS11929,WB97B9256,2024-04-14,Delhi,L54,Saket-Karol Bagh,Saket Junction,Karol Bagh Terminal,18:45,20:08,27.0,AC,51,29.0,56.86,26.94,781.26,10.0,950.0,2.0,Rainy,High,On Time,4.2
1351,BUS11351,GJ82B9937,2025-05-04,Bengaluru,B216,Yeshwanthpur-Silk Board,Yeshwanthpur Stand,Silk Board Stand,09:10,11:44,46.5,Electric,47,47.0,100.0,18.55,871.85,4.36,52.32,12.0,Foggy,High,Delayed,2.3
1969,BUS11969,MH52C5114,2025-08-25,Mumbai,R196,Thane-CST,Thane Terminal,CST Stand,15:50,21:21,109.2,Electric,50,27.0,54.0,26.81,723.87,7.28,87.36,0.0,Foggy,High,On Time,4.8
1703,BUS11703,TS63A9303,2024-03-22,Chennai,L77,Adyar-Broadway,Adyar Terminal,Broadway Stand,19:20,22:13,106.3,Electric,42,7.0,16.67,26.53,185.71,6.6,79.2,10.0,Rainy,Low,On Time,3.1
163,BUS10163,RJ97C1527,2025-07-04,Ahmedabad,B93,Chandkheda-Isanpur,Chandkheda Stand,Isanpur Stand,12:35,15:21,81.4,Non-AC,60,29.0,48.33,20.4,591.6,25.2,2394.0,12.0,Sunny,Medium,Delayed,2.9
524,BUS10524,RJ99B2340,2025-11-11,Chennai,B75,Anna Nagar-Guindy,Anna Nagar Stand,Guindy Stop,08:25,11:03,116.4,AC,35,19.0,54.29,46.9,891.1,48.57,4614.15,0.0,Sunny,Low,On Time,4.2
1482,BUS11482,TN99B9702,2025-09-05,Delhi,L140,Noida-Nehru Place,Noida Junction,Nehru Place Stop,17:15,19:02,44.9,AC,41,35.0,85.37,29.48,1031.8,17.03,1617.85,31.0,Foggy,Low,Delayed,3.8
808,BUS10808,UP50A9009,2025-04-27,Kolkata,L11,Dum Dum-Park Street,Dum Dum Junction,Park Street Stand,14:55,16:26,57.6,AC,46,18.0,39.13,29.78,536.04,20.79,1975.05,12.0,Rainy,Low,Delayed,4.0
456,BUS10456,TS45C1129,2025-04-08,Hyderabad,L196,Kukatpally-Secunderabad,Kukatpally Stop,Secunderabad Terminal,09:20,11:14,38.7,Non-AC,46,17.0,36.96,14.24,242.08,13.63,1294.85,55.0,Cloudy,Low,Delayed,3.3
907,BUS10907,WB58C6143,2025-11-30,Chennai,L84,Tambaram-Parrys,Tambaram Terminal,Parrys Junction,05:05,08:49,84.1,Mini Bus,25,26.0,104.0,23.23,603.98,15.47,1469.65,0.0,Foggy,Medium,On Time,3.8
628,BUS10628,WB60B3229,2024-01-14,Chennai,B91,Porur-Egmore,Porur Stand,Egmore Junction,14:50,21:08,112.8,Electric,30,25.0,83.33,41.52,1038.0,8.13,97.56,9.0,Sunny,High,On Time,5.0
521,BUS10521,RJ57B6225,2024-05-23,Ahmedabad,B179,Vastrapur-Kalupur,Vastrapur Terminal,Kalupur Terminal,21:25,,52.7,AC,39,20.0,51.28,26.05,521.0,16.99,1614.05,0.0,Sunny,Medium,On Time,3.1
1221,BUS11221,TS72C8337,2024-03-06,Mumbai,R19,Andheri-Dadar,Andheri Terminal,Dadar Stop,20:35,20:55,11.6,Electric,42,36.0,85.71,23.33,839.88,1.1,13.2,0.0,Rainy,Medium,On Time,3.2
718,BUS10718,WB78A7535,2024-10-25,Lucknow,L145,Alambagh-Aliganj,Alambagh Terminal,Aliganj Stand,20:25,20:59,7.0,AC,48,9.0,18.75,23.31,209.79,2.43,230.85,0.0,Foggy,High,On Time,4.2
872,BUS10872,TS65A3585,2024-06-26,Lucknow,R88,Chinhat-Aminabad,Chinhat Stand,Aminabad Stand,08:45,14:48,92.9,Mini Bus,29,21.0,72.41,22.62,475.02,21.42,2034.9,3.0,Sunny,High,On Time,4.0
1356,BUS11356,TN99B6674,2024-06-25,Jaipur,L235,Vaishali Nagar-Badi Chaupar,Vaishali Nagar Terminal,Badi Chaupar Junction,22:45,04:44,87.5,Electric,50,35.0,70.0,36.59,1280.65,8.08,96.96,0.0,Cloudy,High,On Time,3.5
656,BUS10656,RJ67A1359,2025-03-17,Jaipur,R190,Mansarovar-Amer,Mansarovar Stop,Amer Stop,16:20,18:40,76.9,Mini Bus,33,13.0,39.39,20.74,269.62,16.66,1582.7,0.0,Sunny,Medium,On Time,3.5
1483,BUS11483,RJ73B3583,2025-03-30,Jaipur,R24,Jagatpura-Sanganer,Jagatpura Terminal,Sanganer Stop,21:25,23:33,24.7,Mini Bus,33,33.0,100.0,18.64,615.12,5.91,561.45,78.0,Rainy,Medium,Delayed,3.3
166,BUS10166,GJ31A8412,2025-02-22,Bengaluru,B30,Marathahalli-Banashankari,Marathahalli Terminal,Banashankari Terminal,13:45,17:45,81.1,Non-AC,48,11.0,22.92,30.61,336.71,24.7,2346.5,0.0,Foggy,High,On Time,4.7
1058,BUS11058,TN94C4069,2025-06-26,Bengaluru,B133,Whitefield-Majestic,Whitefield Stop,Majestic Stand,17:05,19:23,61.1,Electric,33,5.0,15.15,33.31,166.55,3.23,38.76,2.0,Rainy,Medium,On Time,3.8
842,BUS10842,GJ31A4291,2024-01-26,Pune,L298,Kothrud-Viman Nagar,Kothrud Stand,Viman Nagar Stop,12:40,17:26,97.8,Electric,42,50.0,119.05,34.6,1730.0,6.89,82.68,0.0,Foggy,,On Time,4.5
1422,BUS11422,UP13C3244,2024-04-30,Jaipur,L292,Malviya Nagar-Sindhi Camp,Malviya Nagar Stand,Sindhi Camp Stand,10:30,13:01,100.2,Mini Bus,32,14.0,43.75,22.98,321.72,27.44,2606.8,14.0,Cloudy,Low,Delayed,3.6
1125,BUS11125,MH47C5774,2025-01-17,Bengaluru,B134,Electronic City-Hebbal,Electronic City Stop,Hebbal Terminal,10:15,13:07,110.8,Non-AC,51,31.0,60.78,31.44,974.64,36.31,3449.45,0.0,Rainy,Low,On Time,3.2
689,BUS10689,DL63C2978,2024-04-02,Ahmedabad,B53,Satellite-Vastral,Satellite Junction,Vastral Stop,16:05,20:55,78.5,Electric,41,17.0,41.46,27.04,459.68,7.83,93.96,30.0,Sunny,High,Delayed,3.0
1583,BUS11583,TS11B2438,2025-03-05,Mumbai,B130,Kurla-Bandra,Kurla Junction,Bandra Stop,16:20,21:55,98.5,Electric,50,56.0,112.0,25.86,1448.16,8.09,97.08,42.0,Sunny,High,Delayed,3.5
809,BUS10809,WB81A9384,2025-12-03,Delhi,B136,Noida-Nehru Place,Noida Stand,Nehru Place Terminal,18:55,20:14,56.9,Non-AC,42,50.0,119.05,24.62,1231.0,18.66,1772.7,0.0,Cloudy,Low,On Time,3.2
623,BUS10623,TS52A5156,2025-06-01,Jaipur,L115,Vaishali Nagar-Badi Chaupar,Vaishali Nagar Stand,Badi Chaupar Stand,18:45,03:06,113.0,Non-AC,57,26.0,45.61,26.18,680.68,34.28,3256.6,15.0,Foggy,High,Delayed,3.6
902,BUS10902,RJ96A5175,2024-05-27,Jaipur,B250,Jagatpura-Sanganer,Jagatpura Junction,Sanganer Terminal,19:10,22:24,42.3,Mini Bus,28,18.0,64.29,18.88,339.84,9.9,940.5,,Rainy,High,On Time,3.3
1189,BUS11189,KA29B3732,2024-02-23,Delhi,B230,Rohini-Connaught Place,Rohini Stop,Connaught Place Junction,22:30,00:49,88.5,Mini Bus,27,16.0,59.26,20.4,326.4,22.24,2112.8,0.0,Foggy,Low,On Time,4.0
696,BUS10696,GJ50B7252,2024-06-19,Bengaluru,B287,Jayanagar-KR Puram,Jayanagar Junction,KR Puram Junction,19:10,20:31,34.5,Mini Bus,31,17.0,54.84,12.18,207.06,7.79,740.05,13.0,Foggy,Medium,Delayed,3.6
990,BUS10990,WB81A8437,2024-07-24,Pune,R40,Hadapsar-Shivajinagar,Hadapsar Stop,Shivajinagar Terminal,10:50,14:57,109.6,Electric,37,39.0,105.41,38.65,1507.35,6.8,81.6,5.0,Foggy,Medium,On Time,4.7
917,BUS10917,WB47B5460,2025-01-09,Chennai,R238,Tambaram-Parrys,Tambaram Terminal,Parrys Stand,18:35,19:54,54.9,AC,44,47.0,106.82,30.36,1426.92,22.99,2184.05,2.0,Foggy,Low,On Time,
665,BUS10665,RJ42A7862,2025-12-04,Jaipur,R185,Vidhyadhar Nagar-Sitapura,Vidhyadhar Nagar Junction,Sitapura Junction,21:50,00:37,48.1,AC,42,18.0,42.86,39.25,706.5,15.08,1432.6,1.0,Sunny,High,On Time,3.8
319,BUS10319,KA95B4081,2025-03-31,Delhi,R22,Rajouri Garden-Anand Vihar,Rajouri Garden Junction,Anand Vihar Junction,22:15,06:17,101.0,AC,38,11.0,28.95,48.34,531.74,36.87,3502.65,9.0,Cloudy,High,On Time,3.8
686,BUS10686,RJ21B3568,2024-04-09,Kolkata,R291,Salt Lake-Howrah,Salt Lake Stand,Howrah Terminal,16:05,19:58,57.9,Mini Bus,33,35.0,106.06,17.68,618.8,14.62,1388.9,3.0,Foggy,High,On Time,3.6
214,BUS10214,RJ31B1954,2024-01-30,Ahmedabad,B133,Vastrapur-Kalupur,Vastrapur Terminal,Kalupur Terminal,17:15,22:58,107.1,Electric,42,16.0,38.1,38.23,611.68,8.04,96.48,9.0,Cloudy,High,On Time,4.3
1096,BUS11096,RJ76B7423,2025-12-23,Hyderabad,L163,LB Nagar-Miyapur,LB Nagar Terminal,Miyapur Terminal,19:50,20:25,9.4,Electric,44,29.0,65.91,18.06,523.74,0.84,10.08,13.0,Cloudy,Medium,Delayed,3.6
375,BUS10375,TN64C3376,2024-06-23,Pune,B214,Aundh-Camp,Aundh Terminal,Camp Terminal,10:20,11:48,6.5,Mini Bus,31,35.0,112.9,14.77,516.95,1.26,119.7,67.0,Cloudy,High,Delayed,2.8
1648,BUS11648,WB36A8247,2024-11-01,Delhi,L163,Rohini-Connaught Place,Rohini Stand,Connaught Place Terminal,07:20,15:00,112.3,Non-AC,53,12.0,22.64,28.93,347.16,34.98,3323.1,0.0,Foggy,High,On Time,4.4
649,BUS10649,DL47A8881,2024-01-18,Chennai,B3,Porur-Egmore,Porur Stop,Egmore Stop,18:30,18:41,8.1,Electric,37,9.0,24.32,18.6,167.4,0.67,8.04,0.0,Sunny,Low,On Time,4.1
509,BUS10509,WB16B7262,2024-09-04,Bengaluru,R233,Whitefield-Majestic,Whitefield Terminal,Majestic Terminal,21:00,03:16,102.9,AC,54,59.0,109.26,43.14,2545.26,31.87,3027.65,0.0,Sunny,High,On Time,3.6
1997,BUS11997,GJ93B9461,2025-05-22,Chennai,R175,Tambaram-Parrys,Tambaram Stand,Parrys Stop,21:35,03:34,116.8,Electric,30,27.0,90.0,32.61,880.47,6.08,72.96,3.0,Cloudy,High,On Time,4.3
534,BUS10534,GJ15B1536,2024-09-21,Delhi,L1,Rohini-Connaught Place,Rohini Stand,Connaught Place Stop,16:35,00:09,117.2,Electric,39,0.0,0.0,31.74,0.0,9.54,114.48,0.0,Foggy,High,Cancelled,2.3
1866,BUS11866,MH59C6860,2024-12-16,Chennai,R16,Velachery-T Nagar,Velachery Terminal,T Nagar Stand,05:15,08:37,38.7,Electric,46,13.0,28.26,22.8,296.4,2.13,25.56,54.0,Rainy,High,Delayed,2.3
667,BUS10667,KA76A6365,2025-03-21,Delhi,B252,Saket-Karol Bagh,Saket Stand,Karol Bagh Terminal,11:00,12:44,75.7,Non-AC,59,46.0,77.97,22.65,1041.9,22.46,2133.7,0.0,Rainy,Low,On Time,
380,BUS10380,MH61B6074,2025-06-30,Ahmedabad,B228,Chandkheda-Isanpur,Chandkheda Stand,Isanpur Terminal,21:40,22:05,5.3,Mini Bus,34,18.0,52.94,11.32,203.76,1.19,113.05,2.0,Sunny,High,On Time,3.0
1984,BUS11984,GJ98A2612,2025-10-28,Chennai,B272,Velachery-T Nagar,Velachery Stop,T Nagar Junction,20:05,23:42,117.9,Electric,49,0.0,0.0,41.7,0.0,8.25,99.0,0.0,Rainy,Medium,Cancelled,2.4
1720,BUS11720,DL87A7414,2024-06-02,Lucknow,R192,Indira Nagar-Hazratganj,Indira Nagar Stand,Hazratganj Junction,20:35,01:16,119.4,Electric,49,16.0,32.65,38.0,608.0,9.3,111.6,0.0,Sunny,Medium,On Time,4.0
1338,BUS11338,RJ27C6883,2024-06-14,Chennai,R196,Tambaram-Parrys,Tambaram Stop,Parrys Terminal,12:45,15:02,94.7,Mini Bus,26,14.0,53.85,24.39,341.46,23.81,2261.95,6.0,Foggy,Low,On Time,3.0
1503,BUS11503,MH10C4891,2024-11-05,Hyderabad,R21,Dilsukhnagar-Ameerpet,Dilsukhnagar Stop,Ameerpet Stand,17:40,20:19,46.8,Mini Bus,32,,56.25,21.42,385.56,11.55,1097.25,5.0,Foggy,High,On Time,3.7
1015,BUS11015,WB52A8409,2025-04-04,Pune,R298,Kothrud-Viman Nagar,Kothrud Terminal,Viman Nagar Stand,12:10,14:23,83.2,Mini Bus,25,15.0,60.0,25.39,380.85,16.73,1589.35,3.0,Rainy,Low,On Time,4.8
1039,BUS11039,DL77A3425,2024-01-07,Mumbai,L187,Kurla-Bandra,Kurla Junction,Bandra Terminal,05:55,13:27,102.7,AC,52,4.0,7.69,35.21,140.84,33.1,3144.5,0.0,Foggy,High,On Time,3.7
97,BUS10097,MH45B4229,2024-04-23,Hyderabad,B250,Uppal-Mehdipatnam,Uppal Terminal,Mehdipatnam Stand,14:35,19:00,115.7,Non-AC,50,31.0,62.0,26.36,817.16,39.71,3772.45,2.0,Rainy,Medium,On Time,3.2
1122,BUS11122,GJ58C3957,2025-11-12,Kolkata,R171,Jadavpur-Barasat,Jadavpur Junction,Barasat Stop,18:35,19:34,25.8,AC,40,21.0,52.5,31.53,662.13,9.49,901.55,0.0,Sunny,Medium,On Time,4.3
132,BUS10132,RJ44C9864,2024-04-30,Hyderabad,R123,Uppal-Mehdipatnam,Uppal Stand,Mehdipatnam Terminal,15:35,17:00,33.3,AC,51,15.0,29.41,37.81,567.15,9.39,892.05,4.0,Sunny,Medium,On Time,4.0
1333,BUS11333,WB44A4005,2024-01-14,Lucknow,R116,Indira Nagar-Hazratganj,Indira Nagar Stand,Hazratganj Stand,14:35,15:39,6.0,AC,39,37.0,94.87,29.12,1077.44,2.15,204.25,56.0,Sunny,Low,Delayed,2.1
1009,BUS11009,TN99B3308,2025-07-24,Kolkata,B150,Garia-Esplanade,Garia Stop,Esplanade Junction,15:35,16:37,45.9,Non-AC,55,34.0,61.82,22.95,780.3,17.38,1651.1,0.0,Foggy,Low,On Time,3.8
798,BUS10798,DL39B4774,2024-07-25,Bengaluru,B231,Electronic City-Hebbal,Electronic City Terminal,Hebbal Stand,22:50,01:27,90.2,Electric,47,31.0,65.96,36.14,1120.34,8.97,107.64,4.0,Sunny,Low,On Time,3.2
624,BUS10624,DL89A1189,2024-03-08,Hyderabad,B245,Kukatpally-Secunderabad,Kukatpally Terminal,Secunderabad Stand,21:20,02:42,118.1,AC,51,55.0,107.84,38.94,2141.7,39.67,3768.65,30.0,Cloudy,Medium,Delayed,2.7
1725,BUS11725,GJ29C4915,2025-12-26,Pune,R53,Wagholi-Katraj,Wagholi Stop,Katraj Terminal,15:55,19:56,54.6,AC,54,15.0,27.78,34.23,513.45,21.54,2046.3,0.0,Sunny,High,On Time,4.1
1472,BUS11472,GJ22B4970,2024-08-04,Jaipur,B276,Malviya Nagar-Sindhi Camp,Malviya Nagar Junction,Sindhi Camp Junction,06:05,06:54,32.1,Electric,44,17.0,38.64,22.36,380.12,2.3,27.6,0.0,Rainy,,On Time,4.9
603,BUS10603,MH18A7525,2024-12-11,Ahmedabad,L41,Vastrapur-Kalupur,Vastrapur Stand,Kalupur Stop,08:30,11:22,102.2,Mini Bus,34,32.0,94.12,30.26,968.32,20.96,1991.2,0.0,Cloudy,Low,On Time,3.1
980,BUS10980,WB36A8728,2025-07-25,Mumbai,L22,Kurla-Bandra,Kurla Stand,Bandra Terminal,13:40,15:23,56.0,Mini Bus,29,19.0,65.52,22.16,421.04,12.09,1148.55,9.0,Cloudy,Low,On Time,3.6
959,BUS10959,TN86C7155,2025-10-12,Hyderabad,R169,Gachibowli-Koti,Gachibowli Terminal,Koti Junction,15:50,19:34,66.7,Electric,41,39.0,95.12,28.84,1124.76,5.28,63.36,7.0,Foggy,High,On Time,
1521,BUS11521,DL41C5042,2024-11-28,Kolkata,R166,Garia-Esplanade,Garia Stand,Esplanade Stand,08:40,09:26,30.2,Electric,40,11.0,27.5,15.38,169.18,2.44,29.28,6.0,Rainy,Low,On Time,4.4
890,BUS10890,GJ27B6654,2025-08-06,Pune,L208,Kothrud-Viman Nagar,Kothrud Stop,Viman Nagar Terminal,17:00,20:57,90.9,Mini Bus,32,12.0,37.5,22.91,274.92,24.85,2360.75,64.0,Rainy,Medium,Delayed,
1197,BUS11197,TS29C7744,2024-04-19,Jaipur,R155,Jagatpura-Sanganer,Jagatpura Junction,Sanganer Stand,15:30,16:52,55.8,Electric,49,23.0,46.94,25.09,577.07,5.48,65.76,0.0,Foggy,Low,On Time,4.3
899,BUS10899,TN36C8762,2024-12-29,Mumbai,B75,Thane-CST,Thane Stand,CST Junction,06:05,06:34,9.7,AC,53,63.0,118.87,17.63,1110.69,3.45,327.75,0.0,Cloudy,High,On Time,3.4
1817,BUS11817,TN44C2992,2024-11-07,Mumbai,B282,Kurla-Bandra,Kurla Stand,Bandra Terminal,20:15,22:31,54.7,Mini Bus,34,9.0,26.47,16.53,148.77,11.95,1135.25,4.0,Cloudy,Medium,On Time,4.9
844,BUS10844,TS84A8425,2025-12-23,Bengaluru,R10,Whitefield-Majestic,Whitefield Junction,Majestic Junction,22:15,22:53,10.0,Non-AC,60,36.0,60.0,11.49,413.64,3.36,319.2,0.0,Sunny,High,On Time,4.4
600,BUS10600,DL62B2946,2024-05-10,Hyderabad,L188,Uppal-Mehdipatnam,Uppal Terminal,Mehdipatnam Stand,07:05,08:29,62.5,Mini Bus,25,24.0,96.0,18.88,453.12,14.58,1385.1,0.0,Rainy,Low,On Time,
767,BUS10767,TS42B7961,2024-12-12,Bengaluru,R209,Electronic City-Hebbal,Electronic City Junction,Hebbal Junction,18:55,22:11,115.7,Non-AC,56,2.0,3.57,36.13,72.26,40.3,3828.5,8.0,,Low,On Time,3.2
277,BUS10277,MH13C6972,2024-11-23,Jaipur,R131,Vaishali Nagar-Badi Chaupar,Vaishali Nagar Stop,Badi Chaupar Terminal,05:00,07:40,54.6,Non-AC,47,28.0,59.57,23.21,649.88,14.45,1372.75,0.0,Foggy,High,On Time,3.6
812,BUS10812,GJ46A9758,2024-04-12,Chennai,B169,Tambaram-Parrys,Tambaram Stand,Parrys Junction,18:30,02:39,118.4,Mini Bus,33,34.0,103.03,25.62,871.08,24.53,2330.35,0.0,Foggy,High,On Time,4.6
1370,BUS11370,WB17B6650,2024-09-14,Bengaluru,R219,Jayanagar-KR Puram,Jayanagar Stop,KR Puram Stand,12:55,15:55,37.6,Non-AC,58,29.0,50.0,22.38,649.02,9.82,932.9,0.0,Sunny,High,On Time,4.9
324,BUS10324,MH19B5068,2024-02-02,Ahmedabad,B136,Maninagar-Gota,Maninagar Stand,Gota Stop,22:50,00:19,27.4,Mini Bus,30,16.0,53.33,15.07,241.12,5.37,510.15,10.0,Rainy,High,On Time,4.4
741,BUS10741,KA21B1607,2024-03-07,Hyderabad,R281,Dilsukhnagar-Ameerpet,Dilsukhnagar Stand,Ameerpet Terminal,08:15,11:46,106.5,Mini Bus,27,20.0,74.07,29.18,583.6,25.96,2466.2,0.0,Foggy,Medium,On Time,3.1
556,BUS10556,KA44A4430,2025-10-11,Ahmedabad,R101,Bopal-Naroda,Bopal Stop,Naroda Terminal,19:05,23:56,74.5,Non-AC,52,25.0,48.08,28.97,724.25,27.66,2627.7,10.0,Sunny,High,On Time,4.9
1404,BUS11404,UP73A2242,2024-04-26,Jaipur,B202,Vidhyadhar Nagar-Sitapura,Vidhyadhar Nagar Junction,Sitapura Stand,12:45,13:49,14.0,AC,49,48.0,97.96,22.95,1101.6,4.95,470.25,39.0,Sunny,Medium,Delayed,3.6
94,BUS10094,UP42B6718,2024-01-01,Jaipur,L92,Mansarovar-Amer,Mansarovar Terminal,Amer Stop,08:50,10:55,37.9,AC,53,11.0,20.75,29.03,319.33,14.56,1383.2,0.0,Cloudy,High,On Time,3.6
1674,BUS11674,UP46C1144,2025-11-30,Kolkata,B277,Salt Lake-Howrah,Salt Lake Stand,Howrah Terminal,19:55,22:11,77.4,AC,43,13.0,30.23,28.69,372.97,25.88,2458.6,5.0,,Low,On Time,4.1
437,BUS10437,MH75C8270,2025-01-24,Pune,L15,Aundh-Camp,Aundh Terminal,Camp Junction,11:00,14:49,107.4,AC,46,35.0,76.09,36.46,1276.1,44.9,4265.5,49.0,Rainy,Low,Delayed,2.7
713,BUS10713,WB87A7492,2025-05-24,Bengaluru,L152,Yeshwanthpur-Silk Board,Yeshwanthpur Junction,Silk Board Junction,05:10,09:46,57.9,Mini Bus,32,24.0,75.0,22.33,535.92,11.93,1133.35,39.0,Foggy,High,Delayed,2.0
506,BUS10506,UP63B7138,2024-12-08,Mumbai,R131,Borivali-Colaba,Borivali Stand,Colaba Terminal,15:50,19:13,24.4,Mini Bus,34,1.0,2.94,14.08,14.08,5.21,494.95,82.0,Foggy,High,Delayed,3.3
22,BUS10022,KA10B8385,2025-02-19,Pune,B249,Kothrud-Viman Nagar,Kothrud Stop,Viman Nagar Stand,14:55,15:43,21.2,Electric,42,45.0,107.14,13.36,601.2,1.84,22.08,0.0,Rainy,,On Time,3.7
1975,BUS11975,TN84C4634,2024-04-21,Delhi,L259,Dwarka-ITO,Dwarka Junction,ITO Stand,09:40,11:22,63.7,AC,51,6.0,11.76,31.45,188.7,23.62,2243.9,0.0,Cloudy,Low,On Time,3.7
1076,BUS11076,TN23A3243,2025-12-04,Kolkata,L172,Behala-Sealdah,Behala Terminal,Sealdah Terminal,14:15,20:15,77.4,Electric,33,23.0,69.7,29.03,667.69,6.79,81.48,41.0,Sunny,High,Delayed,2.2
687,BUS10687,UP88A8533,2024-11-13,Mumbai,B62,Kurla-Bandra,Kurla Stand,Bandra Stand,10:30,12:57,71.3,AC,36,14.0,38.89,43.02,602.28,26.94,2559.3,38.0,Rainy,Low,Delayed,2.3
972,BUS10972,TN60A6461,2025-01-23,Kolkata,B180,Salt Lake-Howrah,Salt Lake Stop,Howrah Stop,05:45,10:27,110.7,AC,49,44.0,89.8,40.61,1786.84,32.0,3040.0,87.0,Foggy,Medium,Delayed,3.1
542,BUS10542,TN79A9699,2024-01-03,Mumbai,L95,Thane-CST,Thane Stop,CST Stand,08:25,10:18,26.0,Non-AC,47,46.0,97.87,13.53,622.38,9.14,868.3,0.0,Foggy,High,On Time,
404,BUS10404,GJ50A7037,2025-07-09,Delhi,R53,Saket-Karol Bagh,Saket Junction,Karol Bagh Terminal,05:00,10:03,75.6,AC,40,10.0,25.0,42.62,426.2,31.03,2947.85,0.0,Foggy,High,On Time,3.7
1248,BUS11248,DL52B2944,2024-08-07,Pune,L171,Hinjewadi-Swargate,Hinjewadi Junction,Swargate Stand,13:30,16:08,41.0,Mini Bus,30,22.0,73.33,18.07,397.54,8.09,768.55,2.0,Rainy,High,On Time,4.7
1683,BUS11683,GJ37C4261,2025-09-16,Chennai,B111,Porur-Egmore,Porur Stand,Egmore Terminal,16:10,17:44,61.5,Mini Bus,29,7.0,24.14,18.67,130.69,15.14,1438.3,6.0,Rainy,Low,On Time,3.6
541,BUS10541,WB10A2888,2024-01-19,Chennai,R97,Anna Nagar-Guindy,Anna Nagar Junction,Guindy Stand,22:25,00:01,57.5,Mini Bus,32,27.0,84.38,21.33,575.91,12.2,1159.0,0.0,Foggy,Low,On Time,3.3
276,BUS10276,UP53C8770,2025-11-16,Delhi,B121,Noida-Nehru Place,Noida Terminal,Nehru Place Junction,13:30,15:23,76.2,Non-AC,42,37.0,88.1,22.98,850.26,20.96,1991.2,0.0,Sunny,Low,On Time,4.6
602,BUS10602,KA73C1404,2024-10-15,Kolkata,L109,Jadavpur-Barasat,Jadavpur Junction,Barasat Stop,08:00,10:42,113.0,Mini Bus,29,31.0,106.9,28.29,876.99,30.84,2929.8,0.0,Cloudy,Low,On Time,3.7
1299,BUS11299,UP46B6746,2025-10-18,Mumbai,B279,Kurla-Bandra,Kurla Stand,Bandra Stand,05:20,05:53,19.6,Electric,32,25.0,78.12,16.69,417.25,1.41,16.92,5.0,Foggy,Low,On Time,4.5
1658,BUS11658,KA46B8460,2024-06-25,Hyderabad,B297,Dilsukhnagar-Ameerpet,Dilsukhnagar Stand,Ameerpet Terminal,12:55,19:06,102.9,AC,37,13.0,35.14,50.24,653.12,34.43,3270.85,0.0,Rainy,High,On Time,
90,BUS10090,DL25B6754,2025-07-21,Delhi,L198,Saket-Karol Bagh,Saket Junction,Karol Bagh Stop,12:30,13:24,27.0,Electric,41,17.0,41.46,22.22,377.74,2.41,28.92,13.0,Foggy,Low,Delayed,2.9
553,BUS10553,UP45C7633,2025-07-21,Jaipur,B146,Jagatpura-Sanganer,Jagatpura Junction,Sanganer Junction,16:30,18:21,71.0,Mini Bus,33,25.0,75.76,17.96,449.0,16.95,1610.25,1.0,Foggy,Low,On Time,3.9
93,BUS10093,GJ13C8578,2024-09-11,Bengaluru,R16,Yeshwanthpur-Silk Board,Yeshwanthpur Junction,Silk Board Junction,17:25,20:43,109.2,AC,40,27.0,67.5,35.34,954.18,35.21,3344.95,,Foggy,Medium,On Time,4.5
1326,BUS11326,RJ83B1819,2025-10-09,Ahmedabad,B10,Chandkheda-Isanpur,Chandkheda Junction,Isanpur Junction,15:20,18:29,60.8,Mini Bus,34,0.0,0.0,18.95,0.0,11.83,1123.85,0.0,Sunny,High,Cancelled,2.2
326,BUS10326,DL41C4142,2025-12-28,Delhi,R136,Rohini-Connaught Place,Rohini Stop,Connaught Place Stand,15:40,23:38,108.8,AC,37,15.0,40.54,49.63,744.45,31.68,3009.6,14.0,Sunny,High,Delayed,2.2
1093,BUS11093,UP48A5446,2024-04-11,Mumbai,R108,Borivali-Colaba,Borivali Terminal,Colaba Junction,15:30,19:46,119.6,Non-AC,54,61.0,112.96,32.27,1968.47,38.88,3693.6,,Foggy,Medium,On Time,4.0
1280,BUS11280,UP14C4587,2024-11-22,Bengaluru,B117,Marathahalli-Banashankari,Marathahalli Terminal,Banashankari Stand,08:45,10:33,70.7,Non-AC,58,51.0,87.93,30.26,1543.26,25.97,2467.15,0.0,Cloudy,Low,On Time,3.3
660,BUS10660,TS46A5462,2025-04-29,Delhi,R83,Dwarka-ITO,Dwarka Terminal,ITO Stop,21:25,23:03,51.7,Electric,36,28.0,77.78,20.18,565.04,3.27,39.24,27.0,Rainy,Low,Delayed,3.5
1097,BUS11097,DL22A1694,2024-12-15,Bengaluru,R163,Electronic City-Hebbal,Electronic City Terminal,Hebbal Stop,06:30,07:29,37.7,Non-AC,46,33.0,71.74,14.42,475.86,13.47,1279.65,0.0,Sunny,Low,On Time,3.9
1244,BUS11244,WB71A5010,2024-11-09,Jaipur,L19,Vidhyadhar Nagar-Sitapura,Vidhyadhar Nagar Terminal,Sitapura Junction,19:15,01:57,105.5,AC,39,20.0,51.28,33.63,672.6,36.22,3440.9,0.0,Cloudy,High,On Time,3.2
1196,BUS11196,RJ32A2004,2024-04-17,Delhi,L92,Rajouri Garden-Anand Vihar,Rajouri Garden Terminal,Anand Vihar Stop,17:10,21:13,66.1,Mini Bus,25,15.0,60.0,24.73,370.95,13.94,1324.3,0.0,Foggy,High,On Time,4.9
619,BUS10619,GJ91A4808,2024-10-11,Bengaluru,R115,Electronic City-Hebbal,Electronic City Junction,Hebbal Junction,15:10,15:52,30.1,Electric,31,22.0,70.97,22.71,499.62,2.66,31.92,0.0,Sunny,Low,On Time,3.5
271,BUS10271,UP52C1118,2025-12-29,Mumbai,B65,Kurla-Bandra,Kurla Stop,Bandra Terminal,20:40,00:02,102.7,Non-AC,40,30.0,75.0,24.32,729.6,33.28,3161.6,10.0,Rainy,Medium,On Time,3.5
333,BUS10333,TN99B3398,2024-01-02,Pune,R108,Hadapsar-Shivajinagar,Hadapsar Junction,Shivajinagar Junction,05:40,06:52,31.4,AC,44,47.0,106.82,22.86,1074.42,9.89,939.55,11.0,Sunny,,Delayed,2.1
836,BUS10836,DL57A1049,2024-09-20,Jaipur,R124,Vidhyadhar Nagar-Sitapura,Vidhyadhar Nagar Junction,Sitapura Terminal,12:00,13:39,40.2,Non-AC,56,57.0,101.79,19.15,1091.55,11.9,1130.5,14.0,Sunny,Medium,Delayed,3.5
111,BUS10111,GJ15A6480,2025-05-21,Mumbai,B173,Thane-CST,Thane Terminal,CST Stand,17:20,20:40,113.1,AC,35,0.0,0.0,36.17,0.0,40.05,3804.75,0.0,Sunny,Medium,Cancelled,1.5
1642,BUS11642,GJ42C9858,2025-09-27,Delhi,L215,Rohini-Connaught Place,Rohini Stop,Connaught Place Stand,21:15,00:03,92.5,Electric,38,18.0,47.37,33.59,604.62,8.23,98.76,0.0,Cloudy,Medium,On Time,3.3
606,BUS10606,UP80A6934,2024-04-02,Mumbai,L138,Borivali-Colaba,Borivali Stand,Colaba Terminal,17:35,21:32,90.7,Non-AC,56,32.0,57.14,27.1,867.2,22.81,2166.95,44.0,Foggy,Medium,Delayed,2.8
384,BUS10384,WB36B8634,2025-03-09,Mumbai,L223,Thane-CST,Thane Junction,CST Stand,09:00,12:17,59.4,Electric,43,0.0,0.0,,0.0,4.36,52.32,0.0,Foggy,High,Cancelled,1.4
1314,BUS11314,WB14C8764,2024-12-29,Jaipur,R57,Vaishali Nagar-Badi Chaupar,Vaishali Nagar Stand,Badi Chaupar Stop,09:55,12:46,51.8,AC,52,11.0,21.15,42.09,462.99,18.38,1746.1,0.0,Rainy,High,On Time,4.8
1090,BUS11090,DL28A4270,2025-09-03,Bengaluru,L149,Jayanagar-KR Puram,Jayanagar Stop,KR Puram Junction,14:35,17:25,42.7,Electric,44,0.0,0.0,21.94,0.0,2.26,27.12,3.0,Cloudy,High,On Time,4.1
1528,BUS11528,DL18B9221,2024-04-11,Delhi,L23,Rohini-Connaught Place,Rohini Terminal,Connaught Place Stand,18:40,21:43,57.7,Non-AC,44,10.0,22.73,17.44,174.4,16.02,1521.9,,Cloudy,High,On Time,4.6
434,BUS10434,MH21C7332,2024-02-12,Hyderabad,L18,Dilsukhnagar-Ameerpet,Dilsukhnagar Stand,Ameerpet Stand,11:35,12:27,31.6,Electric,38,26.0,68.42,21.21,551.46,2.23,26.76,0.0,Sunny,Low,On Time,4.1
562,BUS10562,UP14A9913,2025-06-03,Chennai,B66,Anna Nagar-Guindy,Anna Nagar Junction,Guindy Terminal,21:50,22:52,32.1,Mini Bus,29,31.0,106.9,12.11,375.41,7.77,738.15,0.0,Cloudy,Medium,On Time,5.0
862,BUS10862,WB33C3178,2024-05-09,Jaipur,L244,Vidhyadhar Nagar-Sitapura,Vidhyadhar Nagar Junction,Sitapura Terminal,11:45,13:16,51.5,Non-AC,48,10.0,20.83,21.44,214.4,14.31,1359.45,23.0,Foggy,Low,Delayed,3.8
1937,BUS11937,MH53A7862,2024-06-16,Ahmedabad,L192,Vastrapur-Kalupur,Vastrapur Terminal,Kalupur Stop,14:20,15:05,23.9,Electric,45,0.0,0.0,15.05,0.0,1.96,,0.0,Sunny,Medium,On Time,4.3
1495,BUS11495,TS34C6224,2024-07-30,Bengaluru,R214,Marathahalli-Banashankari,Marathahalli Stop,Banashankari Junction,10:50,13:21,29.7,AC,38,9.0,23.68,36.92,332.28,11.81,1121.95,26.0,Foggy,High,Delayed,2.8
1012,BUS11012,WB30B2795,2025-01-05,Pune,R181,Hinjewadi-Swargate,Hinjewadi Stop,Swargate Stop,16:30,16:46,8.2,Non-AC,46,16.0,34.78,14.82,237.12,2.49,236.55,2.0,Rainy,Medium,On Time,4.9
505,BUS10505,MH42C4248,2024-03-28,Mumbai,B205,Borivali-Colaba,Borivali Terminal,Colaba Junction,18:55,21:50,48.7,AC,43,0.0,0.0,38.29,0.0,18.03,1712.85,8.0,Foggy,High,On Time,4.4
959,BUS10959,TN86C7155,2025-10-12,Hyderabad,R169,Gachibowli-Koti,Gachibowli Terminal,Koti Junction,15:50,19:34,66.7,Electric,41,39.0,95.12,28.84,1124.76,5.28,63.36,7.0,Foggy,High,On Time,
119,BUS10119,RJ80C6171,2025-04-11,Lucknow,L26,Gomti Nagar-Charbagh,Gomti Nagar Stop,Charbagh Junction,05:35,08:15,90.8,Mini Bus,33,33.0,100.0,22.75,750.75,22.33,2121.35,0.0,Rainy,Medium,On Time,3.1
838,BUS10838,TN81A8447,2025-11-18,Hyderabad,B108,Gachibowli-Koti,Gachibowli Stop,Koti Terminal,12:30,16:20,116.9,Non-AC,59,35.0,59.32,35.59,1245.65,29.47,2799.65,40.0,Sunny,Low,Delayed,3.4
1044,BUS11044,GJ39C1112,2025-04-14,Kolkata,L71,Jadavpur-Barasat,Jadavpur Stop,Barasat Terminal,16:45,21:04,72.8,Mini Bus,30,23.0,76.67,21.45,493.35,13.65,,0.0,Foggy,High,On Time,3.6
1963,BUS11963,KA28A1762,2024-12-29,Delhi,R172,Rohini-Connaught Place,Rohini Terminal,Connaught Place Stand,09:15,12:30,88.1,Electric,33,4.0,12.12,33.21,132.84,6.75,81.0,29.0,Rainy,Medium,Delayed,3.7
417,BUS10417,UP75B6808,2024-07-31,Pune,L83,Wagholi-Katraj,Wagholi Terminal,Katraj Terminal,08:45,09:30,15.3,AC,55,53.0,96.36,29.24,1549.72,5.13,487.35,8.0,Foggy,Medium,On Time,4.2
265,BUS10265,DL35C6307,2024-10-15,Hyderabad,R204,Gachibowli-Koti,Gachibowli Junction,Koti Junction,13:20,15:09,75.2,Non-AC,41,40.0,97.56,30.81,1232.4,23.85,2265.75,0.0,Rainy,Low,On Time,3.4
1104,BUS11104,WB94A2208,2024-02-01,Bengaluru,L60,Electronic City-Hebbal,Electronic City Stop,Hebbal Stand,10:00,11:28,56.9,Electric,33,22.0,66.67,31.66,696.52,3.11,37.32,9.0,Sunny,Low,On Time,5.0
1038,BUS11038,TN52A4000,2025-07-22,Hyderabad,R29,Kukatpally-Secunderabad,Kukatpally Stand,Secunderabad Terminal,15:30,19:27,112.1,Electric,34,18.0,52.94,31.12,560.16,6.68,80.16,31.0,Sunny,Medium,Delayed,2.7
1659,BUS11659,TN51B7660,2025-10-12,Kolkata,L177,Jadavpur-Barasat,Jadavpur Stop,Barasat Terminal,12:15,12:47,14.7,AC,45,28.0,62.22,23.14,647.92,5.96,566.2,0.0,Rainy,Medium,On Time,3.9
855,BUS10855,KA91A1182,2024-03-14,Hyderabad,B229,Kukatpally-Secunderabad,Kukatpally Terminal,Secunderabad Stop,05:35,07:22,55.6,Non-AC,58,54.0,93.1,18.63,1006.02,19.67,1868.65,0.0,Rainy,Medium,On Time,4.6
1706,BUS11706,MH82A1674,2024-11-16,Hyderabad,R98,Uppal-Mehdipatnam,Uppal Stand,Mehdipatnam Junction,13:25,14:20,15.8,AC,40,14.0,35.0,34.63,484.82,4.56,433.2,20.0,Foggy,Medium,Delayed,3.6
831,BUS10831,UP28B1954,2024-06-13,Jaipur,B189,Malviya Nagar-Sindhi Camp,Malviya Nagar Stop,Sindhi Camp Stand,08:55,14:02,60.7,Electric,43,23.0,,32.96,758.08,5.69,68.28,78.0,Cloudy,High,Delayed,4.0
549,BUS10549,WB56B9358,2024-09-16,Delhi,L27,Rohini-Connaught Place,Rohini Junction,Connaught Place Terminal,13:05,14:59,52.2,Electric,44,7.0,15.91,28.56,199.92,3.73,44.76,25.0,Foggy,Low,Delayed,
1862,BUS11862,RJ30A7186,2024-02-12,Bengaluru,R34,Jayanagar-KR Puram,Jayanagar Junction,KR Puram Terminal,22:45,00:48,48.1,AC,48,14.0,29.17,29.88,418.32,18.47,1754.65,37.0,Rainy,Medium,Delayed,3.6
1712,BUS11712,RJ24B2817,2024-01-15,Pune,R94,Wagholi-Katraj,Wagholi Junction,Katraj Stand,12:50,18:19,59.5,Mini Bus,32,2.0,6.25,23.89,47.78,10.86,1031.7,44.0,Sunny,High,Delayed,3.9
1212,BUS11212,GJ69A9738,2024-10-30,Jaipur,B207,Mansarovar-Amer,Mansarovar Stand,Amer Stop,09:15,09:40,9.0,Non-AC,57,17.0,29.82,11.35,192.95,2.8,266.0,12.0,Rainy,Low,Delayed,
1899,BUS11899,KA75B6492,2024-12-03,Jaipur,B10,Malviya Nagar-Sindhi Camp,Malviya Nagar Stop,Sindhi Camp Terminal,17:15,19:30,51.5,Non-AC,44,23.0,52.27,20.78,477.94,14.16,1345.2,0.0,Cloudy,Medium,On Time,3.2
38,BUS10038,DL23B9036,2024-07-21,Bengaluru,B146,Electronic City-Hebbal,Electronic City Terminal,Hebbal Terminal,14:10,17:28,101.3,AC,50,40.0,80.0,45.91,1836.4,31.51,2993.45,15.0,Foggy,Medium,Delayed,3.2
1661,BUS11661,DL30C5183,2024-08-02,Ahmedabad,L27,Satellite-Vastral,Satellite Junction,Vastral Stand,19:05,21:06,71.2,AC,50,19.0,38.0,35.62,676.78,27.15,2579.25,0.0,Rainy,Low,On Time,3.1
200,BUS10200,WB56C3185,2025-01-02,Mumbai,L273,Thane-CST,Thane Stop,CST Terminal,16:20,18:13,67.5,Non-AC,45,31.0,68.89,23.08,715.48,21.64,2055.8,3.0,Sunny,Low,On Time,4.5
1914,BUS11914,RJ16A3254,2025-12-25,Mumbai,L24,Kurla-Bandra,Kurla Stand,Bandra Stand,13:10,14:12,30.0,Mini Bus,26,13.0,50.0,11.79,153.27,6.47,614.65,0.0,Rainy,Medium,On Time,4.0
1211,BUS11211,TS21A4739,2024-05-19,Jaipur,R18,Vidhyadhar Nagar-Sitapura,Vidhyadhar Nagar Terminal,Sitapura Terminal,09:30,,46.0,Mini Bus,26,4.0,15.38,16.84,67.36,9.84,934.8,88.0,Rainy,High,Delayed,3.7
297,BUS10297,MH11A3875,2024-09-25,Delhi,R67,Dwarka-ITO,Dwarka Stand,ITO Terminal,13:15,16:53,104.7,AC,38,32.0,84.21,41.05,1313.6,30.99,2944.05,0.0,Cloudy,Medium,On Time,3.4
294,BUS10294,KA88C8540,2024-05-16,Hyderabad,R129,Dilsukhnagar-Ameerpet,Dilsukhnagar Terminal,Ameerpet Terminal,20:00,20:38,21.2,Electric,39,16.0,41.03,24.87,397.92,1.99,23.88,0.0,Sunny,Medium,On Time,3.3
100,BUS10100,MH14C9376,2025-03-11,Mumbai,B98,Thane-CST,Thane Terminal,CST Junction,09:20,10:52,13.3,AC,51,18.0,35.29,17.08,307.44,5.22,495.9,42.0,Rainy,High,Delayed,3.1
233,BUS10233,GJ30A2474,2025-12-26,Kolkata,L237,Garia-Esplanade,Garia Junction,Esplanade Junction,15:45,19:04,54.9,Non-AC,49,41.0,83.67,19.36,793.76,15.68,1489.6,0.0,Foggy,High,On Time,4.6
693,BUS10693,TN92B1192,2024-06-14,Bengaluru,R205,Marathahalli-Banashankari,Marathahalli Junction,Banashankari Junction,05:50,08:11,96.7,Electric,34,30.0,88.24,38.98,1169.4,9.61,115.32,0.0,Sunny,Low,On Time,3.5
407,BUS10407,MH79B2420,2025-08-09,Chennai,R36,Velachery-T Nagar,Velachery Junction,T Nagar Stand,08:15,14:47,91.9,Mini Bus,29,24.0,82.76,23.75,570.0,18.6,1767.0,19.0,Sunny,High,Delayed,3.3
1722,BUS11722,TS92A4893,2024-08-29,Jaipur,R238,Vidhyadhar Nagar-Sitapura,Vidhyadhar Nagar Stand,Sitapura Terminal,11:05,12:29,58.6,Non-AC,55,28.0,50.91,26.15,732.2,18.14,1723.3,0.0,Foggy,Low,On Time,3.3
317,BUS10317,GJ33C2827,2025-12-09,Jaipur,L214,Malviya Nagar-Sindhi Camp,Malviya Nagar Stop,Sindhi Camp Terminal,19:50,23:50,92.5,Mini Bus,30,12.0,40.0,24.71,296.52,24.59,2336.05,0.0,Cloudy,Medium,On Time,3.4
472,BUS10472,RJ52B4141,2025-11-20,Hyderabad,L218,Uppal-Mehdipatnam,Uppal Terminal,Mehdipatnam Terminal,16:25,17:52,38.8,AC,36,43.0,119.44,35.54,1528.22,12.28,1166.6,5.0,Sunny,Medium,On Time,4.1
1933,BUS11933,DL92B2454,2024-10-02,Jaipur,B12,Jagatpura-Sanganer,Jagatpura Terminal,Sanganer Stand,18:45,20:14,63.2,Mini Bus,33,5.0,15.15,21.49,107.45,11.41,,0.0,Cloudy,Low,On Time,3.6
985,BUS10985,TS74A8304,2024-03-27,Kolkata,B135,Salt Lake-Howrah,Salt Lake Junction,Howrah Junction,06:30,08:32,26.2,Non-AC,54,34.0,62.96,17.75,603.5,7.29,692.55,83.0,Foggy,Low,Delayed,2.3
1943,BUS11943,TN20C3404,2024-09-17,Ahmedabad,B69,Maninagar-Gota,Maninagar Stand,Gota Terminal,21:30,02:06,114.1,Mini Bus,34,6.0,17.65,24.37,146.22,21.7,2061.5,88.0,Cloudy,Low,Delayed,2.5
1664,BUS11664,RJ64B6713,2024-11-02,Chennai,R231,Porur-Egmore,Porur Terminal,Egmore Stop,18:25,19:24,16.3,Electric,50,41.0,82.0,23.93,981.13,1.42,17.04,31.0,Cloudy,Medium,Delayed,2.6
1536,BUS11536,UP47C6540,2025-05-17,Bengaluru,R258,Electronic City-Hebbal,Electronic City Stand,Hebbal Terminal,10:00,14:58,117.2,Electric,30,12.0,40.0,39.71,476.52,9.82,117.84,26.0,Sunny,Medium,Delayed,2.3
949,BUS10949,TS50B3243,2025-04-11,Pune,B200,Hinjewadi-Swargate,Hinjewadi Stand,Swargate Junction,11:40,16:06,100.2,Non-AC,44,47.0,106.82,28.8,1353.6,35.07,3331.65,28.0,Rainy,Medium,Delayed,3.2
1618,BUS11618,TN47B9051,2025-06-01,Jaipur,B16,Malviya Nagar-Sindhi Camp,Malviya Nagar Stand,Sindhi Camp Stand,12:25,15:33,111.5,Mini Bus,32,5.0,15.62,31.4,157.0,27.85,2645.75,8.0,Cloudy,Low,On Time,4.9
733,BUS10733,DL43A1265,2025-08-29,Hyderabad,L149,Kukatpally-Secunderabad,Kukatpally Stop,Secunderabad Junction,10:45,16:07,108.6,AC,45,24.0,53.33,38.99,935.76,44.54,4231.3,26.0,Cloudy,Medium,Delayed,2.6
1073,BUS11073,TS70C4652,2024-10-17,Pune,B290,Aundh-Camp,Aundh Terminal,Camp Stop,14:50,20:50,113.0,AC,47,46.0,97.87,38.59,1775.14,44.0,4180.0,10.0,Foggy,High,On Time,4.0
1120,BUS11120,GJ79C5352,2024-06-13,Bengaluru,B218,Yeshwanthpur-Silk Board,Yeshwanthpur Junction,Silk Board Stop,12:00,15:08,117.9,Electric,32,2.0,6.25,32.2,64.4,6.21,74.52,0.0,Foggy,Low,On Time,3.8
399,BUS10399,GJ63A9950,2025-05-22,Lucknow,B49,Gomti Nagar-Charbagh,Gomti Nagar Stand,Charbagh Stand,14:25,16:07,74.9,Mini Bus,26,30.0,115.38,19.11,573.3,20.43,1940.85,0.0,Foggy,Low,On Time,4.8
678,BUS10678,DL91B1519,2025-01-03,Ahmedabad,B100,Satellite-Vastral,Satellite Stand,Vastral Stop,22:20,05:14,108.6,Non-AC,49,56.0,114.29,33.66,1884.96,28.19,2678.05,0.0,Rainy,High,On Time,3.5
1784,BUS11784,RJ78B7871,2024-08-31,Mumbai,R194,Borivali-Colaba,Borivali Junction,Colaba Stand,15:10,21:57,104.9,Electric,44,2.0,4.55,35.47,70.94,6.8,81.6,13.0,Rainy,High,Delayed,3.5
944,BUS10944,DL87A7684,2025-09-07,Hyderabad,R196,Dilsukhnagar-Ameerpet,Dilsukhnagar Terminal,Ameerpet Junction,17:45,18:34,21.0,Electric,41,6.0,14.63,20.29,121.74,1.89,22.68,0.0,Foggy,Medium,On Time,3.6
470,BUS10470,UP54A7502,2025-02-14,Jaipur,L169,Jagatpura-Sanganer,Jagatpura Stop,Sanganer Terminal,21:30,22:30,31.3,Mini Bus,32,7.0,21.88,17.32,121.24,6.95,660.25,0.0,Rainy,Medium,On Time,3.8
1930,BUS11930,MH96A4896,2025-09-26,Hyderabad,B37,Kukatpally-Secunderabad,Kukatpally Stop,Secunderabad Stand,15:30,18:32,74.4,Electric,48,23.0,47.92,21.23,488.29,4.65,55.8,23.0,Foggy,Medium,Delayed,2.9
1717,BUS11717,WB70C5680,2024-07-21,Kolkata,B242,Salt Lake-Howrah,Salt Lake Junction,Howrah Stand,16:25,18:14,61.3,Mini Bus,31,5.0,16.13,19.57,97.85,12.66,1202.7,24.0,Rainy,Low,Delayed,2.2
44,BUS10044,MH82B5976,2024-04-18,Bengaluru,R24,Jayanagar-KR Puram,Jayanagar Stand,KR Puram Stand,21:25,00:07,66.4,Mini Bus,34,9.0,26.47,20.57,185.13,12.37,1175.15,0.0,Cloudy,Medium,On Time,4.7
1083,BUS11083,GJ80C6512,2024-12-06,Bengaluru,B48,Marathahalli-Banashankari,Marathahalli Stop,Banashankari Terminal,05:10,07:18,46.4,AC,36,28.0,77.78,41.23,1154.44,13.89,1319.55,15.0,Rainy,Medium,Delayed,2.5
280,BUS10280,TN13C3070,2024-07-26,Ahmedabad,B37,Bopal-Naroda,Bopal Stand,Naroda Stop,16:30,20:13,42.4,Non-AC,51,47.0,92.16,24.95,1172.65,13.36,1269.2,46.0,Sunny,High,Delayed,3.3
1062,BUS11062,WB27B4667,2024-03-15,Jaipur,B182,Jagatpura-Sanganer,Jagatpura Junction,Sanganer Junction,17:05,19:19,47.0,AC,39,22.0,56.41,28.37,624.14,15.93,,15.0,Sunny,Medium,Delayed,2.1
575,BUS10575,DL68B5280,2025-09-07,Mumbai,L4,Thane-CST,Thane Terminal,CST Stand,13:30,14:09,12.9,Electric,35,18.0,51.43,23.9,430.2,1.13,13.56,0.0,Cloudy,High,On Time,4.5
217,BUS10217,MH46A6044,2024-04-03,Hyderabad,R226,Uppal-Mehdipatnam,Uppal Junction,Mehdipatnam Stand,22:35,02:29,75.4,Non-AC,52,53.0,101.92,25.44,1348.32,20.16,1915.2,0.0,Rainy,High,On Time,3.8
984,BUS10984,UP90B1635,2025-03-06,Mumbai,L199,Andheri-Dadar,Andheri Stand,Dadar Stop,15:55,17:46,62.5,Electric,30,16.0,53.33,27.58,441.28,6.23,74.76,8.0,Rainy,Low,On Time,3.4
591,BUS10591,MH30B8207,2025-09-07,Bengaluru,R41,Marathahalli-Banashankari,Marathahalli Stand,Banashankari Stop,16:35,19:17,76.6,Electric,37,19.0,51.35,34.51,655.69,3.96,47.52,8.0,Sunny,Medium,On Time,3.8
1944,BUS11944,RJ93A2512,2024-11-15,Hyderabad,B298,Dilsukhnagar-Ameerpet,Dilsukhnagar Stop,Ameerpet Stop,15:20,17:18,78.4,Electric,35,14.0,40.0,27.31,382.34,5.24,62.88,0.0,Sunny,Low,On Time,4.3
685,BUS10685,RJ69B8493,2024-03-21,Pune,R129,Hinjewadi-Swargate,Hinjewadi Stand,Swargate Stop,21:10,01:14,78.3,Electric,30,35.0,116.67,33.48,1171.8,4.45,53.4,7.0,Foggy,High,On Time,
1091,BUS11091,GJ76A7180,2025-07-19,Pune,B169,Kothrud-Viman Nagar,Kothrud Junction,Viman Nagar Stand,20:30,00:07,49.4,AC,50,38.0,76.0,33.01,1254.38,15.01,1425.95,1.0,Foggy,High,On Time,3.9
993,BUS10993,KA52C4100,2025-03-30,Jaipur,L261,Malviya Nagar-Sindhi Camp,Malviya Nagar Stop,Sindhi Camp Terminal,15:05,15:45,15.9,Electric,37,38.0,102.7,20.32,772.16,0.86,10.32,15.0,Sunny,Low,Delayed,2.2
1704,BUS11704,KA90C5818,2024-01-31,Pune,L7,Wagholi-Katraj,Wagholi Stand,Katraj Stand,09:00,11:05,78.9,AC,35,20.0,57.14,32.61,652.2,22.48,2135.6,0.0,Sunny,Low,On Time,4.7
1403,BUS11403,KA46C5609,2025-12-28,Lucknow,B262,Gomti Nagar-Charbagh,Gomti Nagar Junction,Charbagh Terminal,20:00,21:30,65.7,Mini Bus,28,33.0,117.86,21.08,695.64,12.85,1220.75,0.0,Rainy,Low,On Time,4.7
1392,BUS11392,RJ72C8351,2025-11-05,Mumbai,R289,Powai-Churchgate,Powai Stop,Churchgate Junction,17:40,18:10,18.6,Electric,48,36.0,75.0,25.54,919.44,1.09,13.08,2.0,Sunny,Low,On Time,4.2
542,BUS10542,TN79A9699,2024-01-03,Mumbai,L95,Thane-CST,Thane Stop,CST Stand,08:25,10:18,26.0,Non-AC,47,46.0,97.87,13.53,622.38,9.14,868.3,0.0,Foggy,High,On Time,
790,BUS10790,TN41C9892,2025-08-06,Chennai,L236,Tambaram-Parrys,Tambaram Junction,Parrys Stand,07:15,09:31,81.4,Electric,42,7.0,16.67,24.46,171.22,6.25,75.0,0.0,Sunny,Low,On Time,4.2
135,BUS10135,DL93C6721,2025-08-19,Lucknow,R26,Gomti Nagar-Charbagh,Gomti Nagar Junction,Charbagh Stop,10:35,13:15,82.4,Mini Bus,27,32.0,118.52,21.75,696.0,22.75,2161.25,12.0,Sunny,Medium,Delayed,2.1
864,BUS10864,TN90B2202,2024-03-25,Delhi,L203,Rohini-Connaught Place,Rohini Stop,Connaught Place Junction,05:55,07:07,23.4,Electric,46,49.0,106.52,27.0,1323.0,1.4,16.8,0.0,Rainy,High,On Time,4.8
201,BUS10201,WB40A8822,2025-08-26,Chennai,R122,Anna Nagar-Guindy,Anna Nagar Stand,Guindy Terminal,17:30,19:39,43.6,AC,42,4.0,9.52,26.74,106.96,16.93,1608.35,4.0,Sunny,High,On Time,3.7
1296,BUS11296,KA50A2597,2024-10-03,Lucknow,R185,Gomti Nagar-Charbagh,Gomti Nagar Terminal,Charbagh Stand,19:10,02:10,93.5,Mini Bus,29,23.0,79.31,28.39,652.97,18.49,1756.55,0.0,Foggy,,On Time,4.1
747,BUS10747,DL80B1615,2024-11-11,Ahmedabad,L78,Vastrapur-Kalupur,Vastrapur Stand,Kalupur Stand,11:30,13:22,57.7,Mini Bus,32,9.0,28.12,16.22,145.98,13.01,1235.95,30.0,Rainy,Low,Delayed,2.3
848,BUS10848,KA96A6802,2025-12-10,Delhi,B7,Dwarka-ITO,Dwarka Stop,ITO Stand,09:50,11:27,46.9,Electric,43,27.0,62.79,31.67,855.09,4.25,51.0,4.0,Cloudy,Medium,On Time,3.9
1277,BUS11277,TS32B8292,2024-10-08,Chennai,L242,Velachery-T Nagar,Velachery Junction,T Nagar Stand,17:10,19:29,97.0,Mini Bus,25,14.0,56.0,22.98,321.72,25.23,2396.85,9.0,Rainy,Low,On Time,3.2
402,BUS10402,DL49B2488,2024-01-07,Hyderabad,R115,Dilsukhnagar-Ameerpet,Dilsukhnagar Stop,Ameerpet Stop,06:45,09:33,82.8,Mini Bus,33,25.0,75.76,23.1,577.5,21.45,2037.75,20.0,Rainy,Medium,Delayed,3.8
989,BUS10989,GJ27B5003,2025-09-18,Kolkata,R40,Salt Lake-Howrah,Salt Lake Junction,Howrah Stand,15:20,16:59,52.8,Non-AC,49,50.0,102.04,24.39,1219.5,17.75,1686.25,11.0,Rainy,Low,Delayed,3.2
634,BUS10634,MH76A4322,2025-04-23,Lucknow,R162,Gomti Nagar-Charbagh,Gomti Nagar Junction,Charbagh Junction,12:05,12:23,12.5,Mini Bus,35,13.0,37.14,10.77,140.01,3.32,315.4,0.0,Rainy,Low,On Time,
19,BUS10019,WB23B8395,2025-07-25,Lucknow,R16,Indira Nagar-Hazratganj,Indira Nagar Stand,Hazratganj Terminal,06:50,07:03,7.2,Non-AC,55,60.0,109.09,12.11,726.6,1.87,177.65,0.0,Rainy,Medium,On Time,3.5
755,BUS10755,TN77A8913,2024-11-11,Bengaluru,R141,Electronic City-Hebbal,Electronic City Stand,Hebbal Stop,16:25,20:04,89.0,Non-AC,57,60.0,105.26,25.59,1535.4,24.29,2307.55,0.0,Sunny,Medium,On Time,4.2
1895,BUS11895,UP54C9391,2025-01-30,Mumbai,L157,Powai-Churchgate,Powai Stop,Churchgate Junction,09:50,11:55,85.4,Mini Bus,25,1.0,4.0,23.54,23.54,18.48,1755.6,2.0,Cloudy,Low,On Time,3.8
1662,BUS11662,TN38A3201,2025-04-14,Jaipur,B213,Vaishali Nagar-Badi Chaupar,Vaishali Nagar Stop,Badi Chaupar Stop,09:15,11:00,44.2,Electric,30,22.0,73.33,17.82,392.04,2.92,35.04,14.0,Rainy,Medium,Delayed,2.5
1153,BUS11153,RJ62C5974,2025-11-11,Pune,B187,Wagholi-Katraj,Wagholi Junction,Katraj Stop,12:55,16:33,93.3,Mini Bus,32,13.0,40.62,24.75,321.75,19.68,1869.6,6.0,Foggy,Medium,On Time,3.7
617,BUS10617,WB23B8180,2024-11-27,Jaipur,L81,Vaishali Nagar-Badi Chaupar,Vaishali Nagar Junction,Badi Chaupar Stand,06:05,06:41,25.0,Non-AC,55,53.0,96.36,15.12,801.36,8.63,819.85,0.0,Foggy,Low,On Time,4.4
1686,BUS11686,RJ67B5117,2025-06-16,Lucknow,L297,Vikas Nagar-Kaiserbagh,Vikas Nagar Stop,Kaiserbagh Stand,19:50,20:30,17.4,Mini Bus,26,24.0,92.31,17.35,416.4,4.78,454.1,12.0,Foggy,Low,Delayed,3.7
921,BUS10921,DL47A5028,2025-10-03,Mumbai,B225,Powai-Churchgate,Powai Junction,Churchgate Terminal,15:55,16:57,41.0,Electric,38,38.0,100.0,25.24,959.12,2.5,30.0,0.0,Rainy,Low,On Time,3.1
64,BUS10064,UP23A8736,2024-08-05,Kolkata,L80,Jadavpur-Barasat,Jadavpur Stop,Barasat Stop,09:50,10:10,6.8,AC,35,0.0,0.0,30.41,0.0,2.13,202.35,0.0,Cloudy,High,Cancelled,2.4
27,BUS10027,KA90B9654,2025-10-13,Mumbai,R120,Andheri-Dadar,Andheri Stand,Dadar Junction,18:55,22:07,92.8,AC,37,29.0,78.38,34.49,1000.21,30.09,2858.55,0.0,Cloudy,Medium,On Time,4.0
1139,BUS11139,GJ54C9183,2024-12-14,Mumbai,L275,Borivali-Colaba,Borivali Terminal,Colaba Stand,06:45,12:16,106.4,Non-AC,60,5.0,8.33,34.78,173.9,36.38,3456.1,61.0,Foggy,Medium,Delayed,4.0
1293,BUS11293,TS17B5083,2024-05-19,Mumbai,B248,Thane-CST,Thane Stop,CST Terminal,12:40,13:06,13.7,Mini Bus,28,4.0,14.29,9.97,39.88,2.47,234.65,2.0,Cloudy,Medium,On Time,4.0
1898,BUS11898,UP60A5595,2025-07-18,Delhi,R178,Dwarka-ITO,Dwarka Stop,ITO Terminal,21:15,00:07,58.4,Electric,45,35.0,77.78,22.1,773.5,3.91,46.92,0.0,Cloudy,High,On Time,3.6
73,BUS10073,RJ80A8192,2024-06-01,Pune,B114,Kothrud-Viman Nagar,Kothrud Stand,Viman Nagar Terminal,13:30,15:33,52.4,Non-AC,40,7.0,17.5,17.7,123.9,16.6,1577.0,0.0,Cloudy,Medium,On Time,4.1
1048,BUS11048,DL69B1308,2024-12-01,Hyderabad,B160,Gachibowli-Koti,Gachibowli Junction,Koti Stand,22:05,22:49,30.2,AC,35,11.0,31.43,23.26,255.86,11.3,1073.5,0.0,Sunny,Low,On Time,4.2
672,BUS10672,WB23A8035,2024-09-24,Jaipur,B189,Jagatpura-Sanganer,Jagatpura Terminal,Sanganer Stop,19:05,21:56,110.8,AC,54,0.0,0.0,40.14,0.0,31.11,2955.45,0.0,Foggy,Low,Cancelled,1.3
393,BUS10393,MH41C5000,2024-11-13,Chennai,L145,Adyar-Broadway,Adyar Junction,Broadway Stand,14:40,15:24,26.1,Non-AC,53,23.0,43.4,13.66,314.18,8.59,816.05,2.0,Rainy,Low,On Time,3.5
892,BUS10892,GJ88B5145,2024-06-07,Mumbai,L91,Powai-Churchgate,Powai Stop,Churchgate Junction,22:55,01:43,118.1,Non-AC,58,67.0,115.52,34.45,2308.15,32.71,3107.45,0.0,Cloudy,Low,On Time,3.8
1265,BUS11265,GJ78B8072,2025-09-14,Pune,R111,Hadapsar-Shivajinagar,Hadapsar Stop,Shivajinagar Stand,06:20,07:24,22.4,Electric,45,32.0,71.11,19.17,613.44,1.32,15.84,0.0,Foggy,High,On Time,4.3
42,BUS10042,MH35A7610,2024-06-14,Hyderabad,L122,Dilsukhnagar-Ameerpet,Dilsukhnagar Junction,Ameerpet Junction,13:50,15:26,42.7,Mini Bus,27,6.0,22.22,15.42,92.52,9.97,947.15,6.0,Foggy,Medium,On Time,
1577,BUS11577,WB81A4642,2024-01-12,Chennai,R42,Anna Nagar-Guindy,Anna Nagar Terminal,Guindy Stand,06:05,06:50,33.8,AC,44,9.0,20.45,39.78,358.02,14.16,1345.2,0.0,Sunny,,On Time,3.4
1279,BUS11279,WB18B3350,2024-12-24,Hyderabad,L40,Uppal-Mehdipatnam,Uppal Terminal,Mehdipatnam Stand,11:50,13:21,54.9,Non-AC,44,34.0,77.27,21.49,730.66,14.09,1338.55,3.0,Foggy,Low,On Time,3.5
928,BUS10928,TS62A4546,2025-06-13,Mumbai,L264,Borivali-Colaba,Borivali Terminal,Colaba Junction,09:20,10:26,46.2,Non-AC,56,67.0,119.64,26.52,1776.84,16.0,1520.0,0.0,Rainy,Low,On Time,3.8
1042,BUS11042,TN74B4043,2025-08-14,Lucknow,B240,Indira Nagar-Hazratganj,Indira Nagar Stand,Hazratganj Terminal,12:20,15:06,99.3,Electric,40,19.0,47.5,27.56,523.64,8.02,96.24,29.0,Rainy,Low,Delayed,2.5
1968,BUS11968,TN98A5103,2024-02-18,Ahmedabad,R246,Chandkheda-Isanpur,Chandkheda Stop,Isanpur Stand,10:05,12:25,100.8,AC,39,34.0,87.18,40.88,1389.92,37.02,3516.9,0.0,Foggy,Low,On Time,3.1
1643,BUS11643,TN99B7381,2025-08-13,Hyderabad,R150,Gachibowli-Koti,Gachibowli Junction,Koti Stand,17:10,20:53,75.0,Mini Bus,32,7.0,21.88,25.96,181.72,17.92,1702.4,40.0,Rainy,Medium,Delayed,3.8
1502,BUS11502,GJ10B3064,2025-09-11,Mumbai,L155,Borivali-Colaba,Borivali Terminal,Colaba Junction,13:35,21:17,118.5,Electric,41,26.0,63.41,29.2,759.2,7.48,89.76,83.0,Foggy,High,Delayed,2.7
174,BUS10174,UP40A3871,2025-10-06,Lucknow,R151,Alambagh-Aliganj,Alambagh Stand,Aliganj Junction,12:35,13:35,8.5,Electric,33,4.0,12.12,20.63,82.52,0.61,7.32,32.0,Sunny,High,Delayed,2.5
1870,BUS11870,DL18C1403,2024-07-05,Kolkata,R241,Garia-Esplanade,Garia Terminal,Esplanade Stand,18:20,23:43,68.8,Non-AC,51,43.0,84.31,25.94,1115.42,21.38,2031.1,0.0,Rainy,High,On Time,
46,BUS10046,RJ78A7146,2025-03-23,Bengaluru,B33,Marathahalli-Banashankari,Marathahalli Junction,Banashankari Stand,19:05,22:35,90.3,Mini Bus,27,3.0,11.11,22.67,68.01,21.25,2018.75,90.0,Foggy,Low,Delayed,3.4
199,BUS10199,KA38A4449,2024-05-04,Pune,L93,Aundh-Camp,Aundh Stand,Camp Terminal,13:45,18:59,106.3,Electric,42,32.0,76.19,28.16,901.12,7.25,87.0,29.0,Sunny,Medium,Delayed,3.9
1815,BUS11815,KA93B5681,2025-09-27,Ahmedabad,L74,Vastrapur-Kalupur,Vastrapur Stop,Kalupur Junction,06:40,,51.7,Non-AC,48,4.0,8.33,18.86,75.44,15.2,1444.0,51.0,Rainy,Low,Delayed,3.6
4,BUS10004,GJ95B1369,2025-04-17,Ahmedabad,R159,Bopal-Naroda,Bopal Stop,Naroda Junction,16:10,17:55,75.3,Mini Bus,25,17.0,68.0,20.52,348.84,14.59,1386.05,0.0,Foggy,Low,On Time,4.7
586,BUS10586,TS20A9210,2025-05-09,Jaipur,L35,Jagatpura-Sanganer,Jagatpura Stand,Sanganer Stand,16:05,19:20,62.4,AC,45,43.0,95.56,36.85,1584.55,17.51,1663.45,1.0,Foggy,High,On Time,4.9
1393,BUS11393,GJ58A7513,2025-06-17,Hyderabad,L2,LB Nagar-Miyapur,LB Nagar Junction,Miyapur Stop,14:10,21:36,101.1,Electric,39,42.0,107.69,32.28,1355.76,9.39,112.68,0.0,Rainy,High,On Time,4.8
341,BUS10341,KA82B4544,2024-09-16,Bengaluru,R7,Whitefield-Majestic,Whitefield Stop,Majestic Stop,10:25,15:04,115.5,Mini Bus,31,36.0,116.13,30.0,1080.0,30.37,2885.15,0.0,Foggy,Medium,On Time,4.0
1043,BUS11043,WB53C5640,2025-02-13,Kolkata,B234,Dum Dum-Park Street,Dum Dum Stop,Park Street Stand,10:50,13:58,98.7,Non-AC,56,8.0,14.29,31.76,254.08,29.19,2773.05,0.0,Sunny,Medium,On Time,3.1
1691,BUS11691,MH93B9826,2025-09-05,Bengaluru,R62,Marathahalli-Banashankari,Marathahalli Terminal,Banashankari Stop,22:10,00:27,65.4,AC,50,46.0,92.0,42.72,1965.12,24.91,2366.45,15.0,Sunny,Medium,Delayed,3.7
257,BUS10257,RJ92B2604,2025-06-07,Kolkata,B44,Behala-Sealdah,Behala Terminal,Sealdah Stand,22:40,23:23,26.1,Non-AC,44,30.0,68.18,22.35,670.5,8.75,831.25,0.0,Cloudy,Low,On Time,4.5
709,BUS10709,DL18B5388,2024-05-28,Pune,B274,Hinjewadi-Swargate,Hinjewadi Terminal,Swargate Junction,19:05,19:59,40.2,Electric,46,35.0,76.09,29.8,1043.0,3.37,40.44,1.0,Foggy,Low,On Time,4.6
130,BUS10130,TS48C9859,2024-03-31,Pune,B48,Hinjewadi-Swargate,Hinjewadi Terminal,Swargate Stop,11:10,13:17,59.1,Non-AC,58,42.0,72.41,21.07,884.94,18.47,1754.65,6.0,Rainy,Medium,On Time,4.5
1477,BUS11477,KA81B7683,2024-09-02,Ahmedabad,L247,Bopal-Naroda,Bopal Junction,Naroda Stand,07:15,10:37,52.9,Electric,36,19.0,52.78,28.06,533.14,3.06,36.72,7.0,Cloudy,High,On Time,3.7
1792,BUS11792,RJ36C1230,2024-09-26,Chennai,L30,Adyar-Broadway,Adyar Stand,Broadway Junction,21:00,00:30,87.7,Non-AC,40,17.0,42.5,24.29,412.93,24.13,2292.35,0.0,Foggy,Medium,On Time,4.6
1041,BUS11041,TN51C2489,2025-07-21,Jaipur,B15,Vidhyadhar Nagar-Sitapura,Vidhyadhar Nagar Junction,Sitapura Terminal,14:10,19:36,68.1,Non-AC,59,21.0,35.59,26.64,559.44,17.54,1666.3,0.0,Foggy,High,On Time,4.0
1273,BUS11273,MH64A9884,2024-09-02,Ahmedabad,L93,Satellite-Vastral,Satellite Terminal,Vastral Terminal,17:55,19:43,73.1,Non-AC,47,40.0,85.11,20.5,820.0,20.68,1964.6,3.0,Foggy,Low,On Time,3.3
669,BUS10669,TS45C4837,2025-02-24,Ahmedabad,B154,Bopal-Naroda,Bopal Stop,Naroda Junction,17:25,17:35,6.0,Non-AC,56,11.0,19.64,18.94,208.34,2.01,190.95,0.0,Foggy,Medium,On Time,4.3
347,BUS10347,TN29A5749,2025-04-07,Mumbai,L122,Powai-Churchgate,Powai Stand,Churchgate Junction,20:05,20:16,6.1,AC,43,27.0,62.79,20.51,553.77,1.99,189.05,0.0,Sunny,Medium,On Time,4.8
1658,BUS11658,KA46B8460,2024-06-25,Hyderabad,B297,Dilsukhnagar-Ameerpet,Dilsukhnagar Stand,Ameerpet Terminal,12:55,19:06,102.9,AC,37,13.0,35.14,50.24,653.12,34.43,3270.85,0.0,Rainy,High,On Time,
1201,BUS11201,MH47B1361,2024-09-25,Jaipur,L241,Malviya Nagar-Sindhi Camp,Malviya Nagar Terminal,Sindhi Camp Stand,22:35,04:38,110.8,Mini Bus,29,4.0,13.79,30.3,121.2,23.55,2237.25,0.0,Foggy,High,On Time,3.9
913,BUS10913,MH84A6149,2025-08-27,Jaipur,B84,Mansarovar-Amer,Mansarovar Stop,Amer Stop,12:10,13:18,46.6,Mini Bus,31,2.0,6.45,19.55,39.1,11.63,1104.85,0.0,Sunny,Low,On Time,4.8
325,BUS10325,RJ47B4370,2024-12-24,Delhi,L294,Rajouri Garden-Anand Vihar,Rajouri Garden Terminal,Anand Vihar Stand,19:00,19:37,13.9,Electric,44,33.0,75.0,18.84,621.72,1.36,16.32,14.0,Rainy,Low,Delayed,3.4
231,BUS10231,UP95A3790,2024-03-31,Ahmedabad,B160,Chandkheda-Isanpur,Chandkheda Junction,Isanpur Terminal,09:45,12:30,66.0,Mini Bus,30,5.0,16.67,19.04,95.2,14.49,1376.55,67.0,Sunny,Low,Delayed,3.9
397,BUS10397,WB39A3574,2025-07-27,Kolkata,L79,Dum Dum-Park Street,Dum Dum Stand,Park Street Terminal,19:10,19:45,8.6,Mini Bus,31,8.0,25.81,15.21,121.68,1.7,161.5,0.0,Rainy,High,On Time,3.5
1535,BUS11535,TN77B6366,2024-11-22,Bengaluru,B45,Electronic City-Hebbal,Electronic City Junction,Hebbal Terminal,16:25,19:32,104.3,Non-AC,52,9.0,17.31,30.94,278.46,26.75,2541.25,33.0,Rainy,Low,Delayed,2.9
1680,BUS11680,MH29C4897,2025-04-29,Mumbai,B204,Powai-Churchgate,Powai Junction,Churchgate Stand,17:45,19:59,72.0,Mini Bus,35,37.0,105.71,24.02,888.74,16.16,1535.2,32.0,Rainy,Low,Delayed,2.1
1113,BUS11113,TS45C1148,2024-02-19,Jaipur,R187,Vidhyadhar Nagar-Sitapura,Vidhyadhar Nagar Stop,Sitapura Terminal,20:20,00:09,101.9,AC,44,10.0,22.73,42.77,427.7,32.09,3048.55,74.0,Foggy,Low,Delayed,3.4
461,BUS10461,UP11C1420,2025-08-13,Bengaluru,R56,Marathahalli-Banashankari,Marathahalli Terminal,Banashankari Junction,18:15,20:07,28.2,Non-AC,43,38.0,88.37,20.99,797.62,10.14,963.3,0.0,Sunny,High,On Time,3.2
1298,BUS11298,WB15B5523,2025-07-18,Kolkata,B197,Dum Dum-Park Street,Dum Dum Stop,Park Street Junction,15:35,16:18,30.7,Non-AC,55,15.0,27.27,24.45,366.75,9.97,947.15,0.0,Foggy,Low,On Time,4.1
278,BUS10278,GJ67A9770,2024-04-13,Ahmedabad,B242,Maninagar-Gota,Maninagar Terminal,Gota Junction,08:35,10:16,69.5,Mini Bus,26,30.0,115.38,20.44,613.2,13.46,1278.7,3.0,Foggy,Low,On Time,4.0
392,BUS10392,GJ53C8110,2025-01-08,Ahmedabad,B163,Satellite-Vastral,Satellite Terminal,Vastral Stop,11:35,16:35,77.1,AC,46,36.0,78.26,39.69,1428.84,27.23,2586.85,75.0,Cloudy,High,Delayed,3.5
1285,BUS11285,TS66B1254,2025-09-12,Delhi,R170,Noida-Nehru Place,Noida Stop,Nehru Place Stop,13:50,18:37,111.0,Non-AC,58,54.0,93.1,34.52,1864.08,40.12,3811.4,14.0,Rainy,Medium,Delayed,2.2
352,BUS10352,MH73A8308,2025-08-24,Hyderabad,B11,LB Nagar-Miyapur,LB Nagar Terminal,Miyapur Stop,19:55,22:40,62.2,Electric,33,18.0,54.55,20.39,367.02,3.25,39.0,71.0,Cloudy,Low,Delayed,4.0
998,BUS10998,TN96C2142,2024-09-21,Ahmedabad,L3,Vastrapur-Kalupur,Vastrapur Stop,Kalupur Stand,05:30,06:15,28.1,Mini Bus,30,15.0,50.0,15.51,232.65,5.71,542.45,0.0,Sunny,Low,On Time,4.7
284,BUS10284,MH21C1525,2024-07-29,Delhi,B278,Rohini-Connaught Place,Rohini Stand,Connaught Place Stop,06:55,08:23,19.4,Non-AC,59,22.0,37.29,16.29,358.38,7.28,691.6,11.0,Foggy,High,Delayed,2.1
1381,BUS11381,KA40B2484,2025-08-08,Lucknow,R150,Indira Nagar-Hazratganj,Indira Nagar Stop,Hazratganj Junction,10:40,11:35,23.0,Non-AC,56,24.0,42.86,14.88,357.12,8.0,760.0,0.0,Cloudy,Medium,On Time,4.0
1071,BUS11071,MH62A5366,2024-04-12,Ahmedabad,L280,Chandkheda-Isanpur,Chandkheda Stand,Isanpur Stop,15:25,17:07,35.1,Non-AC,46,36.0,78.26,17.24,620.64,13.14,1248.3,0.0,Rainy,High,On Time,4.4
1623,BUS11623,WB45B6519,2024-09-03,Chennai,B96,Porur-Egmore,Porur Stand,Egmore Stand,12:20,16:03,66.8,AC,52,0.0,0.0,42.02,0.0,22.54,2141.3,0.0,Cloudy,High,On Time,4.7
1960,BUS11960,TN52A4485,2025-10-11,Jaipur,B124,Vidhyadhar Nagar-Sitapura,Vidhyadhar Nagar Stand,Sitapura Stand,10:15,10:39,11.4,AC,53,6.0,11.32,24.15,144.9,4.66,442.7,0.0,Foggy,Medium,On Time,3.6
608,BUS10608,MH72A4467,2024-05-05,Mumbai,L78,Borivali-Colaba,Borivali Terminal,Colaba Stop,22:35,00:49,53.6,Mini Bus,28,31.0,110.71,21.22,657.82,11.13,1057.35,52.0,Cloudy,Low,Delayed,3.6
1172,BUS11172,TS44C8711,2025-07-12,Bengaluru,R234,Electronic City-Hebbal,Electronic City Stop,Hebbal Stop,14:35,15:46,22.1,Non-AC,54,8.0,14.81,21.07,168.56,7.81,741.95,35.0,Cloudy,,Delayed,2.6
311,BUS10311,TN41A8588,2024-05-27,Bengaluru,R94,Yeshwanthpur-Silk Board,Yeshwanthpur Junction,Silk Board Terminal,13:05,19:36,98.2,Mini Bus,31,4.0,12.9,22.44,89.76,25.28,2401.6,76.0,Rainy,High,Delayed,2.6
638,BUS10638,RJ61A7944,2024-02-14,Jaipur,B62,Vaishali Nagar-Badi Chaupar,Vaishali Nagar Junction,Badi Chaupar Stop,22:20,01:33,118.2,Non-AC,53,,13.21,32.04,224.28,33.98,3228.1,3.0,Cloudy,Low,On Time,4.0
957,BUS10957,GJ91C9270,2024-07-15,Pune,L170,Hadapsar-Shivajinagar,Hadapsar Stop,Shivajinagar Terminal,10:00,18:33,117.8,AC,35,13.0,37.14,49.96,649.48,44.4,4218.0,40.0,Rainy,High,Delayed,3.9
1423,BUS11423,TN78B4405,2024-04-27,Jaipur,B196,Mansarovar-Amer,Mansarovar Stop,Amer Stand,15:05,16:01,12.9,Mini Bus,27,27.0,100.0,12.78,345.06,2.63,249.85,2.0,Sunny,High,On Time,3.2
1136,BUS11136,KA83B7463,2025-07-24,Mumbai,L83,Kurla-Bandra,Kurla Junction,Bandra Terminal,07:20,11:37,58.0,Electric,46,0.0,0.0,31.58,0.0,4.76,57.12,35.0,Rainy,High,Delayed,3.8
1309,BUS11309,GJ66B1914,2024-12-09,Chennai,R268,Adyar-Broadway,Adyar Stand,Broadway Stop,19:55,01:36,117.2,Electric,37,43.0,116.22,41.36,1778.48,8.87,106.44,32.0,Rainy,Medium,Delayed,2.9
1060,BUS11060,KA57C2326,2024-11-05,Hyderabad,R176,Kukatpally-Secunderabad,Kukatpally Stand,Secunderabad Terminal,14:35,16:58,60.0,AC,46,53.0,115.22,38.33,2031.49,20.7,1966.5,2.0,Cloudy,Medium,On Time,4.1
1402,BUS11402,UP75B6005,2025-01-09,Lucknow,L237,Alambagh-Aliganj,Alambagh Stop,Aliganj Terminal,21:10,02:19,108.4,Non-AC,42,23.0,54.76,,712.77,40.42,3839.9,0.0,Cloudy,High,On Time,3.0
39,BUS10039,GJ76A7284,2025-01-02,Chennai,R290,Anna Nagar-Guindy,Anna Nagar Terminal,Guindy Stand,08:10,10:07,33.4,Non-AC,41,40.0,97.56,22.35,894.0,11.17,,6.0,Rainy,High,On Time,4.2
1580,BUS11580,TS17A3291,2025-12-17,Hyderabad,R98,Kukatpally-Secunderabad,Kukatpally Junction,Secunderabad Terminal,17:10,19:07,39.9,Electric,43,32.0,74.42,27.42,877.44,2.09,25.08,0.0,Sunny,High,On Time,3.3
1813,BUS11813,MH22A7404,2024-12-07,Kolkata,R122,Jadavpur-Barasat,Jadavpur Terminal,Barasat Junction,17:05,20:35,114.4,Electric,43,38.0,88.37,32.94,1251.72,8.81,105.72,22.0,Sunny,Low,Delayed,3.1
1491,BUS11491,KA43C9134,2025-05-05,Jaipur,R288,Vidhyadhar Nagar-Sitapura,Vidhyadhar Nagar Stand,Sitapura Junction,18:40,19:52,43.0,AC,55,39.0,70.91,30.62,1194.18,16.1,1529.5,15.0,Cloudy,Low,Delayed,2.2
1917,BUS11917,MH68C5238,2025-01-14,Pune,B296,Hinjewadi-Swargate,Hinjewadi Stand,Swargate Junction,08:45,10:41,62.2,Electric,48,30.0,62.5,22.83,684.9,4.63,55.56,0.0,Sunny,Medium,On Time,4.2
863,BUS10863,TN37A1417,2025-05-30,Ahmedabad,R37,Satellite-Vastral,Satellite Stop,Vastral Stop,19:40,00:32,119.9,AC,41,43.0,104.88,38.71,1664.53,39.82,3782.9,14.0,Rainy,Medium,Delayed,3.9
946,BUS10946,MH67B3968,2025-04-04,Chennai,L50,Porur-Egmore,Porur Junction,Egmore Terminal,10:05,12:08,77.4,Mini Bus,25,3.0,12.0,22.24,66.72,21.19,2013.05,5.0,Cloudy,Low,On Time,4.3
1953,BUS11953,MH16A6511,2025-06-22,Kolkata,R222,Behala-Sealdah,Behala Stop,Sealdah Terminal,12:00,13:11,35.4,Mini Bus,28,10.0,35.71,,198.3,8.09,768.55,15.0,Foggy,Low,Delayed,3.5
243,BUS10243,TS73B7472,2024-04-15,Delhi,B33,Rohini-Connaught Place,Rohini Stop,Connaught Place Stop,12:40,16:32,85.6,Non-AC,56,10.0,17.86,31.92,319.2,28.75,2731.25,0.0,Rainy,Medium,On Time,3.8
499,BUS10499,DL57C6191,2025-07-13,Kolkata,R96,Dum Dum-Park Street,Dum Dum Junction,Park Street Junction,08:35,11:12,76.0,Mini Bus,25,21.0,84.0,23.94,502.74,16.23,1541.85,0.0,Foggy,Medium,On Time,3.1
1069,BUS11069,MH69C1836,2025-11-06,Mumbai,B251,Thane-CST,Thane Terminal,CST Stand,19:35,20:10,22.7,Electric,43,41.0,95.35,22.2,910.2,2.26,27.12,0.0,Cloudy,Low,On Time,4.5
1141,BUS11141,UP47C1570,2025-04-06,Mumbai,B189,Powai-Churchgate,Powai Stand,Churchgate Junction,09:10,11:13,62.1,Electric,48,37.0,77.08,20.02,740.74,4.66,55.92,0.0,Foggy,Medium,On Time,4.5
1559,BUS11559,KA97A2871,2024-10-21,Delhi,L32,Saket-Karol Bagh,Saket Junction,Karol Bagh Junction,07:55,11:14,108.2,Mini Bus,32,22.0,68.75,30.51,671.22,20.94,1989.3,0.0,Sunny,Medium,On Time,4.4
1507,BUS11507,KA45C4234,2025-07-30,Mumbai,R111,Borivali-Colaba,Borivali Stop,Colaba Junction,13:10,13:57,24.5,Non-AC,45,22.0,48.89,20.96,461.12,6.56,623.2,,Foggy,Medium,On Time,3.5
131,BUS10131,UP24A7443,2025-04-17,Bengaluru,B36,Whitefield-Majestic,Whitefield Stop,Majestic Stand,06:00,06:31,9.6,AC,48,42.0,87.5,35.27,1481.34,3.13,297.35,2.0,Foggy,High,On Time,3.6
1171,BUS11171,TN27C8779,2024-08-21,Mumbai,R242,Borivali-Colaba,Borivali Stand,Colaba Terminal,16:45,18:08,62.5,AC,45,28.0,62.22,32.34,905.52,25.09,2383.55,0.0,Rainy,Low,On Time,3.3
485,BUS10485,TS17B9168,2025-12-22,Pune,R172,Wagholi-Katraj,Wagholi Terminal,Katraj Stand,20:00,00:04,92.8,Mini Bus,34,40.0,117.65,22.16,886.4,18.98,1803.1,0.0,Sunny,Medium,On Time,3.8
1151,BUS11151,DL43A9748,2024-04-16,Kolkata,L234,Jadavpur-Barasat,Jadavpur Terminal,Barasat Stop,08:00,13:15,85.6,Mini Bus,33,28.0,84.85,25.11,703.08,23.91,2271.45,45.0,Foggy,High,Delayed,2.9
63,BUS10063,KA49C5227,2024-11-05,Bengaluru,B52,Whitefield-Majestic,Whitefield Stand,Majestic Junction,10:30,11:44,8.9,AC,48,26.0,54.17,27.84,723.84,3.64,345.8,32.0,Foggy,High,Delayed,2.1
1714,BUS11714,MH20B4347,2025-08-20,Bengaluru,L241,Electronic City-Hebbal,Electronic City Stop,Hebbal Stop,21:55,01:25,40.2,Non-AC,48,39.0,81.25,21.0,819.0,11.9,1130.5,12.0,Cloudy,High,Delayed,3.3
1002,BUS11002,UP60C6555,2024-03-17,Hyderabad,L130,Uppal-Mehdipatnam,Uppal Terminal,Mehdipatnam Junction,06:40,08:09,52.7,Electric,46,38.0,82.61,20.9,794.2,4.4,52.8,10.0,Rainy,Low,On Time,4.7
948,BUS10948,WB21C9345,2025-03-30,Chennai,R72,Porur-Egmore,Porur Terminal,Egmore Stop,11:35,13:49,29.4,Electric,36,26.0,72.22,26.24,682.24,1.99,23.88,0.0,Rainy,High,On Time,4.0
1188,BUS11188,TS28B8930,2025-10-10,Bengaluru,L287,Yeshwanthpur-Silk Board,Yeshwanthpur Terminal,Silk Board Stand,13:05,21:01,115.5,AC,48,4.0,8.33,35.12,140.48,32.75,3111.25,8.0,Sunny,High,On Time,4.8
1546,BUS11546,RJ57B7851,2024-08-27,Hyderabad,L120,Kukatpally-Secunderabad,Kukatpally Terminal,Secunderabad Terminal,20:40,21:09,8.0,AC,39,35.0,89.74,22.7,794.5,2.53,240.35,0.0,Sunny,High,On Time,4.4
1329,BUS11329,TS75B8473,2025-09-25,Bengaluru,B115,Jayanagar-KR Puram,Jayanagar Stand,KR Puram Stop,17:00,21:16,100.6,Mini Bus,33,6.0,18.18,27.51,165.06,20.79,1975.05,36.0,Rainy,Medium,Delayed,3.6
1672,BUS11672,GJ25B4214,2025-01-07,Bengaluru,R117,Whitefield-Majestic,Whitefield Terminal,Majestic Stop,15:55,18:56,65.4,Non-AC,48,13.0,27.08,23.85,310.05,23.49,2231.55,22.0,Cloudy,Medium,Delayed,2.1
83,BUS10083,TS76A8786,2024-10-02,Bengaluru,B181,Jayanagar-KR Puram,Jayanagar Terminal,KR Puram Terminal,09:30,14:55,105.1,AC,48,39.0,81.25,42.91,1673.49,35.01,3325.95,20.0,Foggy,High,Delayed,3.4
680,BUS10680,UP42C2782,2025-12-14,Delhi,B223,Rajouri Garden-Anand Vihar,Rajouri Garden Terminal,Anand Vihar Stand,05:35,07:33,76.7,AC,51,48.0,94.12,38.41,1843.68,25.25,2398.75,0.0,Rainy,Low,On Time,3.3
1572,BUS11572,UP42A8641,2024-09-21,Jaipur,L249,Jagatpura-Sanganer,Jagatpura Stand,Sanganer Terminal,22:35,03:44,89.4,AC,48,13.0,27.08,38.46,499.98,33.67,3198.65,0.0,Cloudy,High,On Time,4.4
1576,BUS11576,DL56B7618,2025-02-19,Ahmedabad,B260,Bopal-Naroda,Bopal Junction,Naroda Stand,15:20,18:45,113.9,Mini Bus,28,12.0,42.86,28.48,341.76,27.01,2565.95,36.0,Foggy,Low,Delayed,2.6
210,BUS10210,MH89C4087,2024-07-30,Mumbai,R165,Kurla-Bandra,Kurla Junction,Bandra Terminal,05:45,08:29,82.5,Non-AC,49,7.0,14.29,20.81,145.67,24.11,,31.0,Sunny,Low,Delayed,3.0
1269,BUS11269,WB62C7361,2024-06-07,Mumbai,B127,Thane-CST,Thane Junction,CST Junction,18:30,20:22,49.6,Non-AC,53,56.0,105.66,27.02,1513.12,12.58,1195.1,7.0,Cloudy,Medium,On Time,4.3
489,BUS10489,KA75C6299,2025-08-17,Bengaluru,R91,Jayanagar-KR Puram,Jayanagar Stop,KR Puram Junction,16:25,18:48,52.6,Non-AC,44,0.0,0.0,21.0,0.0,14.7,1396.5,43.0,Foggy,Medium,Delayed,2.3
454,BUS10454,WB71B4043,2025-05-10,Chennai,B92,Anna Nagar-Guindy,Anna Nagar Junction,Guindy Terminal,22:25,02:11,91.9,Non-AC,59,38.0,64.41,27.1,1029.8,31.21,2964.95,0.0,Foggy,Medium,On Time,3.9
72,BUS10072,KA96A8666,2024-07-18,Pune,B87,Wagholi-Katraj,Wagholi Stop,Katraj Terminal,06:10,14:54,111.7,Non-AC,42,28.0,66.67,36.42,1019.76,32.61,3097.95,19.0,Cloudy,High,Delayed,3.0
1993,BUS11993,GJ26B7389,2025-11-09,Ahmedabad,R265,Satellite-Vastral,Satellite Junction,Vastral Stop,10:35,13:30,105.4,Electric,35,24.0,68.57,35.46,851.04,9.62,115.44,12.0,Sunny,Low,Delayed,3.3
969,BUS10969,WB20A7126,2024-11-24,Pune,L127,Wagholi-Katraj,Wagholi Junction,Katraj Junction,13:55,14:07,8.2,Non-AC,55,45.0,81.82,19.01,855.45,2.26,214.7,0.0,Cloudy,Low,On Time,3.1
533,BUS10533,MH67A7998,2024-07-14,Jaipur,B288,Vaishali Nagar-Badi Chaupar,Vaishali Nagar Terminal,Badi Chaupar Stop,07:45,13:35,88.3,Mini Bus,26,12.0,46.15,26.98,323.76,21.35,2028.25,0.0,Sunny,High,On Time,3.4
540,BUS10540,TN47C3206,2025-04-08,Ahmedabad,B168,Vastrapur-Kalupur,Vastrapur Terminal,Kalupur Junction,07:30,10:07,106.8,Mini Bus,26,13.0,50.0,26.91,349.83,24.96,2371.2,0.0,Cloudy,Low,On Time,3.6
1128,BUS11128,WB23A5135,2025-07-28,Chennai,B166,Anna Nagar-Guindy,Anna Nagar Stop,Guindy Terminal,18:15,21:27,57.2,Electric,32,36.0,112.5,23.24,836.64,4.92,59.04,12.0,,High,Delayed,3.6
80,BUS10080,MH15A5354,2025-11-25,Mumbai,R216,Borivali-Colaba,Borivali Stop,Colaba Stop,13:50,15:37,67.4,AC,54,15.0,27.78,26.32,394.8,27.92,2652.4,0.0,Rainy,Low,On Time,3.2
1781,BUS11781,WB20A4486,2025-09-09,Hyderabad,B88,Dilsukhnagar-Ameerpet,Dilsukhnagar Junction,Ameerpet Junction,08:55,11:52,115.8,Non-AC,54,2.0,3.7,30.59,61.18,38.47,3654.65,9.0,Foggy,Low,On Time,4.4
1989,BUS11989,TS29A7173,2025-01-11,Jaipur,L290,Jagatpura-Sanganer,Jagatpura Stand,Sanganer Junction,15:45,18:31,119.7,Mini Bus,32,7.0,21.88,30.72,215.04,31.0,2945.0,1.0,Cloudy,Low,On Time,3.4
1266,BUS11266,KA44C1437,2024-02-05,Ahmedabad,B298,Bopal-Naroda,Bopal Stop,Naroda Stop,14:45,18:26,115.9,Electric,49,23.0,46.94,40.13,922.99,6.31,75.72,,Foggy,Low,Delayed,3.6
523,BUS10523,GJ33B3914,2024-10-29,Ahmedabad,R282,Satellite-Vastral,Satellite Junction,Vastral Junction,09:10,09:35,14.6,AC,55,37.0,67.27,20.74,767.38,4.48,425.6,2.0,Rainy,Low,On Time,3.5
479,BUS10479,WB38B5130,2024-05-18,Chennai,L80,Anna Nagar-Guindy,Anna Nagar Junction,Guindy Stop,18:10,20:23,89.5,Electric,36,27.0,75.0,30.38,820.26,7.96,95.52,0.0,,Low,On Time,4.1
460,BUS10460,MH48B2180,2025-04-15,Pune,R249,Hinjewadi-Swargate,Hinjewadi Stop,Swargate Junction,22:10,00:41,24.0,Electric,44,6.0,13.64,18.76,112.56,1.44,17.28,67.0,Rainy,High,Delayed,3.7
1883,BUS11883,RJ45A1448,2025-01-04,Ahmedabad,L177,Vastrapur-Kalupur,Vastrapur Stand,Kalupur Stand,17:20,21:15,105.0,Electric,35,13.0,37.14,27.53,357.89,9.49,113.88,0.0,Cloudy,,On Time,
1631,BUS11631,WB89A7859,2024-04-05,Delhi,L207,Noida-Nehru Place,Noida Stop,Nehru Place Stop,15:40,16:45,27.9,Electric,36,6.0,16.67,28.16,168.96,1.69,20.28,0.0,Foggy,Medium,On Time,3.4
847,BUS10847,TS24C6996,2024-07-30,Ahmedabad,R26,Maninagar-Gota,Maninagar Junction,Gota Terminal,20:15,21:37,35.3,AC,55,56.0,101.82,34.3,1920.8,11.84,1124.8,2.0,Foggy,Medium,On Time,3.5
125,BUS10125,UP98C7847,2025-08-20,Mumbai,L172,Borivali-Colaba,Borivali Stop,Colaba Stand,09:30,12:25,98.9,Non-AC,50,16.0,32.0,30.8,492.8,28.57,2714.15,0.0,Foggy,Medium,On Time,4.0
224,BUS10224,MH58B6324,2025-06-16,Kolkata,R202,Garia-Esplanade,Garia Stand,Esplanade Junction,12:25,12:55,12.8,AC,37,4.0,10.81,36.83,147.32,4.12,391.4,0.0,Rainy,Medium,On Time,4.4
517,BUS10517,WB25A4169,2025-09-01,Ahmedabad,B80,Maninagar-Gota,Maninagar Junction,Gota Stand,13:40,14:03,14.1,Non-AC,52,14.0,26.92,20.56,287.84,3.57,339.15,0.0,Cloudy,Low,On Time,4.7
1732,BUS11732,UP92A7445,2025-10-31,Delhi,B237,Rajouri Garden-Anand Vihar,Rajouri Garden Junction,Anand Vihar Stop,05:15,11:23,110.7,Mini Bus,29,22.0,75.86,28.36,623.92,24.92,2367.4,0.0,Foggy,High,On Time,3.3
1733,BUS11733,UP32A4359,2025-02-13,Lucknow,L5,Chinhat-Aminabad,Chinhat Terminal,Aminabad Stop,14:00,16:15,97.5,Non-AC,43,0.0,0.0,29.94,0.0,24.87,2362.65,0.0,Foggy,Low,Cancelled,1.4
1466,BUS11466,GJ56B6249,2025-07-03,Pune,R227,Aundh-Camp,Aundh Stand,Camp Junction,05:45,09:05,91.7,AC,50,48.0,96.0,42.51,2040.48,30.94,2939.3,0.0,Rainy,Medium,On Time,3.3
1118,BUS11118,WB36A2809,2025-01-28,Bengaluru,B178,Yeshwanthpur-Silk Board,Yeshwanthpur Junction,Silk Board Junction,08:20,13:55,103.7,AC,35,25.0,71.43,49.93,1248.25,40.53,3850.35,2.0,,High,On Time,3.6
1811,BUS11811,RJ32C6285,2024-12-22,Ahmedabad,L267,Maninagar-Gota,Maninagar Stand,Gota Junction,07:25,08:52,47.4,Non-AC,54,2.0,3.7,20.65,41.3,14.08,1337.6,9.0,Rainy,,On Time,4.0
1841,BUS11841,GJ42B2288,2025-05-03,Bengaluru,B299,Yeshwanthpur-Silk Board,Yeshwanthpur Junction,Silk Board Stand,21:15,23:21,27.2,Non-AC,60,9.0,15.0,12.37,111.33,8.53,810.35,38.0,Foggy,High,Delayed,
1872,BUS11872,KA88C5211,2024-10-14,Delhi,R135,Rajouri Garden-Anand Vihar,Rajouri Garden Stand,Anand Vihar Stop,07:30,08:47,46.0,Non-AC,47,33.0,70.21,19.02,627.66,14.25,1353.75,10.0,Cloudy,Low,On Time,4.4
1457,BUS11457,GJ89A2897,2024-08-31,Hyderabad,L107,Gachibowli-Koti,Gachibowli Stop,Koti Terminal,14:35,15:05,20.7,AC,46,38.0,82.61,33.13,1258.94,7.99,759.05,0.0,Cloudy,Low,On Time,3.4
486,BUS10486,WB79B9425,2024-06-28,Bengaluru,B179,Marathahalli-Banashankari,Marathahalli Stand,Banashankari Junction,09:55,13:35,115.5,AC,47,43.0,91.49,42.9,1844.7,43.85,4165.75,29.0,Foggy,Low,Delayed,2.3
1156,BUS11156,RJ92B5834,2024-02-09,Lucknow,R272,Indira Nagar-Hazratganj,Indira Nagar Stop,Hazratganj Junction,14:35,16:33,64.5,Mini Bus,31,1.0,3.23,,22.12,13.27,1260.65,0.0,Foggy,Medium,On Time,3.6
1191,BUS11191,MH25B8794,2025-09-30,Bengaluru,B17,Whitefield-Majestic,Whitefield Junction,Majestic Junction,12:40,14:27,70.5,Mini Bus,34,1.0,2.94,23.08,23.08,18.99,1804.05,4.0,Cloudy,Low,On Time,3.2
1023,BUS11023,TN37C9877,2024-09-04,Pune,R156,Wagholi-Katraj,Wagholi Stand,Katraj Stand,07:40,11:50,92.8,Non-AC,52,53.0,101.92,33.8,1791.4,32.99,3134.05,15.0,Cloudy,Medium,Delayed,3.0
228,BUS10228,RJ47A8161,2024-01-22,Delhi,R293,Noida-Nehru Place,Noida Terminal,Nehru Place Junction,14:35,17:09,72.4,Electric,47,32.0,68.09,33.35,1067.2,4.67,56.04,0.0,Rainy,Medium,On Time,3.7
66,BUS10066,GJ67B6470,2024-10-26,Delhi,L84,Saket-Karol Bagh,Saket Stop,Karol Bagh Stop,13:00,18:36,76.5,Electric,49,24.0,48.98,31.75,762.0,6.13,73.56,73.0,Cloudy,High,Delayed,
405,BUS10405,WB67C4127,2024-12-09,Jaipur,B44,Vaishali Nagar-Badi Chaupar,Vaishali Nagar Terminal,Badi Chaupar Terminal,15:00,,116.6,AC,51,21.0,41.18,48.53,1019.13,37.85,3595.75,55.0,Rainy,Low,Delayed,3.4
643,BUS10643,WB13A2865,2024-01-22,Pune,B41,Hinjewadi-Swargate,Hinjewadi Stop,Swargate Stand,18:25,00:08,91.8,Mini Bus,33,35.0,106.06,21.0,735.0,21.51,,52.0,Foggy,High,Delayed,2.6
1738,BUS11738,KA53C1025,2024-05-10,Jaipur,L217,Jagatpura-Sanganer,Jagatpura Stand,Sanganer Junction,11:25,18:14,119.3,Electric,30,11.0,36.67,32.06,352.66,10.13,121.56,0.0,Cloudy,High,On Time,4.1
1965,BUS11965,UP10B9486,2025-02-23,Mumbai,B200,Borivali-Colaba,Borivali Terminal,Colaba Junction,13:25,15:10,39.1,Electric,36,41.0,113.89,18.83,772.03,2.35,28.2,19.0,Sunny,Medium,Delayed,2.1
1679,BUS11679,TS42A6090,2024-03-08,Chennai,L83,Anna Nagar-Guindy,Anna Nagar Terminal,Guindy Stand,21:25,00:07,63.3,AC,37,29.0,78.38,27.67,802.43,18.58,1765.1,15.0,Sunny,Medium,Delayed,3.8
1260,BUS11260,KA68B9622,2024-09-01,Lucknow,B7,Indira Nagar-Hazratganj,Indira Nagar Terminal,Hazratganj Terminal,12:00,18:24,82.2,Mini Bus,34,32.0,94.12,22.56,721.92,19.06,1810.7,35.0,Cloudy,High,Delayed,2.6
839,BUS10839,GJ13C3592,2025-06-21,Kolkata,R123,Jadavpur-Barasat,Jadavpur Junction,Barasat Junction,11:35,16:05,69.7,Non-AC,57,57.0,100.0,20.03,1141.71,17.94,1704.3,0.0,Cloudy,High,On Time,3.2
439,BUS10439,MH34C2140,2024-05-12,Lucknow,R110,Gomti Nagar-Charbagh,Gomti Nagar Stop,Charbagh Stop,09:40,16:13,95.2,Mini Bus,25,23.0,92.0,26.29,604.67,19.57,1859.15,20.0,Cloudy,High,Delayed,2.6
967,BUS10967,WB41C4801,2025-07-28,Lucknow,L277,Alambagh-Aliganj,Alambagh Stop,Aliganj Stop,20:40,23:51,98.7,Mini Bus,35,13.0,37.14,28.55,371.15,18.37,1745.15,29.0,Rainy,Low,Delayed,3.7
165,BUS10165,KA53B1376,2025-08-05,Ahmedabad,R165,Vastrapur-Kalupur,Vastrapur Stand,Kalupur Stop,16:10,18:09,32.4,AC,39,7.0,17.95,25.34,177.38,10.96,1041.2,0.0,Cloudy,High,On Time,5.0
1016,BUS11016,KA53A7060,2025-09-01,Ahmedabad,R261,Maninagar-Gota,Maninagar Junction,Gota Junction,06:45,10:04,73.0,Mini Bus,30,9.0,30.0,18.28,164.52,14.84,1409.8,30.0,Cloudy,Medium,Delayed,2.5
1220,BUS11220,TS30B6289,2025-10-05,Pune,L143,Kothrud-Viman Nagar,Kothrud Stand,Viman Nagar Terminal,12:35,13:24,15.6,Electric,34,11.0,32.35,24.26,266.86,0.9,10.8,1.0,Rainy,High,On Time,4.9
940,BUS10940,MH27A7204,2025-02-20,Jaipur,R222,Malviya Nagar-Sindhi Camp,Malviya Nagar Stand,Sindhi Camp Junction,18:15,21:42,99.9,Mini Bus,34,24.0,70.59,23.58,565.92,26.51,2518.45,9.0,Rainy,Medium,On Time,4.1
301,BUS10301,DL89A9343,2025-07-14,Ahmedabad,R165,Chandkheda-Isanpur,Chandkheda Junction,Isanpur Terminal,20:25,00:05,111.6,Non-AC,42,33.0,78.57,34.77,1147.41,36.63,3479.85,0.0,Sunny,Medium,On Time,3.7
1195,BUS11195,GJ70B8528,2025-06-01,Bengaluru,B225,Electronic City-Hebbal,Electronic City Terminal,Hebbal Stop,22:55,00:37,66.9,Mini Bus,25,7.0,28.0,22.54,157.78,15.5,1472.5,0.0,Foggy,Low,On Time,3.1
1236,BUS11236,WB59B8917,2025-06-03,Pune,L258,Hadapsar-Shivajinagar,Hadapsar Stand,Shivajinagar Terminal,10:40,13:27,86.4,Mini Bus,25,27.0,108.0,22.9,618.3,17.71,1682.45,42.0,Rainy,Low,Delayed,3.8
662,BUS10662,WB46B1915,2025-07-20,Lucknow,R129,Indira Nagar-Hazratganj,Indira Nagar Stand,Hazratganj Stop,05:45,06:53,38.5,AC,47,4.0,8.51,24.96,99.84,11.76,1117.2,6.0,Sunny,Low,On Time,4.7
756,BUS10756,GJ82A5682,2025-07-05,Lucknow,L74,Indira Nagar-Hazratganj,Indira Nagar Stand,Hazratganj Junction,09:25,10:07,9.0,Electric,38,41.0,107.89,19.44,797.04,0.67,8.04,0.0,Sunny,High,On Time,3.1
1739,BUS11739,UP76C4119,2024-08-06,Kolkata,L248,Salt Lake-Howrah,Salt Lake Stand,Howrah Junction,20:10,23:02,95.3,AC,44,34.0,77.27,42.58,1447.72,33.9,3220.5,0.0,Cloudy,Medium,On Time,3.2
488,BUS10488,RJ37B9026,2025-07-27,Lucknow,B129,Alambagh-Aliganj,Alambagh Stand,Aliganj Stop,15:25,17:52,106.6,AC,40,45.0,112.5,46.34,2085.3,40.22,3820.9,0.0,,Low,On Time,3.5
359,BUS10359,GJ73A5107,2024-05-07,Jaipur,L285,Vidhyadhar Nagar-Sitapura,Vidhyadhar Nagar Junction,Sitapura Terminal,21:50,00:19,62.6,Non-AC,40,47.0,117.5,19.67,924.49,20.89,1984.55,1.0,Cloudy,Medium,On Time,3.1
150,BUS10150,MH36C9752,2024-03-13,Jaipur,R5,Jagatpura-Sanganer,Jagatpura Stand,Sanganer Stop,15:25,20:57,76.8,Mini Bus,32,12.0,37.5,22.04,264.48,18.22,1730.9,0.0,Foggy,High,On Time,4.5
17,BUS10017,RJ10B6966,2024-12-02,Hyderabad,B95,Uppal-Mehdipatnam,Uppal Terminal,Mehdipatnam Junction,22:25,23:41,33.1,Electric,36,0.0,0.0,16.33,0.0,3.01,36.12,0.0,Cloudy,Medium,On Time,3.8
1474,BUS11474,UP76A4472,2025-01-30,Lucknow,L92,Alambagh-Aliganj,Alambagh Junction,Aliganj Junction,13:50,15:40,35.2,Non-AC,52,27.0,51.92,16.85,454.95,9.1,864.5,28.0,Foggy,Medium,Delayed,
891,BUS10891,MH98C6845,2024-12-15,Bengaluru,R206,Yeshwanthpur-Silk Board,Yeshwanthpur Terminal,Silk Board Terminal,06:50,11:55,103.8,AC,39,26.0,66.67,39.79,1034.54,35.56,3378.2,0.0,Rainy,High,On Time,4.9
1007,BUS11007,MH16B7274,2025-09-17,Jaipur,R219,Malviya Nagar-Sindhi Camp,Malviya Nagar Junction,Sindhi Camp Junction,21:40,23:45,17.0,Mini Bus,25,8.0,32.0,11.36,90.88,3.22,305.9,84.0,Rainy,Medium,Delayed,3.5
1010,BUS11010,KA15A9485,2024-12-31,Hyderabad,R240,LB Nagar-Miyapur,LB Nagar Terminal,Miyapur Junction,10:20,11:48,13.6,Electric,48,44.0,91.67,12.42,546.48,1.03,12.36,31.0,Rainy,High,Delayed,3.8
183,BUS10183,TN74A9231,2025-12-30,Jaipur,L186,Malviya Nagar-Sindhi Camp,Malviya Nagar Stand,Sindhi Camp Stand,11:40,13:22,58.2,Non-AC,57,29.0,50.88,21.77,631.33,18.43,1750.85,7.0,Foggy,Low,On Time,3.1
725,BUS10725,UP66A6585,2024-05-14,Chennai,L35,Velachery-T Nagar,Velachery Stop,T Nagar Terminal,09:35,11:32,25.1,AC,51,55.0,107.84,,1127.5,7.7,731.5,75.0,Cloudy,Low,Delayed,2.7
1829,BUS11829,GJ84A1249,2024-11-30,Pune,L8,Kothrud-Viman Nagar,Kothrud Junction,Viman Nagar Terminal,13:25,18:59,82.2,Electric,43,24.0,55.81,22.52,540.48,5.72,68.64,2.0,Cloudy,High,On Time,4.5
650,BUS10650,GJ79B8049,2025-07-02,Jaipur,B27,Vidhyadhar Nagar-Sitapura,Vidhyadhar Nagar Terminal,Sitapura Stand,15:15,21:09,119.5,Electric,33,10.0,30.3,33.75,337.5,10.63,127.56,12.0,Foggy,High,Delayed,
1034,BUS11034,TS93C5561,2025-05-26,Lucknow,B129,Indira Nagar-Hazratganj,Indira Nagar Terminal,Hazratganj Stop,05:15,07:28,48.3,Non-AC,53,23.0,43.4,22.41,515.43,17.51,1663.45,6.0,Foggy,Medium,On Time,4.5
1488,BUS11488,GJ35A1527,2025-02-27,Lucknow,L179,Indira Nagar-Hazratganj,Indira Nagar Stand,Hazratganj Terminal,11:20,12:23,26.3,AC,44,24.0,54.55,25.01,600.24,10.09,958.55,14.0,Rainy,Medium,Delayed,2.2
1886,BUS11886,GJ79B5547,2025-11-27,Chennai,R281,Velachery-T Nagar,Velachery Stand,T Nagar Stand,09:20,11:35,67.7,Non-AC,52,38.0,73.08,18.33,696.54,25.1,2384.5,34.0,Foggy,Low,Delayed,3.8
1419,BUS11419,WB65A2629,2024-10-10,Pune,L49,Hadapsar-Shivajinagar,Hadapsar Junction,Shivajinagar Terminal,22:25,01:06,90.0,Electric,36,21.0,58.33,24.45,513.45,5.66,67.92,0.0,Cloudy,Medium,On Time,3.6
283,BUS10283,MH54B3098,2025-05-27,Chennai,R167,Velachery-T Nagar,Velachery Junction,T Nagar Stop,20:15,23:45,85.7,AC,41,47.0,114.63,35.61,1673.67,26.75,,0.0,Foggy,Medium,On Time,3.2
1509,BUS11509,MH94B1192,2025-02-03,Jaipur,R96,Vaishali Nagar-Badi Chaupar,Vaishali Nagar Stand,Badi Chaupar Stop,07:00,12:30,104.6,Electric,36,40.0,111.11,30.73,1229.2,10.46,125.52,0.0,Foggy,High,On Time,3.6
37,BUS10037,GJ61A1096,2025-03-20,Pune,B10,Wagholi-Katraj,Wagholi Junction,Katraj Terminal,10:30,11:50,18.1,AC,47,25.0,53.19,19.5,487.5,6.64,630.8,0.0,Rainy,High,On Time,4.5
428,BUS10428,TN28B4993,2024-08-08,Kolkata,R127,Jadavpur-Barasat,Jadavpur Terminal,Barasat Stop,18:10,21:02,83.5,Electric,36,0.0,0.0,24.32,0.0,4.35,52.2,10.0,Cloudy,Medium,On Time,4.2
53,BUS10053,TN51A5238,2024-04-14,Chennai,L268,Adyar-Broadway,Adyar Junction,Broadway Terminal,10:50,11:32,16.7,Mini Bus,27,24.0,88.89,13.22,317.28,3.03,,19.0,Foggy,Low,Delayed,3.4
312,BUS10312,UP40B8468,2024-06-19,Jaipur,R108,Mansarovar-Amer,Mansarovar Terminal,Amer Stand,18:00,21:37,103.5,Non-AC,51,12.0,23.53,24.99,299.88,37.59,,7.0,Rainy,Medium,On Time,4.7
1363,BUS11363,GJ25A7661,2025-09-20,Pune,R218,Kothrud-Viman Nagar,Kothrud Stop,Viman Nagar Junction,13:30,14:50,26.0,AC,36,4.0,11.11,32.96,131.84,7.72,733.4,1.0,Foggy,High,On Time,4.9
588,BUS10588,RJ14B1509,2025-04-18,Chennai,B90,Velachery-T Nagar,Velachery Stand,T Nagar Terminal,10:20,11:24,41.2,Electric,50,57.0,114.0,16.24,925.68,2.95,35.4,0.0,Rainy,Low,On Time,5.0
1701,BUS11701,MH17C6628,2024-01-30,Mumbai,R62,Borivali-Colaba,Borivali Stand,Colaba Stop,05:40,07:04,50.9,AC,50,0.0,0.0,33.94,0.0,15.65,1486.75,0.0,Sunny,Low,Cancelled,2.3
1707,BUS11707,GJ23B7843,2025-10-14,Chennai,B49,Velachery-T Nagar,Velachery Terminal,T Nagar Stand,06:10,07:44,68.1,Electric,37,12.0,32.43,33.13,397.56,5.45,,0.0,Rainy,Low,On Time,3.7
1068,BUS11068,GJ84A4864,2025-11-25,Delhi,B8,Rohini-Connaught Place,Rohini Stand,Connaught Place Stand,21:15,02:27,92.3,AC,35,19.0,54.29,36.33,690.27,27.19,2583.05,,Rainy,High,On Time,4.9
219,BUS10219,TS58C4567,2024-11-19,Delhi,B179,Saket-Karol Bagh,Saket Stand,Karol Bagh Stop,18:00,20:35,105.3,Electric,38,43.0,113.16,32.33,1390.19,7.72,92.64,0.0,Foggy,Low,On Time,3.4
1421,BUS11421,DL39A4473,2024-12-04,Ahmedabad,L237,Satellite-Vastral,Satellite Junction,Vastral Stop,14:10,22:12,105.5,Mini Bus,32,10.0,,30.31,303.1,24.5,2327.5,0.0,Cloudy,High,On Time,3.1
1852,BUS11852,UP88C8082,2024-06-12,Chennai,R60,Tambaram-Parrys,Tambaram Terminal,Parrys Stop,06:20,09:28,96.7,Non-AC,56,61.0,108.93,22.83,1392.63,29.36,2789.2,2.0,Cloudy,Medium,On Time,3.5
1292,BUS11292,RJ23B1938,2024-07-15,Lucknow,B78,Alambagh-Aliganj,Alambagh Terminal,Aliganj Stand,19:50,21:26,67.0,Electric,46,45.0,97.83,32.14,1446.3,4.6,55.2,0.0,Sunny,Low,On Time,3.7
443,BUS10443,TS74B5911,2025-05-10,Delhi,R71,Noida-Nehru Place,Noida Junction,Nehru Place Stand,21:35,00:52,65.9,Electric,49,45.0,91.84,21.32,959.4,6.51,78.12,0.0,Rainy,High,On Time,4.6
1986,BUS11986,WB74C4624,2024-10-18,Lucknow,R283,Alambagh-Aliganj,Alambagh Junction,Aliganj Terminal,07:10,10:55,76.4,Mini Bus,26,22.0,84.62,19.5,429.0,20.89,1984.55,0.0,Rainy,High,On Time,3.3
1848,BUS11848,UP39C3365,2024-04-10,Ahmedabad,R190,Vastrapur-Kalupur,Vastrapur Terminal,Kalupur Junction,05:25,10:00,55.6,Non-AC,47,52.0,110.64,22.54,1172.08,15.95,1515.25,0.0,Sunny,High,On Time,4.8
1723,BUS11723,GJ15B8327,2025-05-03,Chennai,B116,Tambaram-Parrys,Tambaram Junction,Parrys Terminal,19:50,21:23,33.7,Mini Bus,33,37.0,112.12,17.64,652.68,8.36,794.2,40.0,,Low,Delayed,2.5
690,BUS10690,GJ68C4011,2024-01-31,Lucknow,L158,Chinhat-Aminabad,Chinhat Stop,Aminabad Stop,14:45,17:46,85.4,AC,38,38.0,100.0,39.28,1492.64,34.6,3287.0,0.0,Foggy,Medium,On Time,4.9
1814,BUS11814,TS36A2750,2024-09-15,Ahmedabad,L102,Vastrapur-Kalupur,Vastrapur Stand,Kalupur Junction,16:55,19:35,44.1,Non-AC,60,52.0,86.67,22.11,1149.72,12.32,1170.4,0.0,Cloudy,High,On Time,4.5
1271,BUS11271,UP92C4359,2025-11-30,Lucknow,B237,Vikas Nagar-Kaiserbagh,Vikas Nagar Junction,Kaiserbagh Stop,11:00,11:11,6.0,Non-AC,57,15.0,26.32,12.57,188.55,1.91,181.45,0.0,Cloudy,Medium,On Time,4.6
1607,BUS11607,WB90C9852,2024-04-05,Bengaluru,R170,Marathahalli-Banashankari,Marathahalli Stop,Banashankari Terminal,13:20,17:04,49.2,Electric,34,12.0,35.29,23.49,281.88,4.29,51.48,0.0,Rainy,High,On Time,4.7
376,BUS10376,RJ58B6378,2025-06-20,Ahmedabad,L103,Bopal-Naroda,Bopal Stop,Naroda Junction,22:20,22:45,16.4,AC,53,11.0,20.75,36.47,401.17,5.37,510.15,0.0,Rainy,Low,On Time,3.4
338,BUS10338,TN63A6745,2025-07-25,Jaipur,L107,Mansarovar-Amer,Mansarovar Terminal,Amer Terminal,10:30,12:51,54.1,AC,37,15.0,40.54,23.72,355.8,15.98,1518.1,3.0,Cloudy,Medium,On Time,3.8
1224,BUS11224,UP92B1613,2024-06-12,Ahmedabad,R39,Chandkheda-Isanpur,Chandkheda Junction,Isanpur Stop,13:30,16:01,63.2,Mini Bus,29,1.0,3.45,22.17,22.17,13.51,1283.45,,Cloudy,Medium,Delayed,2.9
396,BUS10396,UP87B7836,2024-02-25,Jaipur,B117,Vidhyadhar Nagar-Sitapura,Vidhyadhar Nagar Stand,Sitapura Terminal,09:50,16:38,94.2,Non-AC,45,0.0,0.0,22.64,0.0,33.98,3228.1,0.0,Foggy,High,Cancelled,1.2
455,BUS10455,UP98A7354,2025-04-23,Jaipur,L194,Vidhyadhar Nagar-Sitapura,Vidhyadhar Nagar Junction,Sitapura Junction,17:20,18:05,28.6,Electric,47,25.0,53.19,23.51,587.75,2.05,24.6,0.0,Rainy,Low,On Time,4.8
1597,BUS11597,TS49B3945,2025-02-26,Ahmedabad,R167,Satellite-Vastral,Satellite Stand,Vastral Junction,14:20,16:38,93.2,Non-AC,59,26.0,44.07,26.81,697.06,25.31,2404.45,0.0,Foggy,Low,On Time,3.8
91,BUS10091,GJ90C4408,2024-10-31,Chennai,B181,Velachery-T Nagar,Velachery Terminal,T Nagar Stop,20:40,,28.5,Mini Bus,35,32.0,91.43,12.98,415.36,7.62,723.9,8.0,Sunny,,On Time,4.4
85,BUS10085,UP49C8162,2025-06-13,Mumbai,R132,Andheri-Dadar,Andheri Stop,Dadar Junction,21:55,00:42,83.8,Mini Bus,32,23.0,71.88,23.58,542.34,20.52,1949.4,1.0,Cloudy,Medium,On Time,4.8
1951,BUS11951,WB91C5707,2024-06-27,Chennai,L219,Velachery-T Nagar,Velachery Stand,T Nagar Terminal,14:40,17:26,88.8,Non-AC,49,10.0,20.41,24.33,243.3,31.87,3027.65,45.0,Cloudy,Low,Delayed,2.8
391,BUS10391,KA90B7904,2024-12-07,Delhi,L277,Saket-Karol Bagh,Saket Stand,Karol Bagh Junction,22:30,00:57,88.6,Mini Bus,28,1.0,3.57,20.82,20.82,17.06,1620.7,8.0,Sunny,Low,On Time,4.5
1571,BUS11571,WB22B3996,2024-03-02,Pune,B18,Kothrud-Viman Nagar,Kothrud Stand,Viman Nagar Stand,13:55,15:28,66.2,AC,37,13.0,35.14,27.22,353.86,22.63,2149.85,0.0,Rainy,Low,On Time,3.1
1657,BUS11657,TS11B5821,2024-08-26,Hyderabad,B272,Kukatpally-Secunderabad,Kukatpally Stop,Secunderabad Stop,08:10,08:57,19.0,Non-AC,40,13.0,32.5,22.54,293.02,5.35,508.25,0.0,Sunny,Medium,On Time,4.7
495,BUS10495,TN94A1869,2024-05-23,Chennai,L98,Velachery-T Nagar,Velachery Terminal,T Nagar Stand,21:50,23:50,83.2,AC,38,0.0,0.0,30.49,0.0,23.85,2265.75,0.0,,Low,Cancelled,1.1
1850,BUS11850,DL86C8898,2024-05-08,Bengaluru,L151,Yeshwanthpur-Silk Board,Yeshwanthpur Stop,Silk Board Stop,07:05,10:30,84.0,Mini Bus,34,26.0,76.47,24.37,633.62,20.45,1942.75,45.0,Rainy,Medium,Delayed,3.3
555,BUS10555,WB10C6442,2025-10-13,Kolkata,L293,Garia-Esplanade,Garia Stop,Esplanade Terminal,11:15,13:27,86.0,AC,35,18.0,51.43,39.92,718.56,32.49,3086.55,0.0,Sunny,Low,On Time,3.3
861,BUS10861,UP65A9441,2024-12-14,Hyderabad,B194,Gachibowli-Koti,Gachibowli Terminal,Koti Stand,11:50,15:37,96.4,Electric,35,37.0,105.71,32.56,1204.72,7.54,90.48,8.0,Sunny,Medium,On Time,3.6
963,BUS10963,DL55A5343,2025-02-25,Jaipur,R119,Jagatpura-Sanganer,Jagatpura Stop,Sanganer Stand,15:25,19:34,91.4,Mini Bus,28,26.0,92.86,25.69,667.94,18.43,1750.85,13.0,Cloudy,Medium,Delayed,3.4
721,BUS10721,GJ53B9266,2025-09-01,Bengaluru,B264,Yeshwanthpur-Silk Board,Yeshwanthpur Junction,Silk Board Stand,12:50,17:12,97.5,Mini Bus,35,1.0,2.86,22.91,22.91,17.92,1702.4,0.0,Sunny,Medium,On Time,3.6
264,BUS10264,WB86A5770,2024-10-13,Hyderabad,R56,Uppal-Mehdipatnam,Uppal Junction,Mehdipatnam Stop,16:50,00:41,95.9,AC,53,55.0,103.77,33.24,1828.2,33.41,3173.95,0.0,Rainy,High,On Time,3.9
104,BUS10104,WB31B6593,2025-11-27,Delhi,B45,Dwarka-ITO,Dwarka Terminal,ITO Stand,05:20,06:29,19.1,Electric,46,51.0,110.87,21.91,1117.41,0.99,11.88,0.0,Cloudy,High,On Time,
1529,BUS11529,WB22B4219,2025-02-28,Hyderabad,L141,Uppal-Mehdipatnam,Uppal Junction,Mehdipatnam Terminal,18:05,18:30,14.1,AC,36,0.0,0.0,17.97,0.0,4.45,422.75,0.0,Cloudy,Medium,Cancelled,2.1
468,BUS10468,GJ39A4011,2025-09-06,Pune,R236,Hadapsar-Shivajinagar,Hadapsar Terminal,Shivajinagar Stop,10:25,13:54,118.4,Mini Bus,29,32.0,110.34,29.22,935.04,27.34,2597.3,21.0,Cloudy,Low,Delayed,2.3
1272,BUS11272,UP94A4483,2025-09-29,Chennai,R106,Tambaram-Parrys,Tambaram Junction,Parrys Stand,19:50,20:32,31.0,Non-AC,60,21.0,35.0,20.39,428.19,10.9,1035.5,0.0,Sunny,Low,On Time,4.9
1545,BUS11545,TN42C8791,2024-12-17,Chennai,R299,Adyar-Broadway,Adyar Stop,Broadway Junction,06:15,07:36,30.5,Mini Bus,26,7.0,,12.94,90.58,5.53,525.35,38.0,Foggy,Low,Delayed,2.7
529,BUS10529,GJ87A1336,2024-02-22,Ahmedabad,B206,Maninagar-Gota,Maninagar Stop,Gota Terminal,07:55,09:11,42.1,Electric,37,18.0,48.65,,544.32,3.93,47.16,0.0,Foggy,Medium,On Time,4.1
1801,BUS11801,TS85B7755,2025-10-05,Ahmedabad,B287,Vastrapur-Kalupur,Vastrapur Terminal,Kalupur Terminal,06:00,06:46,33.6,Electric,49,5.0,10.2,24.54,122.7,2.18,26.16,0.0,Foggy,Low,On Time,3.8
1364,BUS11364,GJ59C8634,2024-04-04,Kolkata,L23,Salt Lake-Howrah,Salt Lake Terminal,Howrah Junction,17:35,18:18,30.7,Non-AC,58,68.0,117.24,14.64,995.52,8.77,833.15,3.0,Rainy,Low,On Time,4.9
516,BUS10516,UP76B7861,2024-03-13,Bengaluru,R10,Electronic City-Hebbal,Electronic City Terminal,Hebbal Stand,10:55,11:31,25.1,Electric,42,38.0,90.48,27.48,1044.24,2.31,27.72,0.0,Foggy,Low,On Time,4.5
379,BUS10379,KA61B8645,2025-06-03,Pune,L291,Aundh-Camp,Aundh Terminal,Camp Junction,19:05,01:34,100.0,Electric,45,26.0,57.78,35.21,915.46,6.72,80.64,9.0,Cloudy,High,On Time,3.5
827,BUS10827,MH72C5536,2024-06-01,Delhi,L13,Saket-Karol Bagh,Saket Stop,Karol Bagh Junction,07:30,09:26,53.1,AC,45,52.0,115.56,24.71,1284.92,17.84,1694.8,0.0,Foggy,Medium,On Time,3.7
833,BUS10833,KA60A9295,2025-06-20,Hyderabad,B213,Uppal-Mehdipatnam,Uppal Stop,Mehdipatnam Stop,17:30,19:01,24.4,Electric,37,21.0,56.76,14.71,308.91,1.72,20.64,2.0,Rainy,High,On Time,4.1
752,BUS10752,MH45C2715,2025-07-29,Jaipur,R270,Vaishali Nagar-Badi Chaupar,Vaishali Nagar Terminal,Badi Chaupar Stop,18:50,21:19,79.7,AC,53,0.0,0.0,31.99,0.0,28.35,2693.25,0.0,Foggy,Medium,Cancelled,2.1
223,BUS10223,GJ37C1804,2025-07-27,Lucknow,B141,Vikas Nagar-Kaiserbagh,Vikas Nagar Terminal,Kaiserbagh Stop,11:35,19:03,114.6,Non-AC,57,20.0,35.09,35.31,706.2,35.65,3386.75,0.0,Cloudy,High,On Time,4.7
1740,BUS11740,RJ70B6452,2025-04-29,Jaipur,R188,Vaishali Nagar-Badi Chaupar,Vaishali Nagar Terminal,Badi Chaupar Stand,16:55,21:49,90.2,Mini Bus,35,0.0,0.0,26.12,0.0,20.45,1942.75,0.0,Foggy,High,Cancelled,1.7
1912,BUS11912,TS21B8107,2024-11-14,Ahmedabad,B261,Vastrapur-Kalupur,Vastrapur Junction,Kalupur Stand,20:50,22:07,56.3,AC,40,22.0,55.0,27.56,606.32,21.06,2000.7,0.0,Foggy,Low,On Time,4.9
1786,BUS11786,UP16B9511,2024-11-06,Chennai,L76,Porur-Egmore,Porur Junction,Egmore Terminal,15:35,19:33,62.1,Electric,40,44.0,110.0,31.71,1395.24,4.73,56.76,0.0,Sunny,High,On Time,3.6
245,BUS10245,TN63B8444,2025-10-10,Delhi,L114,Rohini-Connaught Place,Rohini Junction,Connaught Place Stop,18:25,20:08,49.8,Non-AC,42,10.0,23.81,18.35,183.5,16.51,1568.45,0.0,Foggy,Medium,On Time,3.7
1915,BUS11915,RJ79B1933,2025-02-13,Ahmedabad,B290,Chandkheda-Isanpur,Chandkheda Stand,Isanpur Stop,15:10,15:52,20.7,AC,53,57.0,107.55,19.11,1089.27,6.32,600.4,0.0,Foggy,Medium,On Time,4.1
1982,BUS11982,GJ18A6450,2024-12-22,Ahmedabad,B6,Vastrapur-Kalupur,Vastrapur Junction,Kalupur Junction,14:30,20:59,119.9,AC,54,5.0,9.26,40.67,203.35,46.17,4386.15,0.0,Foggy,High,On Time,3.4
1254,BUS11254,KA75B1344,2025-11-08,Chennai,R215,Velachery-T Nagar,Velachery Stop,T Nagar Terminal,12:10,14:28,48.8,Electric,40,30.0,75.0,22.31,669.3,3.09,37.08,34.0,Foggy,Medium,Delayed,3.0
852,BUS10852,DL51C3020,2025-04-06,Hyderabad,R18,Uppal-Mehdipatnam,Uppal Stop,Mehdipatnam Junction,15:55,18:14,101.8,AC,43,23.0,53.49,34.77,799.71,35.57,3379.15,0.0,Sunny,Low,On Time,3.3
10,BUS10010,MH11C2683,2025-06-23,Lucknow,L180,Chinhat-Aminabad,Chinhat Terminal,Aminabad Terminal,09:30,12:49,118.5,Non-AC,46,3.0,6.52,36.7,110.1,35.08,3332.6,10.0,Foggy,Low,On Time,4.3
1065,BUS11065,TS46B7828,2024-08-01,Jaipur,R55,Jagatpura-Sanganer,Jagatpura Terminal,Sanganer Junction,17:20,18:45,27.4,Electric,45,39.0,86.67,21.69,845.91,1.69,20.28,29.0,Cloudy,Medium,Delayed,2.5
1464,BUS11464,TS71B7097,2025-10-19,Lucknow,L247,Alambagh-Aliganj,Alambagh Junction,Aliganj Terminal,08:25,09:41,56.4,Electric,32,35.0,,31.08,1087.8,4.57,54.84,0.0,Sunny,Low,On Time,3.1
1050,BUS11050,UP33C4530,2025-08-10,Pune,R117,Aundh-Camp,Aundh Terminal,Camp Stand,22:10,03:08,70.1,Electric,44,4.0,9.09,35.25,141.0,5.95,71.4,38.0,Rainy,High,Delayed,3.0
1064,BUS11064,TN12B5892,2024-09-20,Bengaluru,B58,Electronic City-Hebbal,Electronic City Terminal,Hebbal Stop,19:00,19:43,18.0,AC,44,0.0,0.0,37.24,0.0,5.33,506.35,0.0,Cloudy,Medium,On Time,3.6
880,BUS10880,MH14C3635,2025-02-13,Jaipur,L248,Malviya Nagar-Sindhi Camp,Malviya Nagar Stand,Sindhi Camp Stand,16:20,17:53,53.3,Mini Bus,32,7.0,21.88,18.06,126.42,11.33,1076.35,15.0,Sunny,Low,Delayed,
1687,BUS11687,DL99A3163,2024-04-19,Lucknow,B8,Vikas Nagar-Kaiserbagh,Vikas Nagar Stop,Kaiserbagh Terminal,15:15,17:13,36.5,Non-AC,42,1.0,2.38,,25.0,10.37,985.15,5.0,Sunny,High,On Time,4.7
1451,BUS11451,KA11A1799,2025-08-19,Mumbai,L198,Thane-CST,Thane Stand,CST Stand,10:55,17:39,81.2,Non-AC,58,31.0,53.45,32.05,993.55,30.36,2884.2,43.0,Cloudy,High,Delayed,2.6
71,BUS10071,MH80A1770,2024-09-21,Chennai,R20,Velachery-T Nagar,Velachery Junction,T Nagar Junction,21:55,00:34,90.1,Mini Bus,25,20.0,80.0,21.36,427.2,19.14,1818.3,11.0,Rainy,Low,Delayed,2.8
52,BUS10052,WB76A8377,2025-11-08,Chennai,R273,Anna Nagar-Guindy,Anna Nagar Stand,Guindy Junction,22:55,02:07,42.2,Mini Bus,32,19.0,59.38,19.37,368.03,11.08,1052.6,0.0,Cloudy,High,On Time,4.4
965,BUS10965,DL74C7435,2024-03-27,Jaipur,R91,Vaishali Nagar-Badi Chaupar,Vaishali Nagar Stand,Badi Chaupar Stand,10:40,15:35,63.0,AC,38,31.0,81.58,25.8,799.8,20.31,1929.45,0.0,Foggy,High,On Time,4.2
1808,BUS11808,DL30B7005,2025-05-10,Kolkata,L47,Dum Dum-Park Street,Dum Dum Terminal,Park Street Junction,09:00,09:37,5.2,Mini Bus,27,2.0,7.41,11.97,23.94,1.11,105.45,24.0,Sunny,Medium,Delayed,3.7
7,BUS10007,RJ49A3361,2024-04-14,Ahmedabad,R250,Bopal-Naroda,Bopal Stop,Naroda Stop,15:55,17:25,35.4,Non-AC,56,11.0,19.64,21.66,238.26,10.05,954.75,33.0,Rainy,Low,Delayed,3.8
1499,BUS11499,TS92A4968,2025-10-22,Kolkata,L183,Salt Lake-Howrah,Salt Lake Stand,Howrah Terminal,09:35,11:44,47.4,Electric,34,16.0,47.06,22.27,356.32,4.19,50.28,35.0,Rainy,Medium,Delayed,2.6
670,BUS10670,RJ51C9194,2024-03-18,Jaipur,B287,Vaishali Nagar-Badi Chaupar,Vaishali Nagar Junction,Badi Chaupar Terminal,06:10,08:58,86.0,AC,36,3.0,8.33,33.93,101.79,26.15,2484.25,0.0,Sunny,Medium,On Time,4.2
1202,BUS11202,WB75B6350,2024-05-09,Ahmedabad,B45,Satellite-Vastral,Satellite Junction,Vastral Stop,22:40,05:23,82.2,AC,55,12.0,21.82,35.64,427.68,33.62,3193.9,0.0,Rainy,High,On Time,3.4
466,BUS10466,TS95B9328,2025-09-03,Pune,B180,Wagholi-Katraj,Wagholi Stop,Katraj Terminal,08:15,12:27,90.9,AC,46,16.0,34.78,40.11,641.76,33.32,3165.4,7.0,Rainy,Medium,On Time,
1556,BUS11556,RJ39C2911,2025-10-30,Kolkata,R116,Jadavpur-Barasat,Jadavpur Terminal,Barasat Junction,08:00,12:12,113.4,Mini Bus,29,4.0,13.79,31.13,124.52,31.39,2982.05,70.0,Cloudy,Low,Delayed,2.8
1803,BUS11803,MH57B3600,2024-02-19,Delhi,B173,Dwarka-ITO,Dwarka Stand,ITO Stop,21:10,22:20,43.0,Mini Bus,35,27.0,77.14,15.97,431.19,8.58,815.1,0.0,Rainy,Low,On Time,4.6
728,BUS10728,GJ48B3722,2024-12-06,Ahmedabad,R167,Vastrapur-Kalupur,Vastrapur Stop,Kalupur Stop,08:40,15:22,91.6,Electric,35,30.0,85.71,25.87,776.1,7.85,94.2,0.0,Cloudy,High,On Time,3.2
196,BUS10196,RJ71C4210,2024-09-22,Kolkata,B31,Dum Dum-Park Street,Dum Dum Stop,Park Street Terminal,10:40,12:33,83.6,Electric,42,48.0,114.29,37.15,1783.2,5.55,66.6,0.0,Rainy,Low,On Time,4.8
1055,BUS11055,TN75A3005,2024-04-14,Mumbai,L26,Thane-CST,Thane Stand,CST Terminal,15:25,16:41,34.7,Mini Bus,26,18.0,69.23,13.81,248.58,9.28,881.6,0.0,Foggy,Medium,On Time,4.2
1157,BUS11157,RJ76A8802,2024-12-29,Lucknow,L90,Chinhat-Aminabad,Chinhat Stop,Aminabad Stand,11:05,13:36,97.5,Mini Bus,25,21.0,84.0,23.79,499.59,20.16,1915.2,9.0,Rainy,Low,On Time,3.7
992,BUS10992,TN22B4835,2025-06-07,Mumbai,L161,Powai-Churchgate,Powai Stand,Churchgate Terminal,16:40,20:16,115.3,Electric,32,5.0,15.62,32.8,164.0,11.13,133.56,43.0,Foggy,Low,Delayed,2.5
1785,BUS11785,WB90B7316,2024-02-13,Delhi,R193,Dwarka-ITO,Dwarka Stop,ITO Junction,08:25,09:25,38.8,Non-AC,40,48.0,120.0,19.47,934.56,11.64,1105.8,0.0,Sunny,Low,On Time,4.6
1238,BUS11238,TN80B9615,2024-01-28,Hyderabad,L160,Kukatpally-Secunderabad,Kukatpally Junction,Secunderabad Stand,10:00,10:34,12.7,Mini Bus,28,25.0,89.29,16.46,411.5,2.76,262.2,6.0,Rainy,Medium,On Time,3.8
1710,BUS11710,RJ90C3999,2025-04-15,Hyderabad,B297,Dilsukhnagar-Ameerpet,Dilsukhnagar Stop,Ameerpet Stand,08:20,09:37,44.2,Non-AC,46,10.0,21.74,22.61,226.1,15.09,1433.55,3.0,Sunny,Low,On Time,3.2
802,BUS10802,UP35C9633,2025-05-22,Pune,L53,Kothrud-Viman Nagar,Kothrud Stop,Viman Nagar Junction,10:15,12:59,91.9,AC,46,32.0,69.57,31.94,1022.08,28.04,2663.8,0.0,Foggy,Medium,On Time,3.0
322,BUS10322,WB21B5689,2025-06-03,Pune,R167,Aundh-Camp,Aundh Stand,Camp Junction,16:50,01:16,118.3,Mini Bus,34,17.0,50.0,30.46,517.82,25.19,2393.05,0.0,Foggy,High,On Time,4.0
1548,BUS11548,MH56C6850,2025-12-19,Kolkata,B49,Dum Dum-Park Street,Dum Dum Junction,Park Street Terminal,22:25,01:10,101.4,AC,55,52.0,94.55,,1800.24,31.22,2965.9,0.0,Foggy,Low,On Time,4.9
715,BUS10715,KA73A9078,2025-08-05,Mumbai,R134,Andheri-Dadar,Andheri Terminal,Dadar Stop,15:45,16:03,5.6,Electric,45,0.0,0.0,18.36,0.0,0.55,6.6,0.0,Sunny,High,Cancelled,1.8
1566,BUS11566,MH55C9027,2024-02-21,Pune,R98,Hinjewadi-Swargate,Hinjewadi Stand,Swargate Terminal,08:40,11:13,86.6,AC,41,27.0,65.85,44.89,1212.03,31.62,3003.9,0.0,Sunny,Medium,On Time,3.1
1474,BUS11474,UP76A4472,2025-01-30,Lucknow,L92,Alambagh-Aliganj,Alambagh Junction,Aliganj Junction,13:50,15:40,35.2,Non-AC,52,27.0,51.92,16.85,454.95,9.1,864.5,28.0,Foggy,Medium,Delayed,
1750,BUS11750,KA93A3044,2024-11-15,Ahmedabad,R95,Chandkheda-Isanpur,Chandkheda Terminal,Isanpur Stand,17:00,19:43,74.3,Electric,37,40.0,108.11,28.02,1120.8,7.07,84.84,0.0,Rainy,Medium,On Time,3.5
1204,BUS11204,RJ83B4258,2025-07-30,Mumbai,B158,Andheri-Dadar,Andheri Junction,Dadar Stop,07:20,08:51,21.6,AC,42,20.0,47.62,31.55,631.0,8.52,809.4,2.0,Foggy,High,On Time,3.8
1893,BUS11893,TN77C7053,2024-04-09,Chennai,L221,Adyar-Broadway,Adyar Junction,Broadway Stop,08:20,09:58,30.5,Electric,44,47.0,106.82,17.15,806.05,1.53,18.36,4.0,Rainy,High,On Time,3.9
1820,BUS11820,MH92A9956,2024-12-17,Pune,R205,Hinjewadi-Swargate,Hinjewadi Stand,Swargate Terminal,13:05,17:42,91.1,Electric,42,19.0,45.24,37.99,721.81,8.53,102.36,2.0,Cloudy,High,On Time,4.4
1352,BUS11352,MH99A9138,2025-02-03,Jaipur,R88,Vaishali Nagar-Badi Chaupar,Vaishali Nagar Stop,Badi Chaupar Junction,12:40,16:31,113.2,Non-AC,48,26.0,54.17,,872.56,33.93,3223.35,6.0,Sunny,Medium,On Time,4.6
1705,BUS11705,MH14A6998,2024-10-10,Kolkata,B223,Garia-Esplanade,Garia Terminal,Esplanade Junction,21:55,01:45,88.9,Electric,36,29.0,80.56,30.3,878.7,8.8,105.6,45.0,Sunny,Medium,Delayed,3.5
816,BUS10816,TS92B2035,2025-11-01,Jaipur,L262,Mansarovar-Amer,Mansarovar Junction,Amer Stand,16:45,17:41,34.7,Mini Bus,29,3.0,10.34,17.81,53.43,6.78,644.1,0.0,Sunny,Low,On Time,3.3
216,BUS10216,MH89A8209,2024-03-30,Jaipur,B36,Vaishali Nagar-Badi Chaupar,Vaishali Nagar Terminal,Badi Chaupar Stand,19:40,20:54,32.4,Non-AC,46,0.0,0.0,21.49,0.0,8.31,789.45,0.0,Rainy,Medium,Cancelled,2.0
571,BUS10571,DL94A8230,2024-08-15,Jaipur,L125,Vidhyadhar Nagar-Sitapura,Vidhyadhar Nagar Terminal,Sitapura Junction,17:15,21:04,42.1,Non-AC,43,8.0,18.6,26.31,210.48,11.23,1066.85,55.0,Cloudy,High,Delayed,2.7
287,BUS10287,TS19A3815,2025-03-30,Lucknow,L36,Chinhat-Aminabad,Chinhat Stand,Aminabad Terminal,16:05,16:49,28.0,Mini Bus,29,33.0,113.79,12.67,418.11,5.42,514.9,0.0,Rainy,Low,On Time,3.3
978,BUS10978,MH91A9396,2025-05-29,Bengaluru,R232,Whitefield-Majestic,Whitefield Junction,Majestic Stop,12:45,14:22,72.4,Non-AC,56,60.0,107.14,27.48,1648.8,23.98,2278.1,0.0,Sunny,Low,On Time,3.4
1300,BUS11300,UP28C7275,2025-12-09,Bengaluru,L104,Marathahalli-Banashankari,Marathahalli Stand,Banashankari Terminal,20:30,21:45,56.5,Electric,31,2.0,6.45,27.44,54.88,4.06,48.72,0.0,Cloudy,Low,On Time,3.1
1949,BUS11949,MH41B2637,2024-03-30,Pune,L94,Hadapsar-Shivajinagar,Hadapsar Junction,Shivajinagar Stand,09:25,12:23,54.0,Electric,46,1.0,2.17,30.88,30.88,4.37,52.44,81.0,Cloudy,Medium,Delayed,2.3
685,BUS10685,RJ69B8493,2024-03-21,Pune,R129,Hinjewadi-Swargate,Hinjewadi Stand,Swargate Stop,21:10,01:14,78.3,Electric,30,35.0,116.67,33.48,1171.8,4.45,53.4,7.0,Foggy,High,On Time,
868,BUS10868,RJ93C6549,2024-04-24,Bengaluru,B192,Marathahalli-Banashankari,Marathahalli Stop,Banashankari Junction,06:05,07:16,29.4,Mini Bus,25,25.0,100.0,19.24,481.0,8.13,772.35,31.0,Foggy,Low,Delayed,3.3
1255,BUS11255,KA86A4108,2025-02-03,Ahmedabad,L249,Vastrapur-Kalupur,Vastrapur Stop,Kalupur Junction,16:05,19:17,44.4,Mini Bus,25,11.0,44.0,18.42,202.62,12.02,1141.9,37.0,Foggy,High,Delayed,2.6
1387,BUS11387,KA67C1689,2024-06-20,Bengaluru,B298,Marathahalli-Banashankari,Marathahalli Junction,Banashankari Stop,17:20,19:25,33.7,Electric,44,20.0,45.45,23.04,460.8,3.12,,9.0,Foggy,High,On Time,3.2
1757,BUS11757,WB11B7855,2024-11-03,Hyderabad,B95,Gachibowli-Koti,Gachibowli Junction,Koti Junction,15:50,18:30,116.0,Non-AC,48,36.0,75.0,32.89,1184.04,32.98,3133.1,0.0,Rainy,Low,On Time,4.9
1243,BUS11243,GJ71C9097,2025-08-23,Jaipur,B115,Malviya Nagar-Sindhi Camp,Malviya Nagar Junction,Sindhi Camp Terminal,18:30,21:27,92.0,AC,41,10.0,24.39,38.38,383.8,38.36,3644.2,11.0,Foggy,Medium,Delayed,2.8
1730,BUS11730,WB79C1901,2025-10-30,Ahmedabad,B134,Satellite-Vastral,Satellite Stop,Vastral Stop,14:25,19:00,115.2,Electric,44,48.0,109.09,30.63,1470.24,5.79,69.48,7.0,Foggy,Medium,On Time,4.9
772,BUS10772,MH25C1958,2024-10-22,Lucknow,R152,Chinhat-Aminabad,Chinhat Stand,Aminabad Junction,14:00,19:43,88.9,Electric,32,1.0,3.12,27.16,27.16,8.22,98.64,40.0,Sunny,High,Delayed,3.4
76,BUS10076,GJ71A5362,2024-09-11,Pune,B253,Hadapsar-Shivajinagar,Hadapsar Stand,Shivajinagar Stand,10:45,14:22,100.6,Electric,31,22.0,70.97,35.81,787.82,9.14,109.68,74.0,Rainy,Low,Delayed,
232,BUS10232,MH22A7605,2024-09-16,Chennai,B7,Anna Nagar-Guindy,Anna Nagar Stop,Guindy Stop,12:00,16:38,73.3,Mini Bus,31,7.0,22.58,24.11,168.77,17.53,1665.35,4.0,Foggy,High,On Time,4.1
530,BUS10530,WB49A9612,2025-06-11,Delhi,L289,Saket-Karol Bagh,Saket Junction,Karol Bagh Junction,11:00,13:25,93.9,AC,35,0.0,0.0,46.97,0.0,34.46,3273.7,6.0,Rainy,Low,On Time,3.7
1874,BUS11874,DL10C4588,2025-04-10,Ahmedabad,B265,Bopal-Naroda,Bopal Stop,Naroda Stop,09:00,11:11,86.7,AC,42,0.0,,46.79,0.0,34.24,3252.8,0.0,Sunny,Low,Cancelled,1.1
858,BUS10858,TN88C7626,2024-05-14,Pune,R63,Wagholi-Katraj,Wagholi Stop,Katraj Stop,13:05,14:20,48.7,Electric,35,19.0,54.29,21.96,417.24,4.06,48.72,6.0,Sunny,Low,On Time,3.7
1517,BUS11517,WB76C1789,2025-05-19,Delhi,L106,Rohini-Connaught Place,Rohini Stand,Connaught Place Junction,10:25,12:03,7.9,Electric,47,4.0,8.51,23.34,93.36,0.69,8.28,75.0,Rainy,High,Delayed,3.3
15,BUS10015,KA15C4906,2024-04-22,Delhi,R174,Noida-Nehru Place,Noida Stop,Nehru Place Junction,10:20,11:04,10.8,Non-AC,49,16.0,32.65,10.06,160.96,2.73,259.35,0.0,Cloudy,High,On Time,4.0
1761,BUS11761,MH28A1131,2025-11-29,Pune,B82,Hadapsar-Shivajinagar,Hadapsar Stop,Shivajinagar Junction,14:45,16:38,47.8,Mini Bus,26,10.0,38.46,17.07,170.7,9.4,893.0,23.0,Cloudy,Medium,Delayed,2.3
307,BUS10307,TS87B9632,2025-01-08,Lucknow,R110,Indira Nagar-Hazratganj,Indira Nagar Stop,Hazratganj Stop,22:25,23:13,29.3,AC,50,35.0,70.0,29.67,1038.45,10.33,981.35,1.0,Cloudy,Low,On Time,4.5
235,BUS10235,MH85B4896,2024-12-13,Kolkata,R212,Jadavpur-Barasat,Jadavpur Terminal,Barasat Terminal,14:50,19:49,61.5,Mini Bus,25,0.0,0.0,16.98,0.0,11.41,1083.95,0.0,,High,On Time,4.7
127,BUS10127,TS35C4430,2025-08-29,Lucknow,R141,Alambagh-Aliganj,Alambagh Terminal,Aliganj Stop,19:30,22:59,112.5,Mini Bus,28,0.0,0.0,31.25,0.0,26.56,2523.2,20.0,Cloudy,Low,Delayed,3.0
722,BUS10722,UP51C4089,2025-09-26,Delhi,R196,Noida-Nehru Place,Noida Stop,Nehru Place Stand,16:45,18:58,27.0,Electric,45,0.0,0.0,25.92,0.0,1.93,23.16,74.0,Foggy,Medium,Delayed,2.1
563,BUS10563,KA70C9468,2024-12-15,Ahmedabad,R233,Bopal-Naroda,Bopal Terminal,Naroda Terminal,05:20,12:54,115.9,Electric,39,13.0,33.33,42.21,548.73,6.1,73.2,0.0,Rainy,High,On Time,4.7
1987,BUS11987,GJ90B6366,2025-11-05,Bengaluru,L295,Electronic City-Hebbal,Electronic City Junction,Hebbal Stop,21:10,,108.7,Electric,44,31.0,70.45,31.69,982.39,6.0,72.0,70.0,Cloudy,Low,Delayed,2.2
453,BUS10453,MH66A3909,2024-08-19,Chennai,L129,Velachery-T Nagar,Velachery Stop,T Nagar Terminal,10:15,10:34,8.9,Mini Bus,29,1.0,3.45,9.99,9.99,2.08,197.6,0.0,Cloudy,Medium,On Time,4.9
124,BUS10124,GJ72A9385,2024-01-10,Kolkata,B91,Dum Dum-Park Street,Dum Dum Stand,Park Street Stop,12:55,14:39,28.0,AC,44,0.0,0.0,29.14,0.0,11.16,1060.2,0.0,Cloudy,High,Cancelled,1.8
609,BUS10609,UP83A7110,2024-12-23,Bengaluru,R90,Electronic City-Hebbal,Electronic City Stand,Hebbal Stop,20:45,23:07,59.5,Mini Bus,31,3.0,9.68,18.59,55.77,15.07,1431.65,3.0,Rainy,,On Time,4.9
401,BUS10401,TS84C6889,2024-10-18,Pune,B203,Aundh-Camp,Aundh Stop,Camp Junction,20:20,22:18,59.1,AC,41,3.0,7.32,36.98,110.94,16.56,1573.2,2.0,Sunny,Medium,On Time,3.7
570,BUS10570,DL60B6410,2024-10-17,Jaipur,B33,Vaishali Nagar-Badi Chaupar,Vaishali Nagar Junction,Badi Chaupar Terminal,11:00,13:15,84.2,AC,55,12.0,21.82,35.4,424.8,32.77,3113.15,0.0,Sunny,Low,On Time,3.5
663,BUS10663,TS90B8402,2025-02-06,Chennai,L127,Adyar-Broadway,Adyar Stand,Broadway Junction,20:20,21:43,47.0,Mini Bus,25,30.0,120.0,17.25,517.5,11.51,1093.45,0.0,Rainy,Medium,On Time,4.2
1619,BUS11619,TS72B5216,2025-10-16,Mumbai,B56,Thane-CST,Thane Terminal,CST Junction,12:00,15:38,117.9,Mini Bus,33,0.0,0.0,26.14,0.0,31.58,3000.1,0.0,Foggy,Medium,Cancelled,1.9
789,BUS10789,KA63B6587,2025-12-15,Kolkata,R3,Garia-Esplanade,Garia Terminal,Esplanade Stop,22:30,00:00,53.9,Non-AC,45,11.0,24.44,21.81,239.91,16.14,1533.3,15.0,Foggy,Low,Delayed,3.6
1543,BUS11543,TS35A8034,2024-06-14,Kolkata,R111,Behala-Sealdah,Behala Terminal,Sealdah Stand,22:35,00:21,56.3,AC,48,36.0,75.0,35.24,1268.64,22.07,2096.65,27.0,Sunny,Low,Delayed,2.9
1470,BUS11470,UP17B8657,2024-01-27,Pune,R200,Hinjewadi-Swargate,Hinjewadi Terminal,Swargate Stand,22:40,02:51,62.0,Non-AC,59,,25.42,19.62,294.3,17.92,1702.4,88.0,Sunny,Medium,Delayed,
712,BUS10712,TN59A7041,2024-09-26,Hyderabad,L20,Uppal-Mehdipatnam,Uppal Terminal,Mehdipatnam Junction,19:25,23:19,57.5,Mini Bus,29,20.0,68.97,18.85,377.0,13.67,1298.65,54.0,Sunny,High,Delayed,2.5
1274,BUS11274,GJ22A5130,2024-07-10,Delhi,B209,Rohini-Connaught Place,Rohini Stand,Connaught Place Terminal,12:30,13:06,27.3,AC,35,1.0,2.86,36.61,36.61,10.61,1007.95,0.0,Cloudy,Low,On Time,3.2
618,BUS10618,UP30B3490,2025-02-21,Jaipur,R7,Vidhyadhar Nagar-Sitapura,Vidhyadhar Nagar Terminal,Sitapura Terminal,12:30,17:54,61.1,AC,42,35.0,83.33,26.62,931.7,24.79,2355.05,59.0,Sunny,High,Delayed,3.2
726,BUS10726,RJ84A1353,2025-08-29,Kolkata,B145,Salt Lake-Howrah,Salt Lake Stop,Howrah Terminal,22:05,23:26,30.9,Electric,37,39.0,105.41,28.17,1098.63,2.19,26.28,40.0,Sunny,Low,Delayed,3.2
1371,BUS11371,TS67C7612,2024-10-30,Mumbai,R292,Borivali-Colaba,Borivali Stop,Colaba Junction,07:25,08:54,47.4,Electric,46,24.0,52.17,31.04,744.96,4.07,48.84,15.0,Sunny,Low,Delayed,3.0
1439,BUS11439,MH13A2326,2025-07-27,Bengaluru,R75,Jayanagar-KR Puram,Jayanagar Junction,KR Puram Stand,14:15,15:11,27.3,Electric,45,33.0,73.33,20.69,682.77,1.97,23.64,0.0,Rainy,Medium,On Time,
1833,BUS11833,KA75C6227,2024-12-27,Chennai,R185,Tambaram-Parrys,Tambaram Stop,Parrys Junction,06:50,08:15,26.8,AC,42,3.0,7.14,37.76,113.28,8.74,830.3,0.0,Rainy,High,On Time,4.3
1946,BUS11946,TN22C3116,2024-01-17,Pune,L269,Aundh-Camp,Aundh Stop,Camp Stop,06:15,08:29,40.9,Electric,32,18.0,56.25,24.23,436.14,3.6,43.2,12.0,Rainy,High,Delayed,2.7
1024,BUS11024,WB37A9696,2024-01-27,Lucknow,B18,Gomti Nagar-Charbagh,Gomti Nagar Stop,Charbagh Stand,19:40,20:01,8.2,AC,40,6.0,15.0,,153.66,3.26,309.7,3.0,Sunny,Medium,On Time,4.3
197,BUS10197,WB59C9969,2024-07-01,Pune,R72,Wagholi-Katraj,Wagholi Stop,Katraj Junction,15:00,16:45,41.6,Mini Bus,26,12.0,46.15,17.59,211.08,11.08,1052.6,11.0,Cloudy,Medium,Delayed,2.7
377,BUS10377,GJ37C1891,2024-06-03,Delhi,R116,Noida-Nehru Place,Noida Stand,Nehru Place Terminal,05:45,07:14,38.0,Electric,44,27.0,61.36,19.65,530.55,3.24,38.88,11.0,Cloudy,Medium,Delayed,2.1
1513,BUS11513,MH22B9140,2025-10-26,Hyderabad,L67,Dilsukhnagar-Ameerpet,Dilsukhnagar Stand,Ameerpet Terminal,16:05,20:55,91.5,Non-AC,51,37.0,72.55,27.51,1017.87,26.87,2552.65,10.0,Sunny,High,On Time,4.8
1649,BUS11649,TN75A5871,2024-08-13,Kolkata,R209,Garia-Esplanade,Garia Junction,Esplanade Stop,10:25,12:11,60.4,Electric,30,23.0,76.67,20.18,464.14,3.99,47.88,0.0,Rainy,Medium,On Time,3.5
914,BUS10914,DL76B1747,2024-12-29,Hyderabad,B80,Uppal-Mehdipatnam,Uppal Terminal,Mehdipatnam Junction,20:05,20:52,22.8,Non-AC,46,15.0,32.61,17.16,257.4,7.89,749.55,0.0,Cloudy,Medium,On Time,3.2
1673,BUS11673,DL80B3560,2025-11-12,Jaipur,L87,Malviya Nagar-Sindhi Camp,Malviya Nagar Stop,Sindhi Camp Junction,20:45,22:13,45.3,AC,39,29.0,74.36,24.71,716.59,17.71,1682.45,8.0,Sunny,Medium,On Time,
1161,BUS11161,DL18B1768,2025-07-22,Jaipur,R223,Mansarovar-Amer,Mansarovar Stand,Amer Stop,15:15,21:26,73.6,Mini Bus,31,36.0,116.13,24.99,899.64,13.45,1277.75,42.0,Foggy,High,Delayed,3.1
1133,BUS11133,RJ36A5496,2025-11-04,Delhi,L40,Rajouri Garden-Anand Vihar,Rajouri Garden Terminal,Anand Vihar Stop,05:45,09:00,58.1,Non-AC,45,14.0,31.11,27.79,389.06,21.48,2040.6,45.0,Foggy,Medium,Delayed,3.4
840,BUS10840,KA34A2175,2025-07-24,Ahmedabad,L97,Satellite-Vastral,Satellite Terminal,Vastral Stand,07:45,12:20,110.3,Mini Bus,30,11.0,36.67,27.17,298.87,21.01,1995.95,0.0,Cloudy,Medium,On Time,3.7
110,BUS10110,TS74C2631,2024-07-20,Mumbai,R205,Borivali-Colaba,Borivali Stop,Colaba Terminal,12:55,13:14,11.5,Non-AC,59,1.0,1.69,17.4,17.4,4.25,403.75,0.0,Cloudy,,On Time,3.6
1593,BUS11593,KA12C5571,2024-05-07,Chennai,L28,Adyar-Broadway,Adyar Junction,Broadway Stop,05:40,10:34,89.4,AC,46,7.0,15.22,40.84,285.88,28.07,2666.65,77.0,Foggy,Medium,Delayed,3.1
1616,BUS11616,RJ67C2215,2024-01-24,Hyderabad,L131,Dilsukhnagar-Ameerpet,Dilsukhnagar Junction,Ameerpet Terminal,21:05,01:21,119.9,Electric,30,24.0,80.0,39.59,950.16,11.01,132.12,13.0,Sunny,Medium,Delayed,2.9
1205,BUS11205,UP43B3510,2024-03-15,Mumbai,L110,Powai-Churchgate,Powai Stop,Churchgate Terminal,09:45,13:56,85.9,AC,47,44.0,93.62,30.33,1334.52,30.46,2893.7,28.0,Rainy,Medium,Delayed,3.8
1568,BUS11568,WB91B7743,2024-07-02,Kolkata,R152,Garia-Esplanade,Garia Stand,Esplanade Stop,09:40,10:47,21.5,Electric,44,33.0,75.0,14.37,474.21,1.79,21.48,0.0,Sunny,High,On Time,4.9
156,BUS10156,DL14B7963,2025-10-04,Pune,R176,Hinjewadi-Swargate,Hinjewadi Stand,Swargate Terminal,15:25,16:57,12.4,AC,49,49.0,100.0,36.21,1774.29,3.63,344.85,72.0,Cloudy,Low,Delayed,2.4
1935,BUS11935,MH29A2972,2024-01-04,Ahmedabad,B282,Maninagar-Gota,Maninagar Terminal,Gota Stand,10:20,12:21,68.5,Mini Bus,30,10.0,33.33,22.43,224.3,12.74,1210.3,14.0,Rainy,Low,Delayed,2.1
1906,BUS11906,UP99A1624,2024-12-06,Kolkata,B201,Garia-Esplanade,Garia Terminal,Esplanade Stop,13:15,20:00,108.3,Electric,37,38.0,102.7,32.02,1216.76,7.32,87.84,0.0,Foggy,High,On Time,3.7
302,BUS10302,RJ62B3357,2024-07-05,Delhi,R99,Rajouri Garden-Anand Vihar,Rajouri Garden Stand,Anand Vihar Junction,16:00,17:17,18.6,Mini Bus,26,13.0,50.0,17.03,221.39,4.78,454.1,3.0,Sunny,High,On Time,4.6
146,BUS10146,RJ38B6572,2024-12-04,Lucknow,R276,Gomti Nagar-Charbagh,Gomti Nagar Stop,Charbagh Stand,21:45,23:24,31.5,Non-AC,49,40.0,81.63,16.01,640.4,8.24,782.8,0.0,Sunny,High,On Time,3.8
1799,BUS11799,UP70C1569,2025-06-10,Hyderabad,L110,LB Nagar-Miyapur,LB Nagar Stand,Miyapur Terminal,05:30,10:55,77.4,Mini Bus,25,5.0,20.0,20.68,103.4,20.08,1907.6,0.0,Cloudy,High,On Time,4.1
1846,BUS11846,DL85C8803,2025-02-16,Chennai,L133,Velachery-T Nagar,Velachery Terminal,T Nagar Stop,14:55,18:09,74.3,AC,50,43.0,86.0,41.19,1771.17,22.34,2122.3,15.0,Rainy,Medium,Delayed,2.7
413,BUS10413,DL45B9365,2025-01-03,Pune,L287,Wagholi-Katraj,Wagholi Stop,Katraj Stop,10:15,11:10,34.4,Non-AC,42,28.0,66.67,19.1,534.8,10.89,1034.55,6.0,Rainy,Low,On Time,3.5
500,BUS10500,GJ53B5092,2025-04-21,Bengaluru,L211,Whitefield-Majestic,Whitefield Junction,Majestic Stop,20:30,22:46,87.5,Electric,35,23.0,65.71,36.13,830.99,4.94,59.28,15.0,Foggy,Low,Delayed,2.5
1185,BUS11185,DL38A8359,2024-12-29,Delhi,B202,Rohini-Connaught Place,Rohini Stop,Connaught Place Stop,16:30,18:48,62.9,Non-AC,60,42.0,70.0,17.57,737.94,22.4,2128.0,3.0,Cloudy,Medium,On Time,3.8
86,BUS10086,KA56B7007,2024-03-17,Kolkata,B226,Dum Dum-Park Street,Dum Dum Junction,Park Street Stand,14:40,16:32,25.2,Electric,40,26.0,65.0,16.52,429.52,2.05,24.6,0.0,Sunny,High,On Time,3.7
929,BUS10929,KA93B9829,2024-08-25,Pune,R49,Kothrud-Viman Nagar,Kothrud Terminal,Viman Nagar Terminal,19:30,22:29,48.0,Electric,49,57.0,116.33,18.35,1045.95,3.85,46.2,80.0,Cloudy,Medium,Delayed,
1592,BUS11592,RJ35B9526,2024-04-09,Mumbai,L283,Borivali-Colaba,Borivali Stop,Colaba Stand,17:55,18:47,33.6,AC,45,10.0,22.22,27.9,279.0,10.88,1033.6,0.0,Sunny,Low,On Time,3.8
160,BUS10160,TS57B3723,2025-06-19,Pune,L91,Hadapsar-Shivajinagar,Hadapsar Terminal,Shivajinagar Junction,08:15,13:32,109.6,Non-AC,49,57.0,116.33,30.1,1715.7,39.79,3780.05,23.0,Sunny,Medium,Delayed,2.2
1021,BUS11021,TS20A4031,2024-09-25,Hyderabad,B250,Kukatpally-Secunderabad,Kukatpally Junction,Secunderabad Stop,19:15,00:02,85.7,AC,42,0.0,0.0,32.39,0.0,25.69,2440.55,0.0,Sunny,High,On Time,
804,BUS10804,TS62C4742,2024-03-13,Jaipur,B184,Mansarovar-Amer,Mansarovar Stop,Amer Terminal,11:30,14:37,86.5,Mini Bus,34,40.0,117.65,23.9,956.0,22.85,2170.75,0.0,Rainy,Medium,On Time,3.3
1777,BUS11777,TN81A4685,2024-03-17,Pune,L125,Aundh-Camp,Aundh Junction,Camp Stop,11:20,13:24,46.4,AC,50,8.0,16.0,41.95,335.6,15.96,1516.2,0.0,Foggy,Medium,On Time,3.1
103,BUS10103,KA74C9310,2024-04-27,Lucknow,R209,Vikas Nagar-Kaiserbagh,Vikas Nagar Stand,Kaiserbagh Stop,21:05,22:42,57.9,Mini Bus,33,15.0,45.45,16.06,240.9,10.66,,20.0,Cloudy,Low,Delayed,2.9
1805,BUS11805,WB71C7109,2024-07-17,Pune,B113,Aundh-Camp,Aundh Stand,Camp Stop,08:00,10:27,41.1,AC,41,10.0,24.39,37.54,375.4,16.0,1520.0,12.0,Foggy,High,Delayed,2.7
23,BUS10023,TS16B2666,2024-02-22,Kolkata,L40,Dum Dum-Park Street,Dum Dum Junction,Park Street Stop,14:50,20:12,112.6,Non-AC,48,56.0,116.67,36.18,2026.08,36.19,3438.05,44.0,Sunny,Medium,Delayed,2.1
358,BUS10358,MH49A9599,2024-03-18,Chennai,B54,Adyar-Broadway,Adyar Junction,Broadway Terminal,12:50,14:47,49.4,Mini Bus,31,13.0,41.94,21.19,275.47,9.19,873.05,25.0,Sunny,Medium,Delayed,3.6
181,BUS10181,RJ63A4720,2024-07-31,Pune,R266,Aundh-Camp,Aundh Stand,Camp Stop,11:25,16:52,67.4,AC,55,37.0,67.27,41.52,1536.24,26.32,2500.4,73.0,Rainy,High,Delayed,2.2
780,BUS10780,TS36B9226,2024-10-12,Mumbai,L134,Andheri-Dadar,Andheri Stop,Dadar Stop,07:45,11:13,112.0,Non-AC,40,40.0,100.0,36.19,1447.6,35.23,3346.85,33.0,Rainy,Low,Delayed,3.7
423,BUS10423,MH41C9659,2025-02-19,Ahmedabad,L225,Bopal-Naroda,Bopal Stop,Naroda Terminal,05:55,07:17,40.3,Electric,34,0.0,0.0,17.02,0.0,2.76,33.12,0.0,Foggy,Medium,Cancelled,1.2
20,BUS10020,DL71C5707,2024-02-17,Chennai,L236,Velachery-T Nagar,Velachery Stop,T Nagar Stop,11:05,15:25,74.0,Electric,38,6.0,15.79,31.48,188.88,6.2,74.4,1.0,Rainy,High,On Time,4.4
1484,BUS11484,GJ14B1247,2024-07-14,Kolkata,L62,Dum Dum-Park Street,Dum Dum Junction,Park Street Terminal,05:50,07:06,16.9,Non-AC,57,53.0,92.98,18.33,971.49,4.94,,0.0,Sunny,High,On Time,3.4
1719,BUS11719,DL74A6936,2025-07-14,Kolkata,R103,Salt Lake-Howrah,Salt Lake Terminal,Howrah Stand,22:05,03:11,91.3,Electric,48,48.0,100.0,35.33,1695.84,7.06,84.72,6.0,,High,On Time,3.6
184,BUS10184,TN76A4803,2025-09-09,Mumbai,L85,Kurla-Bandra,Kurla Terminal,Bandra Junction,10:15,16:15,117.2,AC,49,28.0,57.14,49.97,1399.16,47.07,4471.65,0.0,Foggy,High,On Time,3.3
67,BUS10067,KA85A5727,2024-05-24,Hyderabad,B135,Uppal-Mehdipatnam,Uppal Junction,Mehdipatnam Stop,09:20,15:26,117.2,Mini Bus,30,25.0,83.33,28.3,707.5,23.52,2234.4,0.0,Rainy,High,On Time,4.2
1174,BUS11174,TS59B1580,2024-02-26,Jaipur,R253,Mansarovar-Amer,Mansarovar Stand,Amer Stand,16:50,19:54,85.9,Non-AC,43,48.0,111.63,27.98,1343.04,30.43,2890.85,0.0,Rainy,Medium,On Time,4.5
567,BUS10567,GJ62A5272,2024-06-30,Hyderabad,R112,Gachibowli-Koti,Gachibowli Stand,Koti Stand,18:20,21:26,74.8,Electric,45,51.0,113.33,30.26,1543.26,4.74,56.88,0.0,Sunny,Medium,On Time,3.7
1134,BUS11134,WB90C9301,2025-05-08,Mumbai,L104,Powai-Churchgate,Powai Stop,Churchgate Stop,12:45,15:20,56.9,Electric,34,0.0,0.0,31.91,0.0,5.67,68.04,53.0,Sunny,Medium,Delayed,3.7
363,BUS10363,TS60B4296,2025-04-16,Chennai,R287,Anna Nagar-Guindy,Anna Nagar Junction,Guindy Junction,20:05,01:26,94.8,Non-AC,49,16.0,32.65,25.63,410.08,32.77,3113.15,9.0,Cloudy,High,On Time,4.0
1510,BUS11510,MH18A7865,2025-01-03,Jaipur,B222,Malviya Nagar-Sindhi Camp,Malviya Nagar Stand,Sindhi Camp Stand,12:50,16:03,49.6,Non-AC,52,0.0,0.0,26.28,0.0,18.07,1716.65,17.0,Rainy,High,Delayed,3.8
644,BUS10644,TN82C8100,2025-04-16,Delhi,R281,Dwarka-ITO,Dwarka Terminal,ITO Stop,20:05,20:27,13.4,AC,38,20.0,52.63,31.43,628.6,4.69,445.55,0.0,Cloudy,Low,On Time,3.4
1711,BUS11711,DL10C2334,2025-11-25,Hyderabad,B66,LB Nagar-Miyapur,LB Nagar Terminal,Miyapur Terminal,19:20,00:00,88.3,Electric,33,19.0,57.58,24.43,464.17,7.9,94.8,0.0,Rainy,High,On Time,3.4
194,BUS10194,KA96B1876,2025-09-08,Pune,L243,Wagholi-Katraj,Wagholi Stand,Katraj Stand,22:55,05:21,90.1,Non-AC,51,54.0,105.88,31.01,1674.54,32.87,3122.65,9.0,Cloudy,High,On Time,3.9
1863,BUS11863,TS35B1714,2024-02-04,Delhi,L64,Rajouri Garden-Anand Vihar,Rajouri Garden Terminal,Anand Vihar Stand,05:05,09:27,81.0,Electric,47,14.0,29.79,22.65,317.1,5.26,63.12,11.0,Foggy,High,Delayed,
580,BUS10580,RJ71B7295,2024-11-10,Lucknow,B236,Gomti Nagar-Charbagh,Gomti Nagar Terminal,Charbagh Stand,06:40,09:59,43.6,Mini Bus,30,17.0,56.67,15.09,256.53,8.29,787.55,16.0,Sunny,High,Delayed,3.3
1669,BUS11669,GJ62B4166,2025-01-09,Pune,R206,Hinjewadi-Swargate,Hinjewadi Terminal,Swargate Junction,08:20,10:16,57.2,AC,55,13.0,23.64,35.68,463.84,22.36,2124.2,1.0,Sunny,Medium,On Time,3.3
582,BUS10582,TS17A4009,2024-08-29,Jaipur,B179,Vidhyadhar Nagar-Sitapura,Vidhyadhar Nagar Terminal,Sitapura Stop,16:55,19:01,22.9,Non-AC,45,44.0,97.78,21.28,936.32,8.0,760.0,31.0,Foggy,High,Delayed,3.1
835,BUS10835,GJ71A2987,2025-04-29,Kolkata,L224,Garia-Esplanade,Garia Stop,Esplanade Stand,10:30,12:25,33.4,Mini Bus,33,13.0,39.39,19.9,258.7,6.92,657.4,15.0,Rainy,High,Delayed,3.9
1406,BUS11406,DL37C8740,2025-01-17,Ahmedabad,B294,Satellite-Vastral,Satellite Stop,Vastral Stop,20:20,21:37,29.2,AC,38,43.0,113.16,33.34,1433.62,8.92,847.4,0.0,Foggy,Medium,On Time,4.7
829,BUS10829,UP71A7309,2025-06-02,Mumbai,R250,Kurla-Bandra,Kurla Junction,Bandra Junction,20:35,22:59,75.8,AC,51,36.0,70.59,41.98,1511.28,22.22,2110.9,0.0,Cloudy,Medium,On Time,3.6
1634,BUS11634,GJ56A8981,2024-04-30,Jaipur,L191,Malviya Nagar-Sindhi Camp,Malviya Nagar Terminal,Sindhi Camp Junction,10:50,13:44,49.8,Electric,44,18.0,40.91,24.47,440.46,3.73,44.76,22.0,Rainy,High,Delayed,2.7
504,BUS10504,MH79A5458,2024-06-11,Ahmedabad,R61,Satellite-Vastral,Satellite Stop,Vastral Terminal,12:05,15:45,118.5,Non-AC,40,31.0,77.5,36.57,1133.67,32.54,3091.3,23.0,Rainy,Low,Delayed,2.1
1384,BUS11384,GJ67C8953,2024-06-23,Ahmedabad,R172,Satellite-Vastral,Satellite Stop,Vastral Junction,07:20,07:42,11.7,AC,35,0.0,0.0,25.18,0.0,4.42,419.9,0.0,Foggy,Medium,Cancelled,1.3
971,BUS10971,KA27C1346,2025-02-08,Chennai,L217,Anna Nagar-Guindy,Anna Nagar Junction,Guindy Terminal,20:10,20:59,29.2,AC,53,7.0,13.21,29.55,206.85,8.62,818.9,0.0,Sunny,Low,On Time,3.2
1391,BUS11391,GJ15A7574,2024-07-12,Bengaluru,L222,Jayanagar-KR Puram,Jayanagar Stand,KR Puram Terminal,07:05,07:50,29.6,Electric,36,9.0,25.0,21.35,192.15,1.68,20.16,5.0,Cloudy,Low,On Time,3.3
1873,BUS11873,GJ88A2014,2025-10-30,Lucknow,B206,Gomti Nagar-Charbagh,Gomti Nagar Stand,Charbagh Stop,16:45,18:59,46.1,Non-AC,47,7.0,14.89,19.81,138.67,16.99,1614.05,0.0,Cloudy,High,On Time,3.3
1645,BUS11645,TS39A4014,2024-11-02,Ahmedabad,R23,Vastrapur-Kalupur,Vastrapur Stand,Kalupur Stand,10:05,12:15,80.4,Electric,32,16.0,50.0,22.6,361.6,4.4,52.8,4.0,Rainy,Low,On Time,3.2
1078,BUS11078,MH93B8614,2024-06-24,Ahmedabad,L125,Satellite-Vastral,Satellite Stand,Vastral Junction,17:00,19:11,61.4,Mini Bus,32,24.0,75.0,21.16,507.84,12.31,1169.45,0.0,Rainy,Medium,On Time,5.0
692,BUS10692,TS25A3219,2025-07-26,Jaipur,B110,Jagatpura-Sanganer,Jagatpura Terminal,Sanganer Stop,10:40,14:28,91.6,AC,49,8.0,16.33,32.98,263.84,35.32,3355.4,0.0,Sunny,Medium,On Time,3.3
1527,BUS11527,DL90B9876,2024-04-26,Delhi,R56,Saket-Karol Bagh,Saket Stop,Karol Bagh Stop,11:00,12:15,26.4,Mini Bus,34,20.0,58.82,14.02,280.4,6.16,585.2,6.0,Sunny,Medium,On Time,
776,BUS10776,DL45C4494,2025-06-05,Ahmedabad,R156,Bopal-Naroda,Bopal Terminal,Naroda Terminal,16:20,22:25,81.0,Electric,35,3.0,8.57,29.54,88.62,5.4,64.8,0.0,Cloudy,High,On Time,3.6
14,BUS10014,KA44A7918,2025-11-23,Chennai,R136,Tambaram-Parrys,Tambaram Junction,Parrys Stand,13:30,15:08,22.2,Mini Bus,30,16.0,53.33,11.0,176.0,5.9,560.5,63.0,Sunny,Low,Delayed,2.5
1983,BUS11983,DL64C2366,2024-12-28,Bengaluru,L297,Whitefield-Majestic,Whitefield Terminal,Majestic Terminal,17:55,20:08,79.3,AC,45,52.0,115.56,44.56,2317.12,31.1,2954.5,0.0,Foggy,Low,On Time,3.9
1594,BUS11594,UP63A6733,2024-08-06,Delhi,R108,Noida-Nehru Place,Noida Junction,Nehru Place Stop,07:55,15:05,93.4,AC,45,11.0,24.44,38.83,427.13,27.6,2622.0,4.0,Sunny,High,On Time,4.7
334,BUS10334,DL46A2098,2024-06-12,Jaipur,R97,Malviya Nagar-Sindhi Camp,Malviya Nagar Terminal,Sindhi Camp Stand,09:05,10:18,48.8,Electric,33,12.0,36.36,22.97,275.64,4.12,49.44,1.0,Sunny,,On Time,3.3
596,BUS10596,UP57B1202,2024-06-13,Jaipur,L179,Vaishali Nagar-Badi Chaupar,Vaishali Nagar Stop,Badi Chaupar Stop,17:00,19:55,96.3,Electric,36,12.0,33.33,25.54,306.48,8.25,99.0,0.0,Sunny,Medium,On Time,3.0
114,BUS10114,TN82B7716,2025-01-19,Mumbai,L206,Andheri-Dadar,Andheri Junction,Dadar Stand,12:00,13:18,34.0,Electric,43,36.0,83.72,26.96,970.56,2.51,30.12,24.0,Rainy,Low,Delayed,3.9
464,BUS10464,UP44C2289,2024-01-15,Delhi,L66,Dwarka-ITO,Dwarka Terminal,ITO Terminal,20:25,01:46,78.3,Mini Bus,28,10.0,35.71,25.79,257.9,14.46,1373.7,31.0,Sunny,High,Delayed,2.2
1587,BUS11587,RJ83C2373,2025-08-17,Delhi,B183,Dwarka-ITO,Dwarka Stand,ITO Junction,06:55,09:20,39.2,Electric,31,13.0,41.94,27.49,357.37,3.14,37.68,24.0,Sunny,High,Delayed,2.1
735,BUS10735,GJ15C5041,2024-03-08,Kolkata,R144,Salt Lake-Howrah,Salt Lake Junction,Howrah Stop,05:10,05:32,5.2,Non-AC,41,18.0,43.9,16.33,293.94,1.45,137.75,0.0,Rainy,High,On Time,4.1
314,BUS10314,TS33C7200,2025-09-09,Jaipur,R198,Vidhyadhar Nagar-Sitapura,Vidhyadhar Nagar Junction,Sitapura Stand,06:40,11:36,81.7,AC,39,7.0,17.95,47.08,329.56,30.43,2890.85,0.0,Cloudy,High,On Time,3.0
1322,BUS11322,MH66A3315,2024-04-21,Ahmedabad,R134,Satellite-Vastral,Satellite Terminal,Vastral Stand,14:45,17:12,73.1,Mini Bus,32,7.0,21.88,20.5,143.5,14.06,,0.0,Foggy,Medium,On Time,4.7
526,BUS10526,UP95B6485,2024-05-03,Pune,R11,Wagholi-Katraj,Wagholi Junction,Katraj Junction,13:20,15:59,53.5,AC,47,19.0,40.43,25.01,475.19,18.88,1793.6,0.0,Sunny,High,On Time,4.2
56,BUS10056,TS45B7548,2024-03-03,Bengaluru,L63,Jayanagar-KR Puram,Jayanagar Junction,KR Puram Stand,05:05,10:21,53.1,Mini Bus,35,14.0,40.0,22.92,320.88,14.66,1392.7,71.0,Foggy,High,Delayed,2.4
134,BUS10134,GJ62A2442,2024-09-07,Pune,B94,Hinjewadi-Swargate,Hinjewadi Stand,Swargate Junction,09:55,13:21,63.8,Non-AC,44,30.0,68.18,18.02,540.6,20.31,1929.45,50.0,Rainy,Medium,Delayed,3.8
666,BUS10666,TN37B5648,2024-01-14,Ahmedabad,L269,Bopal-Naroda,Bopal Stand,Naroda Junction,18:15,20:28,89.4,Electric,39,40.0,102.56,37.44,1497.6,8.63,103.56,0.0,Rainy,Low,On Time,3.2
291,BUS10291,WB62B1085,2024-06-01,Delhi,B77,Saket-Karol Bagh,Saket Junction,Karol Bagh Junction,09:15,12:39,109.1,Non-AC,52,53.0,101.92,27.19,1441.07,37.06,3520.7,10.0,Cloudy,Medium,On Time,4.1
875,BUS10875,WB62B9285,2025-11-02,Jaipur,B30,Malviya Nagar-Sindhi Camp,Malviya Nagar Stop,Sindhi Camp Stand,09:05,11:39,65.9,AC,45,3.0,6.67,38.0,114.0,26.75,2541.25,6.0,Rainy,Medium,On Time,4.6
1182,BUS11182,GJ35C3394,2025-07-21,Kolkata,R259,Garia-Esplanade,Garia Stop,Esplanade Terminal,20:55,02:02,98.7,AC,40,18.0,,49.54,891.72,40.4,3838.0,22.0,Foggy,High,Delayed,3.7
1303,BUS11303,KA58C7734,2024-06-03,Jaipur,L255,Vaishali Nagar-Badi Chaupar,Vaishali Nagar Junction,Badi Chaupar Stop,09:45,10:15,11.9,Electric,34,25.0,73.53,16.21,405.25,0.98,11.76,0.0,Cloudy,Medium,On Time,4.1
1635,BUS11635,TS50C4264,2025-05-27,Ahmedabad,L152,Bopal-Naroda,Bopal Stop,Naroda Junction,19:35,23:29,63.8,Mini Bus,28,24.0,85.71,23.09,554.16,14.96,1421.2,4.0,Sunny,High,On Time,3.4
1376,BUS11376,KA28C4724,2024-08-03,Hyderabad,L16,Kukatpally-Secunderabad,Kukatpally Terminal,Secunderabad Stop,22:40,00:18,65.7,Mini Bus,34,24.0,70.59,17.36,416.64,16.51,1568.45,0.0,Rainy,Low,On Time,4.2
739,BUS10739,DL73A4032,2024-02-09,Chennai,R75,Porur-Egmore,Porur Stand,Egmore Junction,09:05,10:09,27.4,Electric,30,19.0,63.33,14.2,269.8,2.68,32.16,12.0,Rainy,Medium,Delayed,2.2
1400,BUS11400,TN22C1356,2025-12-22,Lucknow,R186,Vikas Nagar-Kaiserbagh,Vikas Nagar Stop,Kaiserbagh Stand,08:05,11:14,93.8,AC,42,40.0,95.24,40.71,1628.4,29.33,2786.35,,Cloudy,Medium,On Time,3.4
1465,BUS11465,TS37A5162,2024-01-06,Mumbai,R277,Borivali-Colaba,Borivali Terminal,Colaba Terminal,22:40,00:47,36.0,AC,53,32.0,60.38,31.5,1008.0,12.26,,0.0,Rainy,High,On Time,4.8
1957,BUS11957,TN54C4933,2025-11-02,Mumbai,L22,Thane-CST,Thane Junction,CST Stand,13:45,14:35,22.4,Mini Bus,29,20.0,68.97,14.48,289.6,5.67,538.65,13.0,Cloudy,Low,Delayed,3.1
1567,BUS11567,RJ34B8003,2025-01-23,Pune,L58,Hadapsar-Shivajinagar,Hadapsar Junction,Shivajinagar Stand,21:00,00:50,95.2,Mini Bus,29,5.0,17.24,26.3,131.5,22.68,2154.6,0.0,Cloudy,Medium,On Time,4.8
1240,BUS11240,GJ82C4730,2024-08-27,Ahmedabad,B263,Bopal-Naroda,Bopal Stop,Naroda Stand,08:45,10:10,47.6,Electric,48,39.0,81.25,20.35,793.65,3.74,44.88,21.0,Rainy,Low,Delayed,2.6
1442,BUS11442,UP48A9659,2025-03-13,Jaipur,L117,Jagatpura-Sanganer,Jagatpura Terminal,Sanganer Junction,06:00,06:29,16.7,Mini Bus,33,32.0,96.97,16.6,531.2,3.18,302.1,0.0,Cloudy,Medium,On Time,
1471,BUS11471,TN42B1971,2025-10-31,Hyderabad,R199,Gachibowli-Koti,Gachibowli Junction,Koti Terminal,15:30,16:45,56.6,AC,41,10.0,24.39,40.93,409.3,22.08,2097.6,0.0,Cloudy,Low,On Time,3.1
323,BUS10323,RJ36A4794,2025-04-22,Jaipur,L80,Malviya Nagar-Sindhi Camp,Malviya Nagar Junction,Sindhi Camp Junction,16:55,23:57,106.2,Electric,38,18.0,47.37,33.55,603.9,8.26,99.12,79.0,Foggy,High,Delayed,2.1
1142,BUS11142,TS87C1717,2025-04-28,Lucknow,R45,Gomti Nagar-Charbagh,Gomti Nagar Stop,Charbagh Stand,11:30,17:31,95.6,Non-AC,48,48.0,100.0,29.81,1430.88,26.22,2490.9,24.0,Rainy,High,Delayed,2.3
1103,BUS11103,GJ57A6464,2025-01-15,Chennai,L181,Adyar-Broadway,Adyar Terminal,Broadway Stand,11:00,13:10,93.1,Mini Bus,32,0.0,0.0,21.94,0.0,17.2,1634.0,0.0,Rainy,Low,Cancelled,1.7
943,BUS10943,TN11B5506,2025-07-05,Ahmedabad,L38,Satellite-Vastral,Satellite Stand,Vastral Junction,05:35,05:58,9.3,AC,48,0.0,0.0,31.71,0.0,3.12,296.4,0.0,Cloudy,Medium,Cancelled,2.0
636,BUS10636,TN17A4660,2025-11-21,Bengaluru,B265,Electronic City-Hebbal,Electronic City Junction,Hebbal Junction,06:55,08:41,34.0,AC,48,21.0,43.75,21.4,449.4,11.71,1112.45,0.0,Cloudy,High,On Time,3.3
810,BUS10810,DL63B5374,2024-02-09,Kolkata,L189,Garia-Esplanade,Garia Stand,Esplanade Stop,10:25,11:58,43.4,Electric,41,45.0,109.76,20.14,906.3,2.27,27.24,13.0,Sunny,Medium,Delayed,3.1
510,BUS10510,WB39B2932,2025-09-27,Bengaluru,B295,Whitefield-Majestic,Whitefield Junction,Majestic Stand,22:45,23:40,12.5,Non-AC,55,3.0,5.45,10.53,31.59,3.53,335.35,5.0,Sunny,High,On Time,3.0
576,BUS10576,GJ73A6304,2025-12-22,Delhi,B85,Saket-Karol Bagh,Saket Terminal,Karol Bagh Stop,10:15,11:36,60.3,Non-AC,51,28.0,54.9,,553.84,22.3,2118.5,0.0,Cloudy,Low,On Time,4.0
1550,BUS11550,UP23B9117,2025-07-24,Pune,L11,Wagholi-Katraj,Wagholi Terminal,Katraj Stop,08:55,10:30,50.6,Electric,41,35.0,85.37,19.61,686.35,4.06,48.72,1.0,Foggy,Medium,On Time,4.6
40,BUS10040,KA12A9019,2025-04-21,Kolkata,L189,Dum Dum-Park Street,Dum Dum Stop,Park Street Stop,12:35,16:45,92.8,Mini Bus,27,2.0,7.41,26.01,52.02,17.47,1659.65,6.0,Rainy,Medium,On Time,4.6
205,BUS10205,TS54A7008,2025-02-20,Delhi,B123,Rohini-Connaught Place,Rohini Stand,Connaught Place Terminal,13:10,16:28,117.5,Mini Bus,27,7.0,25.93,25.55,178.85,25.62,2433.9,4.0,Cloudy,Low,On Time,3.0
195,BUS10195,KA92A4046,2025-05-27,Ahmedabad,L149,Bopal-Naroda,Bopal Junction,Naroda Terminal,13:25,15:08,23.9,Non-AC,55,49.0,89.09,17.98,881.02,8.63,819.85,65.0,Foggy,Low,Delayed,2.4
1249,BUS11249,TN27A6875,2025-07-08,Jaipur,L224,Vidhyadhar Nagar-Sitapura,Vidhyadhar Nagar Stop,Sitapura Junction,15:45,17:24,23.5,AC,36,27.0,75.0,28.75,776.25,7.15,679.25,0.0,Sunny,High,On Time,4.9
1448,BUS11448,MH82B4308,2024-04-05,Jaipur,B245,Jagatpura-Sanganer,Jagatpura Junction,Sanganer Stand,05:30,08:10,110.1,Non-AC,54,36.0,66.67,29.91,1076.76,28.74,2730.3,0.0,Sunny,Low,On Time,4.1
1425,BUS11425,GJ77B5689,2024-12-21,Jaipur,L108,Jagatpura-Sanganer,Jagatpura Stop,Sanganer Stand,10:35,11:18,27.8,Non-AC,52,31.0,59.62,17.67,547.77,6.97,662.15,0.0,Foggy,Low,On Time,4.0
432,BUS10432,WB45C2974,2024-07-15,Bengaluru,B272,Whitefield-Majestic,Whitefield Stop,Majestic Terminal,09:15,14:54,82.6,Mini Bus,28,30.0,107.14,21.96,658.8,21.05,1999.75,12.0,Rainy,High,Delayed,2.2
1437,BUS11437,GJ94C1509,2024-01-16,Bengaluru,B250,Yeshwanthpur-Silk Board,Yeshwanthpur Stop,Silk Board Stop,18:25,21:53,59.0,Mini Bus,30,24.0,80.0,17.0,408.0,16.31,1549.45,13.0,Rainy,High,Delayed,2.6
1040,BUS11040,GJ37C7552,2024-11-11,Hyderabad,R80,Kukatpally-Secunderabad,Kukatpally Stop,Secunderabad Stand,20:45,02:45,99.4,Non-AC,43,38.0,88.37,26.63,1011.94,29.14,2768.3,5.0,Cloudy,High,On Time,4.5
675,BUS10675,MH99A5881,2024-05-01,Delhi,L121,Dwarka-ITO,Dwarka Terminal,ITO Junction,08:50,13:13,88.1,Mini Bus,27,16.0,59.26,25.95,415.2,20.58,1955.1,6.0,Cloudy,High,On Time,4.4
491,BUS10491,MH36C3922,2025-06-26,Mumbai,L57,Borivali-Colaba,Borivali Stand,Colaba Junction,09:40,12:08,41.1,Mini Bus,30,5.0,16.67,14.66,73.3,8.6,817.0,41.0,Rainy,Medium,Delayed,3.6
406,BUS10406,TN76A2174,2025-07-20,Chennai,R217,Anna Nagar-Guindy,Anna Nagar Junction,Guindy Junction,06:10,07:16,42.9,Electric,39,42.0,107.69,24.27,1019.34,3.24,38.88,0.0,Rainy,Low,On Time,3.2
318,BUS10318,TS73B1222,2025-03-05,Lucknow,L124,Vikas Nagar-Kaiserbagh,Vikas Nagar Stop,Kaiserbagh Stop,17:15,21:07,105.9,Mini Bus,32,10.0,31.25,24.54,245.4,19.74,1875.3,27.0,Cloudy,Medium,Delayed,2.7
958,BUS10958,RJ91A2967,2025-02-03,Hyderabad,L30,LB Nagar-Miyapur,LB Nagar Stop,Miyapur Junction,14:50,16:53,56.2,Electric,33,21.0,63.64,18.98,398.58,4.17,50.04,0.0,Foggy,Medium,On Time,4.4
1831,BUS11831,DL72B3831,2024-02-19,Jaipur,B225,Jagatpura-Sanganer,Jagatpura Terminal,Sanganer Stop,05:35,11:50,83.2,Electric,37,28.0,75.68,29.25,819.0,6.61,79.32,0.0,,High,On Time,3.6
1877,BUS11877,TS95B5458,2024-10-03,Kolkata,R227,Jadavpur-Barasat,Jadavpur Stand,Barasat Stop,09:55,12:33,54.5,Electric,46,22.0,47.83,30.29,666.38,3.22,38.64,24.0,Sunny,Medium,Delayed,2.1
463,BUS10463,GJ83B5721,2025-04-11,Bengaluru,B151,Jayanagar-KR Puram,Jayanagar Stop,KR Puram Stand,16:15,18:52,74.7,Non-AC,55,60.0,109.09,27.06,1623.6,19.06,1810.7,0.0,Rainy,Medium,On Time,3.2
88,BUS10088,TN55B3775,2024-02-03,Lucknow,R7,Chinhat-Aminabad,Chinhat Junction,Aminabad Terminal,13:50,14:42,16.4,AC,46,3.0,6.52,29.86,89.58,5.16,490.2,28.0,Sunny,Low,Delayed,2.3
1855,BUS11855,GJ93B9033,2025-06-25,Bengaluru,L252,Electronic City-Hebbal,Electronic City Stand,Hebbal Stand,09:05,15:47,117.0,Mini Bus,25,2.0,8.0,28.91,57.82,29.21,2774.95,0.0,Foggy,High,On Time,5.0
177,BUS10177,KA34B2753,2025-06-09,Bengaluru,B239,Marathahalli-Banashankari,Marathahalli Stop,Banashankari Terminal,15:15,15:47,8.2,Mini Bus,27,0.0,0.0,15.13,0.0,1.95,185.25,6.0,Sunny,High,On Time,4.6
1878,BUS11878,TS84B7287,2024-07-26,Pune,L3,Aundh-Camp,Aundh Stop,Camp Terminal,18:05,19:34,47.3,AC,46,41.0,89.13,22.47,921.27,15.11,1435.45,0.0,Sunny,Medium,On Time,4.2
1324,BUS11324,GJ48C7087,2025-04-20,Hyderabad,R154,Uppal-Mehdipatnam,Uppal Junction,Mehdipatnam Stop,10:20,13:29,119.0,Non-AC,58,61.0,105.17,37.19,2268.59,33.46,3178.7,0.0,Sunny,Low,On Time,4.2
1017,BUS11017,UP90B4427,2025-04-15,Pune,B246,Hadapsar-Shivajinagar,Hadapsar Junction,Shivajinagar Stop,19:55,21:52,83.0,Mini Bus,28,30.0,107.14,23.61,708.3,23.15,2199.25,0.0,Foggy,Low,On Time,3.6
1926,BUS11926,DL88C1202,2024-11-08,Mumbai,R171,Borivali-Colaba,Borivali Stop,Colaba Junction,13:30,15:16,62.2,Non-AC,58,30.0,51.72,28.21,846.3,18.9,1795.5,0.0,Sunny,Low,On Time,3.2
149,BUS10149,KA23C5116,2025-06-04,Ahmedabad,R173,Chandkheda-Isanpur,Chandkheda Junction,Isanpur Stop,17:15,19:59,45.7,AC,41,27.0,65.85,24.53,662.31,12.88,1223.6,0.0,Cloudy,High,On Time,4.5
1164,BUS11164,TS22C8221,2025-11-02,Pune,R68,Hinjewadi-Swargate,Hinjewadi Terminal,Swargate Stand,18:45,22:39,50.7,Electric,39,36.0,92.31,28.59,1029.24,4.57,54.84,30.0,Rainy,High,Delayed,2.2
1891,BUS11891,UP51A5509,2025-07-24,Hyderabad,R33,Uppal-Mehdipatnam,Uppal Stop,Mehdipatnam Stop,19:05,00:37,95.0,Electric,45,12.0,26.67,31.63,379.56,7.56,90.72,23.0,Cloudy,High,Delayed,2.9
683,BUS10683,WB97B3846,2024-07-24,Lucknow,L181,Gomti Nagar-Charbagh,Gomti Nagar Junction,Charbagh Stand,19:45,03:04,92.9,AC,38,9.0,23.68,34.39,309.51,32.92,3127.4,24.0,Rainy,,Delayed,3.1
1144,BUS11144,WB93B1430,2025-07-27,Pune,B58,Aundh-Camp,Aundh Junction,Camp Junction,06:50,07:55,47.3,AC,41,27.0,65.85,34.64,935.28,19.59,1861.05,0.0,Sunny,Low,On Time,3.4
1216,BUS11216,GJ32B6003,2025-02-17,Mumbai,L254,Thane-CST,Thane Stop,CST Junction,18:10,19:59,31.3,Electric,39,0.0,0.0,27.53,0.0,2.43,29.16,0.0,Rainy,High,On Time,4.8
1487,BUS11487,TS86C7746,2025-09-25,Bengaluru,L202,Electronic City-Hebbal,Electronic City Terminal,Hebbal Junction,07:55,10:44,42.1,Non-AC,49,54.0,110.2,26.26,1418.04,13.43,1275.85,,Rainy,High,On Time,3.2
1374,BUS11374,TS38A8369,2024-04-25,Jaipur,L49,Jagatpura-Sanganer,Jagatpura Stand,Sanganer Stop,11:25,13:31,41.1,AC,41,22.0,53.66,35.85,788.7,16.24,1542.8,0.0,Sunny,High,On Time,3.8
599,BUS10599,GJ78A3480,2024-11-26,Mumbai,R99,Powai-Churchgate,Powai Terminal,Churchgate Junction,13:10,20:34,93.8,Mini Bus,25,25.0,100.0,22.03,550.75,23.24,2207.8,34.0,Sunny,High,Delayed,2.6
1776,BUS11776,DL31B3553,2025-09-26,Delhi,B125,Saket-Karol Bagh,Saket Stop,Karol Bagh Terminal,12:55,14:41,68.1,Mini Bus,26,21.0,80.77,20.58,432.18,13.26,1259.7,13.0,Sunny,Low,Delayed,3.6
641,BUS10641,WB34C6743,2025-02-01,Hyderabad,B9,Dilsukhnagar-Ameerpet,Dilsukhnagar Terminal,Ameerpet Stand,18:05,18:58,34.7,Non-AC,45,0.0,0.0,22.28,0.0,10.41,988.95,0.0,Rainy,Low,Cancelled,1.3
1486,BUS11486,WB39C5797,2025-10-28,Chennai,R131,Anna Nagar-Guindy,Anna Nagar Stand,Guindy Stand,21:00,00:19,93.5,AC,55,,80.0,48.05,2114.2,35.6,3382.0,0.0,Foggy,Medium,On Time,4.9
1925,BUS11925,GJ28B5856,2025-12-25,Chennai,L27,Anna Nagar-Guindy,Anna Nagar Stand,Guindy Junction,09:30,12:44,107.1,Non-AC,41,15.0,36.59,27.68,415.2,36.78,3494.1,23.0,Sunny,Low,Delayed,2.4
583,BUS10583,TN68B8598,2025-09-06,Hyderabad,L239,Gachibowli-Koti,Gachibowli Stand,Koti Junction,05:30,09:16,114.6,Electric,36,7.0,19.44,39.56,276.92,5.84,70.08,0.0,Cloudy,Medium,On Time,4.6
1533,BUS11533,UP51C7498,2025-01-26,Delhi,L97,Rohini-Connaught Place,Rohini Stand,Connaught Place Stand,19:30,22:22,45.7,AC,51,59.0,115.69,27.22,1605.98,18.32,1740.4,0.0,Foggy,High,On Time,4.6
658,BUS10658,DL94C3584,2024-12-19,Chennai,R265,Porur-Egmore,Porur Terminal,Egmore Stand,13:05,16:34,103.5,Mini Bus,28,30.0,107.14,25.09,752.7,25.79,2450.05,0.0,Cloudy,Medium,On Time,3.8
883,BUS10883,TS39B4117,2025-10-12,Bengaluru,R31,Jayanagar-KR Puram,Jayanagar Junction,KR Puram Terminal,14:00,15:35,61.9,Non-AC,47,35.0,74.47,18.66,653.1,16.69,1585.55,0.0,Rainy,Low,On Time,3.0
1611,BUS11611,GJ43A1152,2024-08-23,Jaipur,B57,Mansarovar-Amer,Mansarovar Terminal,Amer Stand,15:45,22:56,101.2,Electric,35,23.0,65.71,25.39,583.97,7.95,95.4,4.0,Foggy,High,On Time,4.7
299,BUS10299,DL46A5194,2024-05-13,Jaipur,B274,Mansarovar-Amer,Mansarovar Stop,Amer Stop,21:00,01:02,66.2,Non-AC,52,4.0,7.69,24.97,99.88,21.91,2081.45,89.0,Sunny,Medium,Delayed,3.7
566,BUS10566,KA41A6875,2025-09-20,Pune,L243,Aundh-Camp,Aundh Junction,Camp Terminal,05:15,07:29,74.1,AC,49,41.0,83.67,29.48,1208.68,21.17,2011.15,12.0,Foggy,Low,Delayed,
1588,BUS11588,KA29A8866,2025-05-11,Ahmedabad,L287,Satellite-Vastral,Satellite Stand,Vastral Junction,06:35,06:55,5.4,Mini Bus,32,18.0,56.25,9.58,172.44,1.31,124.45,0.0,Foggy,High,On Time,3.2
1694,BUS11694,UP46A4115,2025-11-12,Lucknow,R133,Vikas Nagar-Kaiserbagh,Vikas Nagar Stop,Kaiserbagh Junction,11:55,13:16,23.0,Mini Bus,32,0.0,0.0,15.94,0.0,4.9,465.5,12.0,Cloudy,High,Delayed,3.8
447,BUS10447,DL86A5453,2024-01-09,Bengaluru,L208,Jayanagar-KR Puram,Jayanagar Stop,KR Puram Stand,12:35,14:25,39.9,Mini Bus,35,16.0,45.71,14.06,224.96,10.1,959.5,36.0,Sunny,Medium,Delayed,3.4
1458,BUS11458,KA68B9843,2024-03-19,Lucknow,L271,Gomti Nagar-Charbagh,Gomti Nagar Terminal,Charbagh Terminal,11:15,14:21,118.4,Mini Bus,30,22.0,73.33,24.99,549.78,25.48,2420.6,16.0,Cloudy,Low,Delayed,2.5
846,BUS10846,WB12C3048,2025-06-22,Bengaluru,B44,Marathahalli-Banashankari,Marathahalli Stop,Banashankari Terminal,15:05,20:15,94.5,Non-AC,52,18.0,34.62,32.42,583.56,35.75,3396.25,39.0,Cloudy,High,Delayed,2.6
1865,BUS11865,TS30C9345,2025-10-26,Kolkata,B271,Dum Dum-Park Street,Dum Dum Stand,Park Street Terminal,13:15,16:03,85.3,AC,43,39.0,90.7,43.74,1705.86,31.55,2997.25,0.0,Cloudy,Medium,On Time,3.8
1127,BUS11127,GJ35B2845,2024-11-04,Bengaluru,L248,Jayanagar-KR Puram,Jayanagar Stop,KR Puram Junction,06:20,08:39,55.6,Electric,44,15.0,34.09,33.33,499.95,4.2,50.4,60.0,Sunny,Low,Delayed,2.8
1183,BUS11183,TN19B9546,2024-02-23,Pune,R200,Aundh-Camp,Aundh Stop,Camp Stand,11:05,,46.8,Electric,36,41.0,113.89,19.2,787.2,3.2,38.4,7.0,Sunny,Medium,On Time,4.3
449,BUS10449,TS26B9831,2024-09-14,Mumbai,L296,Andheri-Dadar,Andheri Junction,Dadar Junction,19:10,01:43,74.8,Non-AC,58,34.0,58.62,24.51,833.34,19.39,1842.05,40.0,Foggy,High,Delayed,2.2
590,BUS10590,KA96B4667,2025-08-27,Jaipur,B179,Vaishali Nagar-Badi Chaupar,Vaishali Nagar Stop,Badi Chaupar Stand,15:50,16:46,31.8,Non-AC,41,35.0,85.37,21.16,740.6,8.88,843.6,0.0,Rainy,Medium,On Time,3.7
1308,BUS11308,RJ48B9127,2025-09-24,Mumbai,B286,Borivali-Colaba,Borivali Junction,Colaba Stand,09:35,11:54,92.6,Electric,32,31.0,96.88,24.89,771.59,6.33,75.96,0.0,Rainy,Low,On Time,3.8
574,BUS10574,RJ21B9897,2025-12-08,Hyderabad,R9,Gachibowli-Koti,Gachibowli Stop,Koti Stand,12:45,15:43,67.8,Non-AC,43,33.0,76.74,28.35,935.55,20.27,1925.65,11.0,Rainy,Medium,Delayed,3.6
951,BUS10951,WB40A1371,2025-12-01,Lucknow,B213,Indira Nagar-Hazratganj,Indira Nagar Stand,Hazratganj Stop,12:30,14:47,32.6,Mini Bus,29,26.0,89.66,15.4,400.4,8.18,777.1,43.0,Cloudy,,Delayed,2.2
911,BUS10911,TN61C1238,2024-10-07,Jaipur,B6,Mansarovar-Amer,Mansarovar Stand,Amer Stop,13:25,20:03,110.3,Electric,43,26.0,60.47,35.1,912.6,6.53,78.36,,Cloudy,High,On Time,4.8
1190,BUS11190,UP42A9720,2024-03-01,Lucknow,L79,Gomti Nagar-Charbagh,Gomti Nagar Stand,Charbagh Stop,07:25,14:13,115.9,AC,50,20.0,40.0,46.15,923.0,35.13,3337.35,0.0,Foggy,High,On Time,3.2
1666,BUS11666,WB61C1651,2025-09-08,Kolkata,B72,Dum Dum-Park Street,Dum Dum Stand,Park Street Stand,07:15,09:24,49.0,AC,49,51.0,104.08,34.87,1778.37,19.67,1868.65,49.0,Foggy,Low,Delayed,2.9
1952,BUS11952,RJ20A8304,2025-10-12,Mumbai,B225,Borivali-Colaba,Borivali Terminal,Colaba Junction,17:15,17:53,12.6,AC,44,0.0,0.0,31.15,0.0,4.54,431.3,0.0,Rainy,High,Cancelled,2.2
1996,BUS11996,RJ23C2344,2025-07-25,Jaipur,B277,Malviya Nagar-Sindhi Camp,Malviya Nagar Terminal,Sindhi Camp Terminal,17:25,00:54,108.1,Mini Bus,28,28.0,100.0,24.39,682.92,19.63,1864.85,9.0,Sunny,High,On Time,3.1
167,BUS10167,UP85C7054,2025-06-18,Jaipur,R229,Vidhyadhar Nagar-Sitapura,Vidhyadhar Nagar Terminal,Sitapura Stop,22:15,01:13,55.1,Electric,48,52.0,108.33,19.37,1007.24,4.8,57.6,69.0,Foggy,Medium,Delayed,2.4
768,BUS10768,RJ13C7910,2024-10-02,Mumbai,B74,Andheri-Dadar,Andheri Stand,Dadar Stand,16:30,17:58,52.4,AC,54,59.0,109.26,32.93,1942.87,19.57,1859.15,0.0,Foggy,Low,On Time,3.6
1131,BUS11131,DL65B9880,2024-04-29,Pune,L234,Wagholi-Katraj,Wagholi Terminal,Katraj Stop,07:40,10:22,90.6,Electric,45,21.0,46.67,38.33,804.93,5.54,66.48,30.0,Rainy,Low,Delayed,4.0
952,BUS10952,MH90C2593,2024-06-03,Jaipur,L169,Mansarovar-Amer,Mansarovar Stand,Amer Stand,09:20,12:57,96.6,Electric,46,8.0,17.39,36.47,291.76,5.83,,76.0,Sunny,Low,Delayed,2.6
1085,BUS11085,MH26A6569,2025-10-29,Ahmedabad,B31,Vastrapur-Kalupur,Vastrapur Stand,Kalupur Stand,14:55,17:14,94.1,Electric,30,28.0,93.33,33.16,928.48,9.06,108.72,2.0,Cloudy,Low,On Time,4.5
430,BUS10430,RJ92A2024,2025-02-28,Ahmedabad,L131,Chandkheda-Isanpur,Chandkheda Junction,Isanpur Terminal,20:15,21:35,50.4,Non-AC,44,48.0,109.09,15.57,747.36,14.84,1409.8,11.0,Cloudy,Low,Delayed,2.7
1047,BUS11047,TS76B5647,2024-01-24,Hyderabad,L26,Dilsukhnagar-Ameerpet,Dilsukhnagar Stand,Ameerpet Stand,13:35,17:19,95.7,Non-AC,55,49.0,89.09,33.16,1624.84,31.9,3030.5,0.0,Rainy,Medium,On Time,3.7
962,BUS10962,TN69C4015,2025-05-05,Ahmedabad,L176,Satellite-Vastral,Satellite Stand,Vastral Terminal,06:05,10:04,103.0,Mini Bus,26,5.0,19.23,28.31,141.55,23.99,2279.05,0.0,Foggy,Medium,On Time,4.8
1932,BUS11932,KA58A5699,2024-08-25,Hyderabad,R190,Uppal-Mehdipatnam,Uppal Stand,Mehdipatnam Stop,06:30,08:10,29.3,AC,51,56.0,109.8,25.2,1411.2,9.6,912.0,34.0,Foggy,Medium,Delayed,3.4
1160,BUS11160,UP59A2839,2024-02-08,Bengaluru,L211,Electronic City-Hebbal,Electronic City Terminal,Hebbal Terminal,05:35,07:49,95.7,Mini Bus,30,36.0,120.0,22.24,800.64,24.82,2357.9,4.0,Rainy,Low,On Time,3.3
724,BUS10724,RJ35B4545,2025-01-28,Lucknow,L12,Gomti Nagar-Charbagh,Gomti Nagar Terminal,Charbagh Stop,14:05,14:31,12.3,Mini Bus,25,30.0,120.0,16.47,494.1,3.07,291.65,0.0,Foggy,Medium,On Time,4.3
1275,BUS11275,TN43C9164,2024-03-03,Mumbai,R48,Thane-CST,Thane Stop,CST Stand,14:00,14:42,29.8,AC,40,18.0,45.0,29.18,525.24,9.42,894.9,0.0,Cloudy,Low,On Time,4.0
729,BUS10729,MH33C7491,2024-06-16,Mumbai,R189,Kurla-Bandra,Kurla Stand,Bandra Junction,15:45,23:16,102.5,Non-AC,44,20.0,45.45,31.58,631.6,30.91,2936.45,36.0,Sunny,High,Delayed,3.3
350,BUS10350,UP82A6604,2025-08-08,Kolkata,L114,Salt Lake-Howrah,Salt Lake Stand,Howrah Junction,15:30,16:28,39.5,AC,46,30.0,65.22,24.01,720.3,16.47,1564.65,0.0,Sunny,Low,On Time,4.5
1765,BUS11765,GJ61A8744,2024-03-23,Kolkata,L89,Salt Lake-Howrah,Salt Lake Terminal,Howrah Stand,07:50,09:21,30.8,Electric,36,2.0,5.56,17.09,34.18,2.28,27.36,0.0,Sunny,High,On Time,3.2
924,BUS10924,TN28C8791,2025-09-11,Pune,L23,Hinjewadi-Swargate,Hinjewadi Stop,Swargate Terminal,18:05,19:25,46.8,AC,45,5.0,11.11,39.9,199.5,16.65,1581.75,8.0,Rainy,Low,On Time,3.2
653,BUS10653,TS97C8434,2025-11-17,Lucknow,L92,Alambagh-Aliganj,Alambagh Stop,Aliganj Stand,18:25,23:30,96.1,Mini Bus,28,28.0,100.0,24.78,693.84,22.01,2090.95,0.0,Sunny,High,On Time,4.4
429,BUS10429,WB98C2217,2024-03-22,Lucknow,L95,Chinhat-Aminabad,Chinhat Stand,Aminabad Junction,13:10,17:12,117.7,Non-AC,49,,95.92,31.24,1468.28,42.38,4026.1,33.0,Sunny,Medium,Delayed,2.7
1235,BUS11235,MH64C8848,2025-06-02,Lucknow,R2,Gomti Nagar-Charbagh,Gomti Nagar Junction,Charbagh Stand,21:15,23:39,66.6,Non-AC,53,47.0,88.68,22.97,1079.59,22.39,2127.05,12.0,Foggy,Medium,Delayed,2.0
321,BUS10321,DL37B6141,2024-03-27,Mumbai,R100,Andheri-Dadar,Andheri Junction,Dadar Stand,21:35,23:02,19.9,Mini Bus,26,10.0,38.46,11.34,113.4,4.22,400.9,45.0,Cloudy,Medium,Delayed,3.4
381,BUS10381,WB72B2657,2024-04-15,Kolkata,R6,Salt Lake-Howrah,Salt Lake Junction,Howrah Stand,07:45,10:57,98.9,Electric,32,27.0,84.38,36.13,975.51,8.56,102.72,0.0,Sunny,Medium,On Time,3.1
143,BUS10143,WB87B5350,2024-09-06,Delhi,B7,Saket-Karol Bagh,Saket Stand,Karol Bagh Junction,07:40,08:58,16.1,Mini Bus,26,21.0,80.77,12.61,264.81,3.7,351.5,38.0,Rainy,Medium,Delayed,
1234,BUS11234,KA45C4648,2025-05-23,Delhi,B242,Rohini-Connaught Place,Rohini Stand,Connaught Place Junction,20:15,21:11,22.3,Mini Bus,29,16.0,55.17,10.68,170.88,5.88,558.6,12.0,Cloudy,Medium,Delayed,3.8
367,BUS10367,KA63C5425,2025-09-02,Kolkata,R188,Jadavpur-Barasat,Jadavpur Junction,Barasat Junction,06:50,12:33,108.4,AC,39,24.0,61.54,42.37,1016.88,32.12,3051.4,0.0,Foggy,High,On Time,4.3
822,BUS10822,TS53B9437,2025-05-02,Ahmedabad,B6,Chandkheda-Isanpur,Chandkheda Stand,Isanpur Terminal,10:40,12:29,35.6,Mini Bus,25,4.0,16.0,19.31,77.24,7.56,718.2,25.0,Sunny,Medium,Delayed,
1537,BUS11537,MH32C9171,2024-03-01,Bengaluru,R12,Whitefield-Majestic,Whitefield Stand,Majestic Terminal,11:15,13:30,28.1,AC,55,11.0,20.0,21.25,233.75,10.39,987.05,8.0,Cloudy,High,On Time,3.0
1830,BUS11830,UP31C7239,2025-11-12,Bengaluru,L263,Jayanagar-KR Puram,Jayanagar Stand,KR Puram Stand,19:05,23:17,68.2,Non-AC,59,37.0,62.71,24.82,918.34,24.41,2318.95,0.0,Rainy,High,On Time,4.8
1074,BUS11074,RJ41B7130,2024-05-18,Hyderabad,R57,LB Nagar-Miyapur,LB Nagar Stop,Miyapur Stand,21:25,23:16,34.3,Non-AC,56,66.0,117.86,18.17,1199.22,11.98,1138.1,0.0,Sunny,High,On Time,4.8
873,BUS10873,RJ76C1748,2024-08-12,Bengaluru,R115,Whitefield-Majestic,Whitefield Stand,Majestic Terminal,13:45,17:08,62.0,AC,46,31.0,67.39,37.42,1160.02,18.7,1776.5,70.0,Rainy,Medium,Delayed,3.1
537,BUS10537,RJ93C9564,2024-12-02,Bengaluru,B46,Marathahalli-Banashankari,Marathahalli Junction,Banashankari Stop,12:30,16:10,100.3,Mini Bus,26,14.0,53.85,23.05,322.7,19.65,1866.75,5.0,Sunny,Medium,On Time,5.0
1372,BUS11372,GJ61B2877,2025-04-14,Hyderabad,B3,Dilsukhnagar-Ameerpet,Dilsukhnagar Junction,Ameerpet Junction,09:05,10:55,35.0,AC,44,23.0,52.27,30.12,692.76,11.87,1127.65,9.0,Cloudy,High,On Time,4.4
1816,BUS11816,UP36C8981,2025-05-17,Chennai,R230,Porur-Egmore,Porur Terminal,Egmore Terminal,16:10,18:07,76.3,Mini Bus,29,18.0,62.07,19.8,356.4,14.25,1353.75,2.0,Cloudy,Low,On Time,4.2
140,BUS10140,KA85C5601,2025-10-04,Hyderabad,R296,Kukatpally-Secunderabad,Kukatpally Stand,Secunderabad Stop,12:20,17:23,93.9,AC,48,23.0,47.92,42.9,986.7,29.94,2844.3,11.0,Cloudy,High,Delayed,3.7
1940,BUS11940,KA75B3187,2025-12-28,Jaipur,R127,Mansarovar-Amer,Mansarovar Stop,Amer Junction,22:05,23:12,48.7,Mini Bus,29,21.0,72.41,21.94,460.74,11.85,1125.75,0.0,Sunny,Low,On Time,4.4
1217,BUS11217,UP44C3388,2024-06-03,Kolkata,L218,Behala-Sealdah,Behala Terminal,Sealdah Terminal,19:20,22:54,62.8,Electric,41,29.0,70.73,23.52,682.08,5.39,64.68,8.0,Cloudy,High,On Time,4.9
1857,BUS11857,TN21C1981,2025-11-17,Bengaluru,B276,Yeshwanthpur-Silk Board,Yeshwanthpur Terminal,Silk Board Stand,20:40,23:51,113.0,AC,39,15.0,38.46,32.64,489.6,34.65,3291.75,0.0,Sunny,Low,On Time,4.4
627,BUS10627,GJ60A7340,2025-02-24,Hyderabad,L136,Dilsukhnagar-Ameerpet,Dilsukhnagar Stop,Ameerpet Junction,13:05,17:39,104.3,Electric,40,11.0,27.5,33.19,365.09,5.92,71.04,,Rainy,Medium,On Time,4.1
1501,BUS11501,GJ70A8093,2024-06-30,Mumbai,B290,Thane-CST,Thane Terminal,CST Stand,16:30,17:37,36.3,Mini Bus,34,37.0,108.82,17.6,651.2,9.82,932.9,12.0,Cloudy,Low,Delayed,3.6
188,BUS10188,TS59C5269,2024-01-18,Jaipur,L245,Mansarovar-Amer,Mansarovar Stand,Amer Junction,16:30,16:57,12.7,AC,43,51.0,118.6,19.72,1005.72,4.11,390.45,0.0,Cloudy,Medium,On Time,3.1
1367,BUS11367,TS36B7023,2025-11-25,Mumbai,R271,Thane-CST,Thane Terminal,CST Stop,15:45,17:23,31.3,Mini Bus,30,35.0,116.67,13.35,467.25,5.99,569.05,0.0,Rainy,High,On Time,3.2
388,BUS10388,MH25C2334,2024-05-23,Ahmedabad,R35,Bopal-Naroda,Bopal Terminal,Naroda Terminal,13:40,17:39,54.4,AC,47,40.0,85.11,36.83,1473.2,16.07,1526.65,10.0,Rainy,High,On Time,4.8
250,BUS10250,WB12A5862,2024-12-22,Lucknow,L102,Indira Nagar-Hazratganj,Indira Nagar Junction,Hazratganj Stop,11:45,12:18,21.9,Mini Bus,29,29.0,100.0,17.79,515.91,4.56,433.2,0.0,Rainy,Low,On Time,3.5
1126,BUS11126,DL73A1495,2025-07-07,Ahmedabad,L121,Satellite-Vastral,Satellite Terminal,Vastral Terminal,06:00,11:48,97.1,Non-AC,45,48.0,106.67,32.2,1545.6,27.6,2622.0,0.0,,High,On Time,
681,BUS10681,WB64C7235,2025-08-05,Kolkata,R185,Jadavpur-Barasat,Jadavpur Junction,Barasat Stand,15:30,17:53,32.7,AC,53,49.0,92.45,30.85,1511.65,11.08,1052.6,11.0,Cloudy,High,Delayed,3.0
955,BUS10955,DL11B7097,2024-04-21,Jaipur,R174,Vaishali Nagar-Badi Chaupar,Vaishali Nagar Terminal,Badi Chaupar Stand,14:40,20:47,71.0,Electric,46,5.0,10.87,32.43,162.15,4.71,56.52,14.0,,High,Delayed,3.1
1226,BUS11226,MH68B2428,2025-04-18,Chennai,B84,Velachery-T Nagar,Velachery Terminal,T Nagar Junction,11:40,16:33,64.6,Non-AC,42,3.0,7.14,26.67,80.01,23.71,2252.45,0.0,Foggy,High,On Time,5.0
1259,BUS11259,WB59C4062,2025-12-09,Jaipur,L122,Jagatpura-Sanganer,Jagatpura Terminal,Sanganer Stop,09:10,12:23,118.6,Non-AC,50,2.0,4.0,30.2,60.4,36.17,3436.15,0.0,Cloudy,Low,On Time,3.3
1348,BUS11348,TN23B1640,2024-05-25,Hyderabad,R156,Kukatpally-Secunderabad,Kukatpally Stand,Secunderabad Terminal,19:55,22:36,39.9,Non-AC,43,0.0,0.0,16.46,0.0,12.68,1204.6,43.0,Rainy,High,Delayed,3.0
1835,BUS11835,TS42B5563,2024-08-27,Jaipur,R288,Jagatpura-Sanganer,Jagatpura Stop,Sanganer Junction,05:30,08:50,85.6,Mini Bus,33,39.0,118.18,22.92,893.88,20.0,1900.0,0.0,Rainy,Medium,On Time,
1842,BUS11842,TN17B8745,2025-04-14,Kolkata,B28,Salt Lake-Howrah,Salt Lake Stand,Howrah Stop,20:35,22:24,74.0,Mini Bus,29,14.0,48.28,20.17,282.38,16.97,1612.15,0.0,Sunny,Low,On Time,4.5
418,BUS10418,DL87B8419,2024-09-15,Ahmedabad,B92,Maninagar-Gota,Maninagar Junction,Gota Terminal,17:30,20:39,74.6,Mini Bus,30,30.0,100.0,19.07,572.1,17.54,1666.3,8.0,Rainy,Medium,On Time,3.5
1638,BUS11638,GJ65B1152,2024-03-28,Bengaluru,L125,Yeshwanthpur-Silk Board,Yeshwanthpur Stop,Silk Board Terminal,13:20,15:49,91.7,Electric,50,0.0,0.0,31.03,0.0,8.45,101.4,0.0,Rainy,Low,Cancelled,1.1
1698,BUS11698,UP83C8764,2025-03-31,Jaipur,B16,Jagatpura-Sanganer,Jagatpura Terminal,Sanganer Junction,21:55,23:47,56.2,AC,39,35.0,89.74,37.99,1329.65,19.61,1862.95,0.0,Sunny,Medium,On Time,4.1
1868,BUS11868,TS51B9717,2025-05-05,Ahmedabad,R202,Chandkheda-Isanpur,Chandkheda Stop,Isanpur Stand,22:30,23:21,21.6,AC,41,31.0,75.61,21.57,668.67,7.34,697.3,0.0,Rainy,Medium,On Time,3.2
730,BUS10730,KA94A4738,2025-08-08,Delhi,L174,Rohini-Connaught Place,Rohini Stand,Connaught Place Junction,05:45,06:59,45.7,Electric,50,51.0,102.0,29.76,1517.76,4.25,51.0,0.0,Cloudy,Low,On Time,4.1
1365,BUS11365,RJ92C1695,2024-07-22,Lucknow,L211,Alambagh-Aliganj,Alambagh Terminal,Aliganj Terminal,12:10,17:32,90.6,Non-AC,49,35.0,71.43,31.64,1107.4,33.48,3180.6,0.0,Rainy,High,On Time,4.0
1633,BUS11633,WB40C3179,2025-07-14,Kolkata,L61,Garia-Esplanade,Garia Stop,Esplanade Terminal,09:00,10:43,72.9,Electric,33,18.0,54.55,35.47,638.46,5.9,70.8,0.0,Sunny,Low,On Time,3.3
1344,BUS11344,UP67A6360,2025-04-30,Chennai,L225,Adyar-Broadway,Adyar Stop,Broadway Stop,08:45,14:57,80.8,Electric,37,14.0,37.84,31.38,439.32,5.99,71.88,0.0,Rainy,High,On Time,4.3
1150,BUS11150,DL59C7229,2024-03-30,Hyderabad,R15,Gachibowli-Koti,Gachibowli Stand,Koti Stand,10:25,12:43,46.1,Electric,41,6.0,14.63,31.28,187.68,4.15,49.8,0.0,Cloudy,High,On Time,3.2
1207,BUS11207,RJ47C4338,2024-08-03,Jaipur,B296,Mansarovar-Amer,Mansarovar Stop,Amer Terminal,19:00,22:22,95.4,AC,50,5.0,10.0,36.44,182.2,34.76,3302.2,0.0,Cloudy,Medium,On Time,4.3
1796,BUS11796,RJ45B8220,2024-12-28,Hyderabad,B122,Uppal-Mehdipatnam,Uppal Junction,Mehdipatnam Junction,07:45,10:07,35.8,Non-AC,53,16.0,30.19,24.11,385.76,12.51,1188.45,9.0,Foggy,High,On Time,4.4
1077,BUS11077,RJ29C7940,2024-12-13,Delhi,L228,Rohini-Connaught Place,Rohini Stand,Connaught Place Stop,10:25,13:47,113.2,Non-AC,47,5.0,10.64,34.93,174.65,29.65,2816.75,19.0,Foggy,Low,Delayed,2.4
1729,BUS11729,TS51C8810,2024-05-11,Jaipur,R81,Mansarovar-Amer,Mansarovar Terminal,Amer Stand,08:55,12:23,86.4,AC,46,25.0,54.35,37.55,938.75,32.2,3059.0,0.0,Sunny,Medium,On Time,3.4
714,BUS10714,DL64C9573,2024-03-03,Delhi,L37,Noida-Nehru Place,Noida Junction,Nehru Place Stop,07:10,08:55,29.7,Electric,35,36.0,102.86,26.23,944.28,2.29,27.48,26.0,Sunny,Medium,Delayed,3.2
207,BUS10207,UP47B7586,2025-12-26,Ahmedabad,L244,Vastrapur-Kalupur,Vastrapur Terminal,Kalupur Stop,06:20,08:32,60.5,Non-AC,54,55.0,101.85,24.93,1371.15,20.44,1941.8,0.0,Rainy,Medium,On Time,4.4
1086,BUS11086,RJ47A8405,2024-07-07,Ahmedabad,R141,Satellite-Vastral,Satellite Junction,Vastral Terminal,11:40,15:02,76.0,AC,38,7.0,18.42,40.57,283.99,30.6,2907.0,9.0,Foggy,Medium,On Time,4.3
48,BUS10048,MH13A2747,2025-09-28,Hyderabad,B40,Kukatpally-Secunderabad,Kukatpally Terminal,Secunderabad Terminal,10:25,13:38,117.4,AC,35,23.0,65.71,36.6,841.8,48.56,4613.2,0.0,Sunny,Low,On Time,4.8
777,BUS10777,KA67A7133,2024-04-29,Jaipur,B126,Malviya Nagar-Sindhi Camp,Malviya Nagar Stand,Sindhi Camp Terminal,20:50,21:21,8.5,Non-AC,52,50.0,96.15,17.09,854.5,2.73,259.35,0.0,Cloudy,High,On Time,4.9
1261,BUS11261,WB37C2074,2025-08-10,Kolkata,R75,Salt Lake-Howrah,Salt Lake Junction,Howrah Junction,17:20,21:29,83.2,AC,40,45.0,112.5,41.46,1865.7,27.42,2604.9,41.0,Rainy,Medium,Delayed,3.3
1051,BUS11051,TS91C7596,2025-05-23,Delhi,L239,Noida-Nehru Place,Noida Terminal,Nehru Place Junction,19:40,21:32,81.9,Electric,44,43.0,97.73,32.28,1388.04,4.18,50.16,0.0,Sunny,Low,On Time,4.1
1177,BUS11177,TS56B4309,2024-02-28,Chennai,R267,Adyar-Broadway,Adyar Stand,Broadway Junction,17:45,19:25,30.1,Electric,40,15.0,37.5,15.1,226.5,2.68,32.16,32.0,Rainy,Medium,Delayed,2.3
960,BUS10960,TN12A1216,2024-10-31,Kolkata,B152,Garia-Esplanade,Garia Terminal,Esplanade Stop,18:50,20:49,25.4,Non-AC,60,59.0,98.33,19.23,1134.57,6.54,621.3,3.0,Foggy,High,On Time,3.8
698,BUS10698,TS20C7607,2024-06-11,Jaipur,L219,Malviya Nagar-Sindhi Camp,Malviya Nagar Stop,Sindhi Camp Junction,17:55,18:36,29.3,Electric,45,53.0,117.78,22.98,1217.94,2.2,26.4,0.0,Cloudy,Low,On Time,4.5
1884,BUS11884,KA67B4967,2024-10-01,Bengaluru,R65,Yeshwanthpur-Silk Board,Yeshwanthpur Stand,Silk Board Terminal,21:15,23:35,52.6,Electric,42,14.0,33.33,29.53,413.42,3.36,40.32,70.0,Sunny,Low,Delayed,3.1
903,BUS10903,KA21A9980,2024-09-21,Ahmedabad,R32,Vastrapur-Kalupur,Vastrapur Terminal,Kalupur Stop,08:25,08:55,21.2,AC,48,33.0,68.75,21.68,715.44,6.45,612.75,0.0,Rainy,Low,On Time,4.8
262,BUS10262,KA49C3438,2025-06-11,Pune,B64,Hinjewadi-Swargate,Hinjewadi Junction,Swargate Terminal,13:20,20:28,109.9,Electric,44,13.0,29.55,37.36,485.68,6.45,77.4,15.0,Rainy,High,Delayed,2.8
1614,BUS11614,GJ82B2693,2024-01-11,Hyderabad,B17,Dilsukhnagar-Ameerpet,Dilsukhnagar Stand,Ameerpet Junction,14:00,17:22,83.6,Mini Bus,25,4.0,16.0,20.18,80.72,18.77,1783.15,0.0,Rainy,Medium,On Time,4.1
32,BUS10032,DL70C8630,2025-01-30,Hyderabad,L34,Uppal-Mehdipatnam,Uppal Stand,Mehdipatnam Terminal,13:30,16:30,98.7,Non-AC,55,40.0,72.73,28.33,1133.2,34.73,3299.35,12.0,,Low,Delayed,3.0
1904,BUS11904,DL37C3192,2025-03-22,Lucknow,B172,Indira Nagar-Hazratganj,Indira Nagar Stop,Hazratganj Stop,18:45,21:06,38.3,Mini Bus,25,8.0,32.0,18.96,151.68,7.74,735.3,73.0,Foggy,Medium,Delayed,2.0
1938,BUS11938,TS98C6550,2025-01-15,Delhi,L271,Dwarka-ITO,Dwarka Terminal,ITO Stand,13:45,16:53,50.4,Electric,47,24.0,51.06,30.66,735.84,4.27,51.24,,Foggy,High,On Time,4.3
339,BUS10339,DL19C1439,2025-02-06,Delhi,B191,Rajouri Garden-Anand Vihar,Rajouri Garden Stand,Anand Vihar Terminal,08:15,11:54,67.1,Electric,38,5.0,13.16,32.46,162.3,3.79,45.48,0.0,Sunny,High,On Time,3.8
136,BUS10136,RJ83C1822,2025-02-05,Hyderabad,R102,Kukatpally-Secunderabad,Kukatpally Stop,Secunderabad Terminal,17:50,21:25,83.5,Electric,42,50.0,119.05,27.1,1355.0,5.43,65.16,13.0,Sunny,Medium,Delayed,3.9
1688,BUS11688,KA66A1203,2025-01-30,Ahmedabad,R212,Chandkheda-Isanpur,Chandkheda Stop,Isanpur Terminal,21:30,04:51,88.9,Non-AC,56,4.0,7.14,22.68,90.72,25.28,2401.6,0.0,Foggy,High,On Time,5.0
1605,BUS11605,GJ95B4816,2024-08-07,Kolkata,R96,Behala-Sealdah,Behala Terminal,Sealdah Junction,08:05,10:37,61.4,Non-AC,52,39.0,75.0,17.56,684.84,20.33,1931.35,15.0,Sunny,Medium,Delayed,3.7
1435,BUS11435,RJ79A1589,2025-05-28,Chennai,B23,Tambaram-Parrys,Tambaram Stop,Parrys Stop,16:40,19:54,23.7,Mini Bus,31,16.0,51.61,14.52,232.32,4.85,460.75,85.0,Foggy,High,Delayed,2.9
1747,BUS11747,KA95C9148,2024-08-25,Chennai,R101,Anna Nagar-Guindy,Anna Nagar Stop,Guindy Stand,13:50,15:11,19.2,Mini Bus,33,18.0,54.55,10.37,186.66,4.99,474.05,15.0,Foggy,High,Delayed,3.2
820,BUS10820,RJ76A6667,2024-08-29,Bengaluru,R238,Jayanagar-KR Puram,Jayanagar Terminal,KR Puram Stand,06:35,08:31,20.8,Mini Bus,26,4.0,15.38,12.6,50.4,5.72,543.4,14.0,Sunny,High,Delayed,3.1
1716,BUS11716,TS14B8611,2025-09-20,Delhi,R224,Saket-Karol Bagh,Saket Stop,Karol Bagh Junction,13:40,16:17,67.5,Non-AC,51,54.0,105.88,24.52,1324.08,20.47,1944.65,0.0,Rainy,Medium,On Time,3.8
1264,BUS11264,MH45A2084,2024-04-15,Chennai,R156,Velachery-T Nagar,Velachery Stop,T Nagar Stop,17:05,18:04,9.6,Mini Bus,29,13.0,44.83,14.37,186.81,2.03,192.85,31.0,Rainy,High,Delayed,3.0
987,BUS10987,TS64B2019,2025-01-24,Bengaluru,B216,Whitefield-Majestic,Whitefield Terminal,Majestic Terminal,07:05,09:05,83.3,Mini Bus,30,,30.0,21.47,193.23,20.5,1947.5,4.0,Rainy,Low,On Time,3.5
1584,BUS11584,TN57A8982,2024-12-01,Bengaluru,L145,Yeshwanthpur-Silk Board,Yeshwanthpur Stop,Silk Board Stand,10:20,12:12,69.6,AC,38,19.0,50.0,35.42,672.98,26.92,2557.4,12.0,Foggy,Low,Delayed,
738,BUS10738,GJ88C3621,2025-08-08,Pune,L38,Kothrud-Viman Nagar,Kothrud Junction,Viman Nagar Junction,15:05,17:44,72.0,AC,45,23.0,51.11,44.3,1018.9,29.44,2796.8,39.0,Cloudy,Low,Delayed,3.1
1031,BUS11031,GJ10C2598,2025-03-11,Delhi,B65,Rajouri Garden-Anand Vihar,Rajouri Garden Stop,Anand Vihar Junction,13:45,17:02,103.3,Mini Bus,26,23.0,88.46,23.36,537.28,21.62,2053.9,0.0,Rainy,Medium,On Time,4.7
1102,BUS11102,WB40A9545,2025-02-08,Ahmedabad,R16,Maninagar-Gota,Maninagar Stop,Gota Stop,21:05,23:04,22.8,Mini Bus,25,20.0,80.0,14.28,285.6,4.83,458.85,10.0,Rainy,High,On Time,4.7
1349,BUS11349,DL91B3060,2025-01-25,Kolkata,R108,Salt Lake-Howrah,Salt Lake Stop,Howrah Stand,17:15,19:57,45.6,Electric,38,40.0,105.26,27.66,1106.4,2.61,31.32,0.0,Cloudy,High,On Time,
1788,BUS11788,DL72B2651,2025-11-30,Pune,R54,Aundh-Camp,Aundh Terminal,Camp Stop,13:40,19:16,99.9,Mini Bus,33,25.0,75.76,23.91,597.75,22.83,2168.85,0.0,Rainy,High,On Time,3.0
1689,BUS11689,RJ49C1264,2025-08-10,Lucknow,B253,Gomti Nagar-Charbagh,Gomti Nagar Terminal,Charbagh Stop,16:45,17:53,19.8,Electric,33,3.0,9.09,23.01,69.03,1.72,20.64,42.0,Foggy,Low,Delayed,2.1
866,BUS10866,WB50C6471,2025-09-01,Lucknow,B2,Chinhat-Aminabad,Chinhat Stop,Aminabad Stand,21:50,22:59,44.3,AC,47,1.0,2.13,26.46,26.46,16.11,1530.45,0.0,Sunny,Low,On Time,4.6
1433,BUS11433,DL84C3207,2025-03-15,Hyderabad,L190,Dilsukhnagar-Ameerpet,Dilsukhnagar Terminal,Ameerpet Stand,15:30,18:08,101.5,Non-AC,40,23.0,57.5,33.93,780.39,31.18,2962.1,0.0,Rainy,Low,On Time,4.2
1809,BUS11809,KA17A6478,2024-01-15,Chennai,B22,Anna Nagar-Guindy,Anna Nagar Stop,Guindy Junction,06:45,15:29,112.7,AC,47,54.0,114.89,36.63,1978.02,42.21,4009.95,0.0,Cloudy,High,On Time,4.8
395,BUS10395,RJ71A3336,2024-01-17,Chennai,L207,Anna Nagar-Guindy,Anna Nagar Junction,Guindy Stop,08:25,11:03,47.2,Electric,43,14.0,32.56,19.97,279.58,2.89,34.68,44.0,Foggy,Medium,Delayed,3.3
1671,BUS11671,RJ76A9675,2024-12-06,Ahmedabad,L264,Chandkheda-Isanpur,Chandkheda Stand,Isanpur Stand,19:00,21:13,35.1,AC,45,18.0,40.0,22.04,396.72,11.05,1049.75,82.0,Cloudy,Low,Delayed,2.7
190,BUS10190,GJ62B8309,2024-08-26,Pune,B62,Kothrud-Viman Nagar,Kothrud Stop,Viman Nagar Junction,20:00,22:54,119.4,Non-AC,45,2.0,4.44,35.31,70.62,38.35,3643.25,11.0,Sunny,Low,Delayed,2.9
904,BUS10904,TS21B2642,2025-02-05,Ahmedabad,R237,Bopal-Naroda,Bopal Stop,Naroda Terminal,06:40,16:04,114.0,Electric,47,38.0,80.85,41.18,1564.84,8.17,98.04,0.0,Rainy,High,On Time,4.6
309,BUS10309,TN28C9301,2024-03-28,Jaipur,L270,Mansarovar-Amer,Mansarovar Stop,Amer Terminal,17:30,18:15,10.0,Mini Bus,27,26.0,96.3,11.11,288.86,2.6,247.0,0.0,Rainy,High,On Time,3.1
416,BUS10416,TS76A5700,2025-12-03,Jaipur,B291,Jagatpura-Sanganer,Jagatpura Junction,Sanganer Terminal,21:40,00:12,50.9,Non-AC,40,3.0,7.5,21.98,65.94,18.91,1796.45,0.0,Sunny,High,On Time,3.6
1346,BUS11346,TS11A4277,2024-12-12,Hyderabad,B48,LB Nagar-Miyapur,LB Nagar Stop,Miyapur Junction,11:25,13:06,52.4,Non-AC,42,0.0,0.0,27.4,0.0,18.23,1731.85,0.0,Cloudy,Medium,Cancelled,1.3
1411,BUS11411,UP82C2262,2025-04-11,Hyderabad,B171,LB Nagar-Miyapur,LB Nagar Terminal,Miyapur Stand,08:35,11:38,74.2,Electric,31,0.0,0.0,30.59,0.0,4.35,52.2,0.0,Cloudy,Medium,Cancelled,1.5
1429,BUS11429,WB77A6688,2025-10-01,Jaipur,L72,Vaishali Nagar-Badi Chaupar,Vaishali Nagar Junction,Badi Chaupar Stand,08:20,11:17,44.5,Mini Bus,33,27.0,,19.8,534.6,10.85,1030.75,81.0,Cloudy,Medium,Delayed,2.0
451,BUS10451,TN38B1585,2024-08-31,Bengaluru,R122,Marathahalli-Banashankari,Marathahalli Terminal,Banashankari Terminal,19:50,20:46,22.8,Mini Bus,29,19.0,65.52,14.26,270.94,6.13,582.35,0.0,Rainy,Medium,On Time,4.6
261,BUS10261,TN74C2994,2025-08-24,Lucknow,R5,Indira Nagar-Hazratganj,Indira Nagar Stop,Hazratganj Stop,12:35,13:57,44.4,Electric,32,7.0,21.88,20.42,142.94,4.3,51.6,0.0,Cloudy,Medium,On Time,4.3
21,BUS10021,TS20B1286,2024-10-23,Hyderabad,B239,LB Nagar-Miyapur,LB Nagar Stand,Miyapur Terminal,19:05,22:13,99.3,Mini Bus,29,23.0,79.31,22.96,528.08,26.02,2471.9,10.0,Rainy,Medium,On Time,4.8
1152,BUS11152,RJ43C5544,2025-08-16,Delhi,R132,Saket-Karol Bagh,Saket Terminal,Karol Bagh Terminal,15:25,16:15,31.0,Electric,37,4.0,10.81,14.81,59.24,2.23,26.76,7.0,Cloudy,Low,On Time,4.8
238,BUS10238,MH28B1977,2024-09-07,Ahmedabad,L274,Vastrapur-Kalupur,Vastrapur Stand,Kalupur Junction,05:50,07:17,23.9,Electric,37,6.0,16.22,17.29,103.74,1.81,21.72,9.0,Foggy,High,On Time,
1206,BUS11206,TN46B9057,2024-02-04,Mumbai,L128,Kurla-Bandra,Kurla Stand,Bandra Stand,22:15,05:42,83.5,AC,53,0.0,0.0,42.94,0.0,26.02,2471.9,41.0,Rainy,High,Delayed,3.1
1379,BUS11379,UP36A7475,2024-04-02,Chennai,L96,Anna Nagar-Guindy,Anna Nagar Terminal,Guindy Stop,17:40,20:31,109.2,AC,36,34.0,94.44,33.88,1151.92,30.82,2927.9,0.0,Foggy,Low,On Time,3.9
256,BUS10256,WB10B7867,2025-12-15,Mumbai,B68,Powai-Churchgate,Powai Stop,Churchgate Stop,06:40,16:40,119.7,AC,50,49.0,98.0,43.2,2116.8,46.96,4461.2,20.0,Cloudy,High,Delayed,3.0
1615,BUS11615,TS61A2126,2025-02-05,Lucknow,R260,Alambagh-Aliganj,Alambagh Stand,Aliganj Stop,05:00,06:45,48.1,Mini Bus,33,29.0,87.88,14.89,431.81,9.66,917.7,0.0,Sunny,Medium,On Time,3.7
814,BUS10814,DL12B1554,2024-02-09,Delhi,R80,Saket-Karol Bagh,Saket Stop,Karol Bagh Junction,05:45,09:03,109.4,AC,54,54.0,100.0,42.07,2271.78,41.56,3948.2,14.0,Sunny,Low,Delayed,3.2
109,BUS10109,UP94B2204,2024-07-13,Lucknow,R155,Gomti Nagar-Charbagh,Gomti Nagar Junction,Charbagh Junction,07:45,08:35,25.6,Electric,44,16.0,36.36,22.04,352.64,2.25,27.0,0.0,Rainy,Medium,On Time,3.5
1159,BUS11159,RJ96C1347,2025-12-11,Ahmedabad,L35,Maninagar-Gota,Maninagar Stand,Gota Stop,06:15,07:08,17.1,Mini Bus,32,24.0,75.0,17.56,421.44,4.62,438.9,3.0,Rainy,,On Time,3.4
191,BUS10191,MH81C3334,2025-05-23,Mumbai,L173,Powai-Churchgate,Powai Stop,Churchgate Terminal,10:55,13:28,49.1,AC,51,42.0,82.35,30.54,1282.68,20.35,1933.25,0.0,Cloudy,High,On Time,3.6
1743,BUS11743,TS72C9734,2024-03-14,Bengaluru,R54,Electronic City-Hebbal,Electronic City Stand,Hebbal Junction,16:15,19:18,42.7,Electric,40,29.0,72.5,19.72,571.88,2.49,29.88,89.0,Rainy,Medium,Delayed,3.9
422,BUS10422,KA76C8273,2024-12-03,Hyderabad,B151,Kukatpally-Secunderabad,Kukatpally Stop,Secunderabad Stand,09:50,14:59,88.7,AC,47,37.0,78.72,28.35,1048.95,34.75,3301.25,50.0,Sunny,High,Delayed,2.2
1101,BUS11101,TN14C9992,2025-06-08,Delhi,L180,Rajouri Garden-Anand Vihar,Rajouri Garden Junction,Anand Vihar Terminal,09:05,11:36,61.1,AC,46,43.0,93.48,36.15,1554.45,19.0,1805.0,0.0,Foggy,Medium,On Time,4.7
1557,BUS11557,UP24B5174,2024-04-29,Ahmedabad,L54,Chandkheda-Isanpur,Chandkheda Junction,Isanpur Stand,16:25,19:39,103.3,AC,53,48.0,90.57,41.09,1972.32,33.55,3187.25,0.0,Foggy,Medium,On Time,3.3
1257,BUS11257,KA20A5257,2024-04-02,Jaipur,R126,Mansarovar-Amer,Mansarovar Stand,Amer Stand,09:35,12:28,113.8,Electric,30,24.0,80.0,31.46,755.04,11.07,132.84,7.0,Sunny,Low,On Time,3.0
568,BUS10568,DL50A1407,2025-10-05,Bengaluru,B3,Electronic City-Hebbal,Electronic City Junction,Hebbal Junction,12:00,15:04,87.6,Electric,32,14.0,43.75,25.35,354.9,8.05,96.6,0.0,Cloudy,Medium,On Time,3.8
153,BUS10153,UP36A4069,2025-06-03,Jaipur,B235,Vidhyadhar Nagar-Sitapura,Vidhyadhar Nagar Stop,Sitapura Stand,19:15,19:53,19.0,Non-AC,53,12.0,22.64,11.93,143.16,5.43,515.85,11.0,Rainy,Low,Delayed,3.5
1116,BUS11116,KA24A4461,2025-11-29,Delhi,B108,Noida-Nehru Place,Noida Stop,Nehru Place Junction,16:00,16:59,41.1,Mini Bus,26,25.0,96.15,16.25,406.25,7.74,735.3,0.0,Foggy,Low,On Time,3.7
411,BUS10411,DL52B4670,2025-12-25,Ahmedabad,B68,Vastrapur-Kalupur,Vastrapur Stop,Kalupur Junction,18:00,19:26,51.0,Electric,42,30.0,71.43,22.8,684.0,2.66,31.92,0.0,Cloudy,Low,On Time,4.1
1313,BUS11313,RJ68C3091,2024-07-17,Bengaluru,L91,Whitefield-Majestic,Whitefield Stop,Majestic Stand,11:25,11:38,6.1,Electric,45,25.0,55.56,17.3,432.5,0.56,6.72,0.0,Sunny,Medium,On Time,3.4
348,BUS10348,KA52B2024,2025-12-26,Hyderabad,R5,Kukatpally-Secunderabad,Kukatpally Terminal,Secunderabad Junction,15:50,18:19,92.4,Non-AC,55,11.0,20.0,26.62,292.82,33.4,3173.0,9.0,Sunny,Low,On Time,3.3
988,BUS10988,WB72B6178,2024-08-19,Mumbai,B115,Kurla-Bandra,Kurla Stand,Bandra Stop,21:40,00:42,106.5,Electric,37,35.0,94.59,31.35,1097.25,9.95,119.4,11.0,Cloudy,Low,Delayed,3.4
218,BUS10218,UP54C8941,2024-01-28,Chennai,R226,Tambaram-Parrys,Tambaram Junction,Parrys Stop,16:30,19:00,29.1,Electric,45,32.0,71.11,17.51,560.32,2.83,33.96,20.0,Cloudy,High,Delayed,2.7
353,BUS10353,TS84C9652,2024-03-14,Bengaluru,R194,Yeshwanthpur-Silk Board,Yeshwanthpur Terminal,Silk Board Stop,05:00,05:29,17.9,Electric,45,8.0,17.78,19.76,158.08,1.03,12.36,0.0,Sunny,Low,On Time,4.8
1445,BUS11445,TN87A2538,2025-07-01,Chennai,R232,Porur-Egmore,Porur Stop,Egmore Stop,13:30,17:08,92.0,Electric,47,27.0,57.45,31.96,862.92,6.29,75.48,0.0,Rainy,,On Time,3.6
364,BUS10364,RJ68B2667,2025-09-17,Pune,L38,Hinjewadi-Swargate,Hinjewadi Stand,Swargate Stand,15:15,19:24,66.7,AC,49,0.0,0.0,41.25,0.0,22.86,2171.7,0.0,Cloudy,High,Cancelled,1.1
740,BUS10740,WB96C6445,2024-07-29,Kolkata,B256,Dum Dum-Park Street,Dum Dum Junction,Park Street Stop,19:40,20:27,33.7,Electric,44,7.0,15.91,22.7,158.9,3.26,39.12,0.0,Rainy,Low,On Time,4.3
1646,BUS11646,KA91A7731,2025-06-20,Hyderabad,L257,Uppal-Mehdipatnam,Uppal Stand,Mehdipatnam Stand,14:45,15:45,22.7,Mini Bus,35,40.0,114.29,12.27,490.8,4.25,403.75,25.0,Foggy,Low,Delayed,3.7
1027,BUS11027,MH12C8475,2024-01-13,Chennai,R298,Porur-Egmore,Porur Junction,Egmore Stand,06:25,08:06,48.5,AC,41,40.0,97.56,34.67,1386.8,17.34,1647.3,30.0,Cloudy,Low,Delayed,2.2
1415,BUS11415,DL27C2218,2024-04-07,Ahmedabad,L288,Satellite-Vastral,Satellite Stand,Vastral Junction,19:35,22:37,114.4,Electric,47,31.0,65.96,31.13,965.03,8.56,102.72,0.0,Foggy,Low,On Time,4.5
503,BUS10503,MH42B9902,2025-09-03,Hyderabad,L1,Gachibowli-Koti,Gachibowli Terminal,Koti Stop,05:35,06:51,46.9,Non-AC,52,32.0,61.54,26.68,853.76,12.93,1228.35,,Cloudy,Low,On Time,4.2
1321,BUS11321,WB45B4501,2024-08-13,Ahmedabad,B178,Satellite-Vastral,Satellite Junction,Vastral Stop,05:45,06:41,18.0,Mini Bus,29,16.0,55.17,14.38,230.08,4.12,391.4,0.0,Foggy,High,On Time,4.0
172,BUS10172,DL85A4134,2025-12-25,Mumbai,B37,Borivali-Colaba,Borivali Stop,Colaba Stand,19:35,21:48,96.0,Non-AC,59,58.0,98.31,25.29,1466.82,27.23,2586.85,0.0,Foggy,Low,On Time,4.0
1554,BUS11554,KA24A8773,2025-12-30,Hyderabad,B78,Gachibowli-Koti,Gachibowli Stop,Koti Junction,21:25,01:20,48.9,Mini Bus,29,6.0,20.69,21.54,129.24,9.0,855.0,0.0,Foggy,High,On Time,3.2
89,BUS10089,GJ87B9119,2024-03-10,Lucknow,B4,Indira Nagar-Hazratganj,Indira Nagar Stop,Hazratganj Junction,12:50,14:27,49.8,Non-AC,53,23.0,43.4,15.56,357.88,18.16,1725.2,0.0,Foggy,Medium,On Time,4.1
185,BUS10185,TN35A3641,2025-02-23,Ahmedabad,L111,Maninagar-Gota,Maninagar Junction,Gota Stop,16:45,20:45,55.1,Electric,35,28.0,80.0,29.8,834.4,4.39,52.68,0.0,Foggy,High,On Time,4.9
788,BUS10788,DL68A6079,2024-03-08,Pune,B191,Aundh-Camp,Aundh Junction,Camp Stop,07:25,08:30,39.7,Non-AC,40,1.0,2.5,17.97,17.97,12.97,1232.15,7.0,Rainy,Low,On Time,4.5
1129,BUS11129,GJ94B1617,2024-01-31,Kolkata,L299,Behala-Sealdah,Behala Stop,Sealdah Stand,22:10,02:15,114.4,Electric,38,19.0,50.0,33.67,639.73,10.9,130.8,0.0,Cloudy,Medium,On Time,3.7
1744,BUS11744,WB88A1532,2025-05-15,Jaipur,B38,Vidhyadhar Nagar-Sitapura,Vidhyadhar Nagar Stand,Sitapura Stand,07:45,09:33,60.6,Non-AC,51,0.0,0.0,23.38,0.0,18.84,1789.8,0.0,Rainy,Medium,Cancelled,1.6
1084,BUS11084,GJ46A2405,2025-05-06,Chennai,L89,Tambaram-Parrys,Tambaram Stand,Parrys Terminal,09:05,13:12,79.5,Electric,44,6.0,13.64,23.06,138.36,5.12,61.44,82.0,Sunny,Medium,Delayed,3.7
507,BUS10507,UP93C8548,2024-02-18,Ahmedabad,L248,Chandkheda-Isanpur,Chandkheda Junction,Isanpur Terminal,10:15,13:42,54.5,AC,51,52.0,101.96,35.3,1835.6,22.77,2163.15,33.0,Cloudy,High,Delayed,3.3
1291,BUS11291,WB89C2527,2024-06-06,Pune,B120,Hinjewadi-Swargate,Hinjewadi Junction,Swargate Stand,07:00,13:22,109.8,Electric,49,8.0,16.33,30.53,244.24,7.54,90.48,0.0,Rainy,High,On Time,3.6
801,BUS10801,GJ12C8667,2025-06-15,Jaipur,B100,Malviya Nagar-Sindhi Camp,Malviya Nagar Terminal,Sindhi Camp Terminal,21:35,21:59,15.8,Non-AC,42,34.0,80.95,20.52,697.68,5.6,532.0,0.0,Foggy,Low,On Time,3.7
1470,BUS11470,UP17B8657,2024-01-27,Pune,R200,Hinjewadi-Swargate,Hinjewadi Terminal,Swargate Stand,22:40,02:51,62.0,Non-AC,59,,25.42,19.62,294.3,17.92,1702.4,88.0,Sunny,Medium,Delayed,
1978,BUS11978,RJ90C3361,2024-03-12,Chennai,R274,Adyar-Broadway,Adyar Stand,Broadway Junction,13:40,16:43,114.7,Electric,39,32.0,82.05,39.44,1262.08,10.82,129.84,7.0,Rainy,Low,On Time,3.1
445,BUS10445,KA67A3501,2024-01-19,Lucknow,R257,Indira Nagar-Hazratganj,Indira Nagar Stand,Hazratganj Junction,13:20,13:57,23.7,Electric,37,8.0,21.62,20.92,167.36,1.25,15.0,0.0,Rainy,Low,On Time,3.5
1628,BUS11628,MH82B3149,2025-03-24,Ahmedabad,L30,Chandkheda-Isanpur,Chandkheda Junction,Isanpur Junction,15:45,18:29,29.7,Electric,40,18.0,45.0,16.14,290.52,1.96,23.52,33.0,Cloudy,High,Delayed,2.6
1525,BUS11525,MH90A9411,2025-08-24,Ahmedabad,B214,Chandkheda-Isanpur,Chandkheda Stand,Isanpur Terminal,17:10,01:30,113.2,Electric,44,2.0,4.55,32.46,64.92,7.89,94.68,0.0,,High,On Time,3.6
1888,BUS11888,TS77C4019,2024-02-24,Jaipur,L249,Malviya Nagar-Sindhi Camp,Malviya Nagar Terminal,Sindhi Camp Junction,05:25,06:26,31.0,Electric,40,31.0,77.5,22.5,697.5,2.95,35.4,0.0,Sunny,Medium,On Time,4.1
1871,BUS11871,TS55A1570,2024-04-20,Mumbai,L281,Powai-Churchgate,Powai Junction,Churchgate Terminal,08:55,10:24,65.0,Mini Bus,29,23.0,,19.57,450.11,13.06,1240.7,0.0,Sunny,Low,On Time,3.2
1410,BUS11410,DL97B4039,2024-11-12,Chennai,B122,Tambaram-Parrys,Tambaram Terminal,Parrys Terminal,18:00,00:41,115.0,AC,41,34.0,82.93,43.87,1491.58,33.75,3206.25,42.0,Rainy,High,Delayed,3.4
1029,BUS11029,RJ30B3676,2024-11-19,Pune,R211,Wagholi-Katraj,Wagholi Stand,Katraj Terminal,13:25,14:42,49.5,Non-AC,48,20.0,41.67,16.5,330.0,13.91,1321.45,0.0,Rainy,Low,On Time,4.2
1794,BUS11794,MH94B5054,2024-04-12,Bengaluru,L211,Whitefield-Majestic,Whitefield Terminal,Majestic Stop,16:20,20:29,91.9,Mini Bus,29,26.0,89.66,26.02,676.52,19.35,1838.25,0.0,Rainy,Medium,On Time,3.5
668,BUS10668,TS83C4097,2024-11-07,Jaipur,B177,Jagatpura-Sanganer,Jagatpura Stop,Sanganer Stop,22:25,23:37,37.4,Electric,34,24.0,70.59,19.13,459.12,2.72,32.64,11.0,Cloudy,Low,Delayed,2.2
626,BUS10626,RJ30A9094,2025-08-21,Bengaluru,L235,Whitefield-Majestic,Whitefield Stand,Majestic Junction,13:20,20:41,104.9,Mini Bus,28,24.0,85.71,28.67,688.08,22.02,2091.9,42.0,Cloudy,High,Delayed,3.7
1219,BUS11219,TS88C1725,2024-11-20,Pune,L55,Wagholi-Katraj,Wagholi Stand,Katraj Terminal,14:05,14:45,29.1,Mini Bus,31,11.0,35.48,17.55,193.05,7.93,753.35,0.0,Foggy,Low,On Time,4.1
1455,BUS11455,KA77B5654,2025-07-22,Delhi,R128,Saket-Karol Bagh,Saket Junction,Karol Bagh Terminal,15:00,18:58,94.4,AC,51,17.0,33.33,33.13,563.21,39.28,3731.6,13.0,Foggy,Medium,Delayed,3.7
5,BUS10005,DL32A4800,2025-11-05,Hyderabad,B195,LB Nagar-Miyapur,LB Nagar Terminal,Miyapur Terminal,12:00,14:24,60.8,Non-AC,48,39.0,81.25,24.98,974.22,21.05,1999.75,10.0,Foggy,Medium,On Time,4.8
179,BUS10179,TS27A9832,2025-12-31,Hyderabad,L167,Dilsukhnagar-Ameerpet,Dilsukhnagar Stop,Ameerpet Stop,15:50,20:13,99.4,Electric,35,35.0,100.0,39.6,1386.0,9.67,116.04,12.0,Foggy,Medium,Delayed,3.6
1315,BUS11315,TS45A9502,2025-09-13,Kolkata,B189,Behala-Sealdah,Behala Stop,Sealdah Stop,05:45,09:47,108.8,Mini Bus,33,22.0,66.67,27.47,604.34,25.5,2422.5,6.0,Rainy,Medium,On Time,4.9
62,BUS10062,GJ48A1101,2024-02-17,Mumbai,L284,Thane-CST,Thane Stop,CST Stand,11:35,16:28,75.0,AC,51,2.0,3.92,39.59,79.18,25.81,2451.95,38.0,Cloudy,High,Delayed,2.2
679,BUS10679,GJ66B7698,2024-06-14,Kolkata,L281,Salt Lake-Howrah,Salt Lake Terminal,Howrah Junction,16:25,18:23,76.9,AC,52,20.0,38.46,27.41,548.2,31.76,3017.2,0.0,Sunny,Low,On Time,3.3
240,BUS10240,TN10A5231,2024-04-09,Bengaluru,R111,Jayanagar-KR Puram,Jayanagar Terminal,KR Puram Junction,10:35,12:37,77.9,Electric,34,38.0,111.76,29.83,1133.54,4.42,53.04,0.0,Rainy,Low,On Time,4.8
1971,BUS11971,TN73A4974,2025-05-11,Mumbai,B48,Powai-Churchgate,Powai Stand,Churchgate Stand,08:00,10:00,80.1,Mini Bus,29,26.0,89.66,20.0,520.0,15.07,1431.65,0.0,Foggy,Low,On Time,4.7
98,BUS10098,WB21C5685,2025-10-04,Ahmedabad,B98,Chandkheda-Isanpur,Chandkheda Junction,Isanpur Stand,13:50,15:12,33.3,Non-AC,40,10.0,25.0,14.22,142.2,11.44,1086.8,36.0,Rainy,Low,Delayed,3.5
522,BUS10522,WB38B8654,2024-02-18,Bengaluru,L117,Yeshwanthpur-Silk Board,Yeshwanthpur Terminal,Silk Board Stand,12:30,17:20,107.7,Non-AC,51,27.0,52.94,26.65,719.55,40.21,3819.95,18.0,Rainy,Medium,Delayed,3.0
158,BUS10158,UP24C9088,2025-10-25,Jaipur,R186,Malviya Nagar-Sindhi Camp,Malviya Nagar Stand,Sindhi Camp Terminal,21:55,01:14,105.9,Mini Bus,27,20.0,74.07,29.54,590.8,19.39,1842.05,30.0,Cloudy,Low,Delayed,2.2
1099,BUS11099,MH81A3771,2025-04-05,Kolkata,L274,Behala-Sealdah,Behala Stand,Sealdah Stand,20:10,21:07,26.4,Non-AC,44,0.0,0.0,13.57,0.0,9.76,927.2,0.0,Sunny,Medium,Cancelled,2.4
1827,BUS11827,WB68C2083,2025-04-23,Lucknow,B90,Alambagh-Aliganj,Alambagh Stop,Aliganj Junction,08:35,09:45,52.3,AC,38,0.0,0.0,23.65,0.0,21.72,2063.4,,Cloudy,Low,On Time,4.7
717,BUS10717,UP78C5344,2025-10-06,Lucknow,B101,Indira Nagar-Hazratganj,Indira Nagar Terminal,Hazratganj Terminal,12:35,12:54,7.0,Mini Bus,27,20.0,74.07,12.95,259.0,1.46,138.7,6.0,Rainy,Medium,On Time,4.6
1604,BUS11604,UP46C8020,2024-08-13,Hyderabad,L39,Uppal-Mehdipatnam,Uppal Terminal,Mehdipatnam Junction,11:40,15:42,98.5,Electric,31,20.0,64.52,37.4,748.0,5.52,66.24,0.0,Rainy,Medium,On Time,4.5
459,BUS10459,RJ34A3861,2024-03-07,Hyderabad,R233,Uppal-Mehdipatnam,Uppal Stand,Mehdipatnam Stand,11:05,13:11,68.8,Non-AC,57,23.0,40.35,25.57,588.11,21.46,2038.7,18.0,Foggy,Low,Delayed,3.0
651,BUS10651,UP57C3823,2024-06-06,Chennai,B220,Tambaram-Parrys,Tambaram Terminal,Parrys Junction,18:25,21:17,105.6,AC,36,15.0,41.67,31.16,467.4,32.44,3081.8,10.0,Foggy,Low,On Time,4.7
1276,BUS11276,GJ16A4744,2024-03-01,Bengaluru,R262,Jayanagar-KR Puram,Jayanagar Stand,KR Puram Terminal,05:45,06:57,8.8,Non-AC,47,48.0,102.13,9.74,467.52,2.73,259.35,30.0,Foggy,High,Delayed,2.7
982,BUS10982,KA32C5787,2024-01-27,Bengaluru,L229,Yeshwanthpur-Silk Board,Yeshwanthpur Terminal,Silk Board Terminal,22:40,03:06,79.1,Electric,39,32.0,82.05,32.25,1032.0,7.8,93.6,0.0,Sunny,High,On Time,3.1
281,BUS10281,UP63C8182,2024-12-30,Mumbai,L56,Powai-Churchgate,Powai Stand,Churchgate Stop,05:50,10:58,89.6,Mini Bus,27,29.0,107.41,20.6,597.4,19.18,1822.1,11.0,Rainy,High,Delayed,2.0
248,BUS10248,DL81B7289,2024-08-24,Delhi,B186,Dwarka-ITO,Dwarka Junction,ITO Terminal,15:00,15:25,6.1,Mini Bus,35,30.0,85.71,12.5,375.0,1.6,152.0,4.0,Foggy,High,On Time,3.2
1972,BUS11972,DL68B8713,2024-12-16,Kolkata,L161,Salt Lake-Howrah,Salt Lake Stand,Howrah Stand,19:30,21:37,25.7,AC,51,27.0,52.94,22.33,602.91,8.91,846.45,87.0,Foggy,Low,Delayed,3.2
458,BUS10458,UP53A6022,2024-10-28,Hyderabad,L61,Kukatpally-Secunderabad,Kukatpally Terminal,Secunderabad Stand,05:20,12:56,90.5,Non-AC,43,28.0,65.12,32.33,905.24,29.48,2800.6,25.0,Rainy,High,Delayed,2.3
832,BUS10832,MH78B9156,2024-09-14,Ahmedabad,B186,Bopal-Naroda,Bopal Stand,Naroda Stop,21:45,00:40,85.1,Mini Bus,28,12.0,42.86,24.57,294.84,21.62,2053.9,0.0,Cloudy,Medium,On Time,4.9
433,BUS10433,TN24C9114,2024-05-25,Mumbai,B283,Thane-CST,Thane Stop,CST Terminal,11:20,13:58,82.1,Electric,35,8.0,22.86,31.58,252.64,4.35,52.2,40.0,Sunny,Low,Delayed,3.4
1343,BUS11343,GJ27B6092,2024-07-28,Delhi,R140,Saket-Karol Bagh,Saket Junction,Karol Bagh Stand,15:35,15:56,12.0,AC,40,32.0,80.0,26.07,834.24,4.45,422.75,0.0,Sunny,Medium,On Time,4.7
1853,BUS11853,RJ15B7603,2025-03-01,Jaipur,L12,Jagatpura-Sanganer,Jagatpura Terminal,Sanganer Stop,22:05,23:37,28.6,Mini Bus,30,9.0,30.0,17.45,157.05,5.44,516.8,0.0,Foggy,High,On Time,3.6
1036,BUS11036,DL89C4223,2025-09-25,Bengaluru,B140,Jayanagar-KR Puram,Jayanagar Junction,KR Puram Stand,08:55,11:28,111.9,Mini Bus,35,6.0,17.14,31.51,189.06,28.88,2743.6,0.0,Foggy,Low,On Time,4.9
1181,BUS11181,WB30B5338,2024-01-24,Pune,L59,Aundh-Camp,Aundh Stand,Camp Stand,15:45,17:25,74.4,Electric,45,39.0,86.67,21.71,846.69,3.77,45.24,0.0,Rainy,Low,On Time,4.9
469,BUS10469,GJ24C4178,2024-05-19,Delhi,L193,Noida-Nehru Place,Noida Terminal,Nehru Place Stand,15:55,19:51,65.6,Non-AC,55,44.0,80.0,24.71,1087.24,21.5,2042.5,0.0,Sunny,High,On Time,4.3
244,BUS10244,RJ88C3276,2024-06-26,Bengaluru,B229,Yeshwanthpur-Silk Board,Yeshwanthpur Stop,Silk Board Junction,13:50,17:32,62.5,AC,48,27.0,56.25,39.43,1064.61,21.6,2052.0,31.0,Foggy,,Delayed,3.5
1094,BUS11094,WB91B8505,2025-03-18,Lucknow,L216,Vikas Nagar-Kaiserbagh,Vikas Nagar Stop,Kaiserbagh Stop,16:55,19:31,71.4,Non-AC,57,29.0,50.88,20.85,604.65,20.11,1910.45,8.0,Sunny,Medium,On Time,3.6
1382,BUS11382,UP63A2540,2024-07-10,Mumbai,L206,Borivali-Colaba,Borivali Junction,Colaba Terminal,05:00,07:31,89.5,Mini Bus,33,1.0,3.03,27.11,27.11,19.51,1853.45,25.0,Sunny,Low,Delayed,3.5
745,BUS10745,DL81A7588,2025-02-11,Chennai,L218,Tambaram-Parrys,Tambaram Stop,Parrys Stand,07:10,13:25,75.3,Mini Bus,31,26.0,83.87,20.56,534.56,18.35,1743.25,10.0,Sunny,High,On Time,3.9
945,BUS10945,WB49C2675,2024-09-13,Delhi,R8,Noida-Nehru Place,Noida Junction,Nehru Place Stand,20:10,22:28,32.2,AC,36,20.0,55.56,34.4,688.0,11.21,1064.95,3.0,Rainy,High,On Time,4.2
29,BUS10029,DL89B4068,2024-08-16,Chennai,B114,Velachery-T Nagar,Velachery Junction,T Nagar Junction,20:30,22:58,109.7,AC,54,50.0,92.59,40.45,2022.5,41.65,3956.75,0.0,Rainy,Low,On Time,4.5
139,BUS10139,TS56B7158,2025-06-18,Delhi,L170,Rajouri Garden-Anand Vihar,Rajouri Garden Stop,Anand Vihar Junction,06:50,08:45,62.3,Electric,30,29.0,96.67,19.87,576.23,4.13,49.56,30.0,Cloudy,Low,Delayed,2.0
1354,BUS11354,GJ28A8351,2025-01-01,Chennai,R7,Tambaram-Parrys,Tambaram Terminal,Parrys Terminal,12:45,17:16,104.2,Mini Bus,28,24.0,85.71,24.42,586.08,23.09,2193.55,26.0,Cloudy,Medium,Delayed,2.1
1228,BUS11228,TN84B1291,2025-06-12,Ahmedabad,R203,Vastrapur-Kalupur,Vastrapur Terminal,Kalupur Terminal,08:05,14:41,103.9,Non-AC,50,26.0,52.0,24.79,644.54,35.33,3356.35,2.0,Foggy,High,On Time,3.5
1553,BUS11553,DL64B3261,2025-05-19,Pune,L240,Aundh-Camp,Aundh Junction,Camp Junction,11:15,16:23,99.7,Mini Bus,29,12.0,41.38,26.08,312.96,23.78,2259.1,0.0,Rainy,High,On Time,4.7
1312,BUS11312,UP43C9157,2025-04-06,Jaipur,L88,Mansarovar-Amer,Mansarovar Stop,Amer Junction,09:10,13:38,75.7,AC,51,7.0,13.73,39.4,275.8,26.47,2514.65,0.0,Cloudy,High,On Time,4.6
482,BUS10482,TN51A3584,2024-01-16,Kolkata,L51,Behala-Sealdah,Behala Stand,Sealdah Terminal,19:00,20:32,28.0,AC,39,2.0,5.13,30.32,60.64,9.12,866.4,0.0,Foggy,High,On Time,3.2
1551,BUS11551,DL78C8697,2025-07-08,Mumbai,L258,Powai-Churchgate,Powai Stop,Churchgate Stand,19:55,21:46,31.0,Non-AC,47,29.0,61.7,16.71,484.59,10.72,1018.4,4.0,Sunny,High,On Time,3.3
1909,BUS11909,TN15A3582,2025-07-05,Jaipur,R186,Mansarovar-Amer,Mansarovar Stop,Amer Stop,05:35,07:25,32.3,Electric,44,26.0,59.09,19.51,507.26,1.63,19.56,8.0,Cloudy,High,On Time,3.2
101,BUS10101,UP90A7575,2025-09-15,Ahmedabad,L166,Bopal-Naroda,Bopal Stop,Naroda Stop,07:00,11:16,88.1,Electric,49,33.0,67.35,36.49,1204.17,4.53,54.36,0.0,Cloudy,High,On Time,3.4
493,BUS10493,UP90A8931,2025-11-01,Pune,B299,Wagholi-Katraj,Wagholi Junction,Katraj Terminal,07:05,09:24,72.8,Non-AC,43,12.0,27.91,21.71,260.52,24.01,2280.95,0.0,Sunny,Medium,On Time,3.7
102,BUS10102,WB77A8231,2025-02-09,Ahmedabad,R297,Bopal-Naroda,Bopal Junction,Naroda Stop,13:05,15:17,31.1,Non-AC,57,29.0,,19.31,559.99,8.69,825.55,2.0,Sunny,High,On Time,4.5
152,BUS10152,MH29B1298,2025-05-05,Chennai,L296,Tambaram-Parrys,Tambaram Stop,Parrys Junction,08:55,09:18,16.1,Non-AC,56,0.0,0.0,18.19,0.0,4.2,399.0,0.0,Sunny,Low,Cancelled,2.1
1762,BUS11762,RJ94A3414,2024-12-03,Mumbai,B171,Kurla-Bandra,Kurla Terminal,Bandra Terminal,05:25,07:35,59.6,Mini Bus,35,22.0,62.86,19.65,432.3,15.04,1428.8,4.0,Rainy,Medium,On Time,3.9
1910,BUS11910,MH65C3657,2025-07-29,Jaipur,B211,Jagatpura-Sanganer,Jagatpura Junction,Sanganer Stop,14:20,15:59,70.4,Non-AC,52,16.0,30.77,23.98,383.68,21.39,2032.05,4.0,Rainy,Low,On Time,4.4
1924,BUS11924,GJ86B6580,2025-03-04,Lucknow,L207,Vikas Nagar-Kaiserbagh,Vikas Nagar Stand,Kaiserbagh Terminal,12:40,18:07,83.3,AC,39,42.0,107.69,29.91,1256.22,30.66,2912.7,18.0,Foggy,High,Delayed,2.3
1394,BUS11394,UP89B2472,2025-10-21,Kolkata,R170,Salt Lake-Howrah,Salt Lake Terminal,Howrah Stop,13:25,13:53,17.3,Mini Bus,33,0.0,0.0,15.54,0.0,4.83,458.85,0.0,Sunny,Low,Cancelled,2.2
1473,BUS11473,MH77C4946,2024-08-18,Hyderabad,B271,Dilsukhnagar-Ameerpet,Dilsukhnagar Junction,Ameerpet Stop,12:25,12:52,13.2,Mini Bus,29,12.0,41.38,15.05,180.6,3.19,303.05,8.0,Rainy,Low,On Time,3.1
387,BUS10387,WB33C9899,2025-01-22,Lucknow,L149,Gomti Nagar-Charbagh,Gomti Nagar Stand,Charbagh Stand,10:55,11:35,15.8,Non-AC,53,18.0,33.96,13.55,243.9,5.56,528.2,0.0,Foggy,Medium,On Time,3.5
1974,BUS11974,UP25A9721,2025-08-16,Lucknow,R206,Indira Nagar-Hazratganj,Indira Nagar Junction,Hazratganj Stand,20:55,21:47,34.3,AC,51,54.0,105.88,39.18,2115.72,9.79,930.05,6.0,Foggy,Low,On Time,3.6
1405,BUS11405,MH41A3668,2025-05-14,Ahmedabad,L244,Maninagar-Gota,Maninagar Terminal,Gota Junction,06:00,07:55,51.0,AC,50,28.0,56.0,28.95,810.6,14.34,1362.3,0.0,Sunny,Medium,On Time,4.8
1397,BUS11397,MH68B7298,2024-01-15,Lucknow,L183,Vikas Nagar-Kaiserbagh,Vikas Nagar Stop,Kaiserbagh Stop,21:10,23:45,83.1,Non-AC,55,,72.73,29.46,1178.4,27.65,2626.75,4.0,Rainy,Medium,On Time,3.2
412,BUS10412,TS40C7816,2025-09-26,Hyderabad,R115,Kukatpally-Secunderabad,Kukatpally Stand,Secunderabad Terminal,11:25,11:50,12.8,Electric,50,51.0,102.0,,694.11,0.84,10.08,0.0,Cloudy,Medium,On Time,3.6
807,BUS10807,KA73A9236,2024-09-08,Mumbai,L193,Thane-CST,Thane Stop,CST Stop,05:40,09:40,70.1,AC,37,26.0,70.27,43.33,1126.58,27.17,2581.15,57.0,Rainy,Medium,Delayed,2.8
896,BUS10896,DL23C2689,2024-03-31,Mumbai,L54,Borivali-Colaba,Borivali Junction,Colaba Stand,17:20,22:41,107.1,Non-AC,57,59.0,103.51,28.22,1664.98,33.78,3209.1,,Sunny,High,On Time,3.9
595,BUS10595,KA49B8029,2024-02-16,Pune,B259,Hinjewadi-Swargate,Hinjewadi Stop,Swargate Stand,16:05,21:45,81.8,Mini Bus,26,27.0,103.85,22.95,619.65,15.76,1497.2,8.0,Cloudy,High,On Time,4.0
1964,BUS11964,DL54C3879,2024-08-21,Ahmedabad,B209,Satellite-Vastral,Satellite Stand,Vastral Stand,05:45,10:29,61.0,Mini Bus,30,26.0,86.67,22.38,581.88,14.22,1350.9,5.0,Rainy,High,On Time,3.5
1928,BUS11928,UP92A2606,2024-02-10,Lucknow,R150,Chinhat-Aminabad,Chinhat Stop,Aminabad Stop,21:10,23:29,36.3,Electric,35,39.0,111.43,17.91,698.49,3.52,42.24,0.0,Sunny,High,On Time,3.6
853,BUS10853,MH19A7163,2024-03-15,Lucknow,R202,Chinhat-Aminabad,Chinhat Junction,Aminabad Stop,11:00,17:32,83.3,Electric,38,4.0,10.53,23.83,95.32,5.24,62.88,8.0,Rainy,High,On Time,4.0
442,BUS10442,MH14A7138,2024-12-19,Ahmedabad,L184,Bopal-Naroda,Bopal Stand,Naroda Stand,07:55,08:43,29.6,AC,45,17.0,37.78,20.41,346.97,9.64,915.8,0.0,Foggy,Low,On Time,3.5
113,BUS10113,UP74A3978,2024-09-22,Delhi,L69,Rohini-Connaught Place,Rohini Stand,Connaught Place Stand,16:55,18:42,22.2,Non-AC,45,51.0,113.33,16.0,816.0,6.16,585.2,14.0,Sunny,High,Delayed,2.2
1520,BUS11520,MH31C5504,2025-01-18,Jaipur,B60,Vaishali Nagar-Badi Chaupar,Vaishali Nagar Junction,Badi Chaupar Junction,07:25,11:11,49.0,Electric,32,36.0,112.5,27.48,989.28,4.71,56.52,0.0,Rainy,High,On Time,4.1
1198,BUS11198,RJ54C1173,2025-06-13,Mumbai,R197,Andheri-Dadar,Andheri Terminal,Dadar Stop,17:40,23:14,116.3,Mini Bus,33,4.0,12.12,26.49,105.96,30.52,,30.0,Rainy,Medium,Delayed,2.5
655,BUS10655,WB61A3897,2024-12-23,Bengaluru,B258,Whitefield-Majestic,Whitefield Stop,Majestic Junction,17:55,20:28,58.7,Mini Bus,28,17.0,60.71,20.48,348.16,15.49,1471.55,0.0,Cloudy,Medium,On Time,3.2
1225,BUS11225,GJ77B3941,2024-02-02,Jaipur,R127,Jagatpura-Sanganer,Jagatpura Stop,Sanganer Stop,11:40,12:05,14.1,AC,42,46.0,109.52,30.6,1407.6,5.13,487.35,0.0,Cloudy,Medium,On Time,3.7
1037,BUS11037,DL53A5325,2025-06-21,Lucknow,L247,Gomti Nagar-Charbagh,Gomti Nagar Stop,Charbagh Stop,06:35,07:59,19.8,Mini Bus,28,4.0,14.29,11.53,46.12,4.36,414.2,14.0,Rainy,High,Delayed,3.5
1867,BUS11867,RJ99C3203,2024-08-13,Mumbai,B199,Thane-CST,Thane Junction,CST Terminal,08:15,10:08,69.3,AC,41,15.0,36.59,32.26,483.9,27.78,2639.1,13.0,Cloudy,Low,Delayed,2.8
171,BUS10171,WB17A5325,2024-06-15,Pune,B214,Hadapsar-Shivajinagar,Hadapsar Stop,Shivajinagar Junction,13:05,13:30,12.3,AC,43,51.0,118.6,17.87,911.37,3.71,352.45,8.0,Foggy,Low,On Time,3.8
446,BUS10446,TS87C5240,2024-08-19,Chennai,B71,Adyar-Broadway,Adyar Junction,Broadway Junction,19:10,20:05,25.9,Mini Bus,32,6.0,18.75,12.46,74.76,7.03,667.85,1.0,Foggy,Medium,On Time,3.9
897,BUS10897,MH75B9050,2024-06-07,Mumbai,L152,Thane-CST,Thane Junction,CST Stop,06:55,07:16,7.2,Non-AC,44,47.0,106.82,11.55,542.85,2.11,200.45,0.0,Cloudy,High,On Time,4.8
1143,BUS11143,MH61A2633,2024-11-30,Hyderabad,R191,Dilsukhnagar-Ameerpet,Dilsukhnagar Stop,Ameerpet Stop,21:30,23:00,34.8,Non-AC,52,20.0,38.46,17.03,340.6,9.36,889.2,0.0,,Medium,On Time,3.5
1979,BUS11979,TN99A7403,2024-07-25,Pune,L256,Wagholi-Katraj,Wagholi Junction,Katraj Stand,08:10,11:06,53.5,Electric,47,37.0,78.72,19.08,705.96,3.52,42.24,13.0,Sunny,High,Delayed,2.3
1121,BUS11121,GJ23C4215,2024-11-13,Mumbai,L277,Borivali-Colaba,Borivali Stop,Colaba Stop,09:50,11:50,81.4,Non-AC,52,0.0,0.0,30.07,0.0,26.99,2564.05,0.0,Cloudy,Low,On Time,4.1
1916,BUS11916,WB45A1552,2024-07-19,Kolkata,B237,Behala-Sealdah,Behala Stand,Sealdah Stand,09:30,12:20,88.8,Electric,47,2.0,4.26,28.27,56.54,6.99,83.88,0.0,,Medium,On Time,5.0
1772,BUS11772,UP30C9494,2024-06-05,Jaipur,L30,Vidhyadhar Nagar-Sitapura,Vidhyadhar Nagar Junction,Sitapura Terminal,07:35,09:37,78.0,Non-AC,56,0.0,0.0,27.07,0.0,24.84,2359.8,0.0,Foggy,Low,Cancelled,1.1
691,BUS10691,DL87C1797,2025-07-07,Chennai,B221,Tambaram-Parrys,Tambaram Terminal,Parrys Terminal,10:10,10:34,8.9,AC,48,17.0,35.42,30.97,526.49,3.05,289.75,3.0,Cloudy,Medium,On Time,3.4
226,BUS10226,GJ29B4900,2024-05-05,Kolkata,B186,Jadavpur-Barasat,Jadavpur Terminal,Barasat Terminal,22:00,23:40,52.9,AC,54,51.0,94.44,28.97,1477.47,20.11,1910.45,0.0,Sunny,Medium,On Time,4.6
727,BUS10727,UP94A2503,2025-08-31,Pune,B80,Aundh-Camp,Aundh Stand,Camp Terminal,13:05,16:22,41.8,Mini Bus,32,23.0,71.88,18.81,432.63,9.44,896.8,32.0,Foggy,High,Delayed,2.2
920,BUS10920,UP43C4926,2024-12-08,Mumbai,L47,Kurla-Bandra,Kurla Stand,Bandra Stand,15:10,17:36,61.4,Electric,38,33.0,86.84,29.92,987.36,4.17,50.04,12.0,Foggy,Medium,Delayed,3.4
3,BUS10003,DL25C7850,2024-06-17,Hyderabad,B176,Dilsukhnagar-Ameerpet,Dilsukhnagar Stop,Ameerpet Junction,15:10,21:16,112.3,Mini Bus,25,18.0,72.0,30.22,543.96,20.99,1994.05,14.0,Sunny,High,Delayed,3.9
382,BUS10382,MH77B6664,2025-11-25,Bengaluru,R214,Whitefield-Majestic,Whitefield Junction,Majestic Junction,22:30,01:57,50.0,Electric,37,43.0,116.22,27.7,1191.1,2.94,35.28,8.0,Foggy,High,On Time,3.5
424,BUS10424,KA20A2295,2024-10-19,Mumbai,L96,Powai-Churchgate,Powai Junction,Churchgate Stand,13:50,14:46,38.4,Electric,40,33.0,82.5,22.43,740.19,2.43,29.16,0.0,Cloudy,Low,On Time,4.6
1713,BUS11713,MH27A5495,2025-11-16,Jaipur,L288,Vaishali Nagar-Badi Chaupar,Vaishali Nagar Stop,Badi Chaupar Terminal,18:05,19:53,49.9,AC,48,36.0,75.0,41.13,1480.68,19.19,1823.05,11.0,Sunny,Medium,Delayed,2.7
525,BUS10525,WB35A6373,2025-10-17,Bengaluru,R22,Electronic City-Hebbal,Electronic City Stand,Hebbal Junction,12:30,14:33,68.9,AC,45,19.0,,29.99,569.81,26.1,2479.5,18.0,Foggy,Low,Delayed,2.5
604,BUS10604,KA50A1557,2025-09-20,Mumbai,B72,Powai-Churchgate,Powai Terminal,Churchgate Terminal,15:10,19:17,37.5,Electric,47,49.0,104.26,26.45,1296.05,3.17,38.04,69.0,Foggy,High,Delayed,3.8
242,BUS10242,TN40C8137,2024-12-21,Kolkata,R16,Dum Dum-Park Street,Dum Dum Stop,Park Street Junction,19:40,20:53,46.6,Non-AC,52,56.0,107.69,22.65,1268.4,14.56,1383.2,0.0,Foggy,Low,On Time,4.2
657,BUS10657,TS74B2671,2025-01-20,Pune,L151,Hinjewadi-Swargate,Hinjewadi Junction,Swargate Stop,12:10,16:57,84.8,Non-AC,47,0.0,0.0,26.05,0.0,31.01,2945.95,0.0,Sunny,High,Cancelled,1.4
784,BUS10784,MH86A5873,2024-08-16,Jaipur,B143,Jagatpura-Sanganer,Jagatpura Terminal,Sanganer Terminal,19:55,21:55,41.3,Non-AC,41,40.0,97.56,23.79,951.6,14.1,1339.5,29.0,Foggy,Medium,Delayed,2.1
176,BUS10176,TS95A9683,2024-04-19,Delhi,B49,Dwarka-ITO,Dwarka Stand,ITO Stand,07:25,08:31,23.9,Mini Bus,27,7.0,25.93,11.32,79.24,6.56,623.2,27.0,Foggy,Low,Delayed,2.9
1575,BUS11575,DL92C7342,2025-02-02,Bengaluru,B208,Marathahalli-Banashankari,Marathahalli Stand,Banashankari Stand,10:45,14:07,91.7,Mini Bus,26,8.0,30.77,21.19,169.52,20.31,1929.45,0.0,Foggy,Medium,On Time,3.5
1844,BUS11844,WB44A5262,2024-04-25,Delhi,R160,Saket-Karol Bagh,Saket Stand,Karol Bagh Stop,14:50,19:57,102.5,Non-AC,58,54.0,93.1,25.74,1389.96,38.59,3666.05,29.0,Sunny,Medium,Delayed,2.9
977,BUS10977,UP74A6759,2025-09-23,Ahmedabad,R215,Satellite-Vastral,Satellite Terminal,Vastral Stop,09:05,09:32,18.3,Electric,43,41.0,95.35,17.11,701.51,1.28,15.36,0.0,Rainy,Low,On Time,4.9
398,BUS10398,GJ43C5135,2024-06-25,Jaipur,L274,Malviya Nagar-Sindhi Camp,Malviya Nagar Stand,Sindhi Camp Terminal,06:35,10:42,105.3,Mini Bus,27,26.0,96.3,30.13,783.38,22.66,2152.7,0.0,Cloudy,Medium,On Time,4.9
1854,BUS11854,TN96A5080,2024-12-14,Jaipur,R139,Vidhyadhar Nagar-Sitapura,Vidhyadhar Nagar Junction,Sitapura Terminal,11:20,15:14,88.2,Non-AC,47,43.0,91.49,24.12,1037.16,30.44,2891.8,51.0,Rainy,Medium,Delayed,2.9
477,BUS10477,GJ19C9531,2025-03-05,Lucknow,R219,Alambagh-Aliganj,Alambagh Terminal,Aliganj Stop,19:05,23:19,86.3,Electric,35,38.0,108.57,29.56,1123.28,5.95,71.4,0.0,Rainy,High,On Time,4.9
1187,BUS11187,UP61A1332,2024-12-22,Bengaluru,B52,Jayanagar-KR Puram,Jayanagar Terminal,KR Puram Junction,09:10,10:57,18.1,AC,37,18.0,48.65,37.41,673.38,6.79,645.05,20.0,Sunny,High,Delayed,3.5
288,BUS10288,TN40A3407,2025-02-04,Bengaluru,L108,Marathahalli-Banashankari,Marathahalli Stop,Banashankari Terminal,07:35,10:20,45.3,Electric,50,38.0,76.0,28.12,1068.56,2.5,30.0,9.0,Rainy,High,On Time,3.5
435,BUS10435,GJ11A9511,2024-06-04,Delhi,B20,Noida-Nehru Place,Noida Terminal,Nehru Place Junction,21:55,23:14,6.5,Non-AC,46,54.0,117.39,13.59,733.86,2.09,198.55,67.0,Cloudy,Medium,Delayed,2.6
1108,BUS11108,TN38C6404,2024-01-09,Pune,R134,Kothrud-Viman Nagar,Kothrud Junction,Viman Nagar Stand,18:05,02:49,110.5,Electric,36,22.0,61.11,31.74,698.28,5.76,69.12,14.0,Rainy,High,Delayed,3.1
1140,BUS11140,TN49A2334,2024-05-17,Chennai,L174,Anna Nagar-Guindy,Anna Nagar Terminal,Guindy Stop,09:30,13:05,62.8,Mini Bus,28,33.0,117.86,23.72,782.76,13.57,1289.15,13.0,Rainy,High,Delayed,2.6
1492,BUS11492,KA36C4256,2024-10-21,Lucknow,B102,Alambagh-Aliganj,Alambagh Terminal,Aliganj Stand,16:45,17:18,21.0,Non-AC,48,42.0,87.5,20.69,868.98,5.62,533.9,0.0,Rainy,Low,On Time,3.1
550,BUS10550,UP10A6617,2024-01-20,Kolkata,R208,Dum Dum-Park Street,Dum Dum Junction,Park Street Stand,09:55,13:32,100.5,Mini Bus,30,31.0,103.33,26.47,820.57,26.37,2505.15,15.0,Sunny,Medium,Delayed,3.1
750,BUS10750,TS51B6310,2024-08-24,Lucknow,L172,Chinhat-Aminabad,Chinhat Terminal,Aminabad Terminal,13:45,14:34,7.1,Electric,36,26.0,72.22,15.55,404.3,0.45,5.4,38.0,Sunny,Low,Delayed,2.9
1860,BUS11860,TN37A9605,2024-04-30,Ahmedabad,L75,Vastrapur-Kalupur,Vastrapur Terminal,Kalupur Stand,06:30,07:40,14.9,AC,40,20.0,50.0,36.85,737.0,5.19,493.05,19.0,Foggy,High,Delayed,3.9
270,BUS10270,TN16A1174,2024-08-30,Chennai,L72,Tambaram-Parrys,Tambaram Stop,Parrys Stand,09:30,13:20,66.1,Non-AC,45,14.0,31.11,26.08,365.12,19.14,1818.3,0.0,Foggy,High,On Time,4.8
246,BUS10246,UP36C1879,2024-06-11,Kolkata,B229,Behala-Sealdah,Behala Stand,Sealdah Stop,06:25,07:23,39.3,AC,41,42.0,102.44,25.04,1051.68,11.51,1093.45,0.0,Cloudy,Low,On Time,4.8
1301,BUS11301,TN20C6044,2024-01-03,Chennai,L182,Anna Nagar-Guindy,Anna Nagar Terminal,Guindy Junction,17:10,19:26,78.6,Mini Bus,31,13.0,41.94,26.09,339.17,19.97,1897.15,15.0,Sunny,Low,Delayed,3.6
84,BUS10084,WB10C9184,2025-01-24,Hyderabad,B181,Gachibowli-Koti,Gachibowli Stop,Koti Stop,19:20,21:20,26.2,Electric,34,15.0,44.12,28.31,424.65,1.58,18.96,66.0,Foggy,Medium,Delayed,3.8
133,BUS10133,KA43A7946,2025-02-06,Lucknow,L118,Indira Nagar-Hazratganj,Indira Nagar Stand,Hazratganj Terminal,21:05,23:50,38.6,AC,37,21.0,56.76,40.45,849.45,11.03,1047.85,32.0,Cloudy,High,Delayed,3.6
209,BUS10209,TS17C5020,2024-12-05,Bengaluru,R94,Yeshwanthpur-Silk Board,Yeshwanthpur Terminal,Silk Board Junction,06:10,09:06,107.4,Mini Bus,31,16.0,51.61,31.0,496.0,23.54,2236.3,0.0,Cloudy,Low,On Time,3.8
1727,BUS11727,UP18A3977,2024-08-02,Delhi,L94,Rajouri Garden-Anand Vihar,Rajouri Garden Junction,Anand Vihar Junction,10:10,10:48,21.1,Electric,34,0.0,0.0,26.57,0.0,1.19,14.28,0.0,Foggy,Medium,Cancelled,1.4
824,BUS10824,MH59B8044,2024-05-17,Pune,L83,Aundh-Camp,Aundh Terminal,Camp Terminal,06:20,08:15,72.3,AC,45,6.0,13.33,37.95,227.7,29.38,2791.1,0.0,Rainy,Low,On Time,3.9
1876,BUS11876,MH88B7036,2024-08-25,Pune,R161,Hinjewadi-Swargate,Hinjewadi Junction,Swargate Junction,13:25,14:47,37.2,Mini Bus,28,10.0,35.71,19.42,194.2,8.08,767.6,31.0,Rainy,Low,Delayed,3.2
1793,BUS11793,DL66A8062,2025-11-04,Chennai,R130,Velachery-T Nagar,Velachery Stop,T Nagar Stop,14:10,17:32,102.3,AC,50,36.0,72.0,45.27,1629.72,35.09,,12.0,Foggy,Medium,Delayed,2.3
694,BUS10694,UP64A8926,2024-07-08,Pune,R230,Wagholi-Katraj,Wagholi Stop,Katraj Stand,21:35,23:49,29.0,AC,39,11.0,28.21,19.87,218.57,10.64,1010.8,7.0,Foggy,High,On Time,3.6
342,BUS10342,WB43B9886,2024-05-31,Mumbai,B106,Powai-Churchgate,Powai Stand,Churchgate Stop,21:25,00:18,53.2,Non-AC,56,27.0,48.21,17.55,473.85,16.48,1565.6,6.0,Sunny,High,On Time,3.2
169,BUS10169,WB83C6827,2024-12-19,Lucknow,L40,Chinhat-Aminabad,Chinhat Stop,Aminabad Stop,18:25,20:43,25.2,Mini Bus,25,20.0,80.0,12.77,255.4,6.03,572.85,40.0,Cloudy,High,Delayed,2.7
1819,BUS11819,DL44B8701,2025-09-12,Bengaluru,R39,Yeshwanthpur-Silk Board,Yeshwanthpur Stand,Silk Board Stand,05:15,06:30,30.8,AC,37,13.0,35.14,34.73,451.49,10.82,1027.9,0.0,Cloudy,Medium,On Time,3.6
961,BUS10961,TS86A1901,2024-04-02,Mumbai,B240,Thane-CST,Thane Junction,CST Stop,08:05,11:11,57.8,Mini Bus,28,18.0,64.29,21.36,384.48,11.32,1075.4,5.0,Rainy,High,On Time,3.4
192,BUS10192,WB92C5297,2025-09-17,Kolkata,B109,Garia-Esplanade,Garia Stand,Esplanade Junction,15:10,17:03,71.0,Mini Bus,29,32.0,110.34,21.07,674.24,19.41,1843.95,7.0,Sunny,Low,On Time,4.2
206,BUS10206,UP35B9499,2024-07-28,Mumbai,R157,Kurla-Bandra,Kurla Junction,Bandra Stop,20:55,23:35,43.8,Electric,41,42.0,102.44,25.54,1072.68,2.29,27.48,11.0,Rainy,High,Delayed,2.6
386,BUS10386,DL78A6764,2024-11-30,Mumbai,L265,Thane-CST,Thane Stop,CST Stand,20:35,01:24,73.7,AC,49,27.0,55.1,32.66,881.82,20.81,1976.95,8.0,Cloudy,High,On Time,3.3
1336,BUS11336,MH20C5897,2025-12-18,Kolkata,L226,Dum Dum-Park Street,Dum Dum Terminal,Park Street Stand,11:50,15:58,99.2,AC,50,37.0,74.0,38.58,1427.46,38.46,3653.7,15.0,Rainy,Medium,Delayed,3.6
1609,BUS11609,MH90C2512,2025-05-23,Mumbai,R133,Kurla-Bandra,Kurla Stand,Bandra Stand,14:15,15:29,22.8,Mini Bus,30,36.0,120.0,16.73,602.28,5.84,554.8,0.0,,High,On Time,3.4
932,BUS10932,RJ56B2921,2025-11-26,Jaipur,L113,Vaishali Nagar-Badi Chaupar,Vaishali Nagar Stand,Badi Chaupar Junction,18:20,21:35,74.7,AC,53,49.0,92.45,39.97,1958.53,28.33,2691.35,0.0,Cloudy,Medium,On Time,3.6
425,BUS10425,UP46C7775,2024-02-26,Lucknow,B282,Gomti Nagar-Charbagh,Gomti Nagar Stop,Charbagh Junction,21:55,23:36,49.5,Non-AC,59,11.0,18.64,26.32,289.52,12.91,1226.45,5.0,Foggy,Medium,On Time,4.9
1981,BUS11981,TN78A9674,2025-04-22,Delhi,R267,Rohini-Connaught Place,Rohini Stop,Connaught Place Terminal,10:40,14:02,50.8,Mini Bus,35,32.0,91.43,17.81,569.92,13.81,1311.95,10.0,Sunny,High,On Time,4.1
1651,BUS11651,DL38C4297,2024-08-14,Bengaluru,B12,Jayanagar-KR Puram,Jayanagar Junction,KR Puram Stand,16:30,23:46,115.1,Electric,35,0.0,0.0,31.16,0.0,5.94,71.28,0.0,Cloudy,High,Cancelled,1.5
187,BUS10187,WB96B6351,2025-08-27,Lucknow,R284,Alambagh-Aliganj,Alambagh Stand,Aliganj Terminal,12:25,20:06,97.1,Non-AC,57,56.0,98.25,28.51,1596.56,28.86,,15.0,Sunny,High,Delayed,2.7
1294,BUS11294,WB36A5616,2024-10-28,Pune,R250,Wagholi-Katraj,Wagholi Terminal,Katraj Stand,14:10,17:51,69.6,Electric,50,42.0,84.0,27.66,1161.72,4.43,53.16,0.0,Rainy,High,On Time,5.0
1368,BUS11368,TS93B4233,2024-03-02,Lucknow,L143,Vikas Nagar-Kaiserbagh,Vikas Nagar Terminal,Kaiserbagh Stand,05:35,06:53,42.1,AC,53,18.0,33.96,27.38,492.84,12.68,1204.6,15.0,Rainy,Low,Delayed,3.1
1331,BUS11331,WB14A3713,2024-01-31,Bengaluru,L95,Jayanagar-KR Puram,Jayanagar Junction,KR Puram Stand,15:20,18:55,42.6,AC,55,28.0,50.91,38.86,1088.08,16.44,1561.8,5.0,Foggy,High,On Time,3.7
1114,BUS11114,WB34A1666,2024-07-24,Jaipur,L295,Mansarovar-Amer,Mansarovar Junction,Amer Terminal,05:50,08:13,105.5,AC,44,29.0,65.91,33.76,979.04,41.6,3952.0,0.0,Cloudy,,On Time,4.9
1988,BUS11988,DL37B1975,2025-05-18,Delhi,R261,Rajouri Garden-Anand Vihar,Rajouri Garden Stop,Anand Vihar Junction,19:45,03:15,101.7,Mini Bus,33,11.0,33.33,27.61,303.71,19.82,1882.9,11.0,Sunny,High,Delayed,2.1
1639,BUS11639,MH42C4600,2025-07-16,Jaipur,R39,Vidhyadhar Nagar-Sitapura,Vidhyadhar Nagar Terminal,Sitapura Terminal,08:05,08:50,17.2,Electric,44,27.0,61.36,25.36,684.72,1.54,18.48,10.0,Foggy,Medium,On Time,4.8
1107,BUS11107,UP18C6104,2024-05-15,Ahmedabad,B279,Satellite-Vastral,Satellite Stop,Vastral Terminal,13:05,13:27,9.1,Electric,35,23.0,65.71,20.43,469.89,0.73,8.76,2.0,Foggy,Medium,On Time,3.3
1287,BUS11287,DL22C1806,2025-12-17,Chennai,L71,Porur-Egmore,Porur Junction,Egmore Junction,05:40,12:27,93.4,Mini Bus,27,22.0,81.48,25.32,557.04,17.36,1649.2,11.0,Foggy,High,Delayed,2.9
1407,BUS11407,MH16C3796,2025-07-20,Chennai,B183,Anna Nagar-Guindy,Anna Nagar Stand,Guindy Junction,16:40,17:24,7.1,Electric,35,31.0,88.57,21.56,668.36,0.69,8.28,11.0,Sunny,High,Delayed,3.2
652,BUS10652,GJ87A5360,2024-06-21,Pune,B238,Wagholi-Katraj,Wagholi Junction,Katraj Terminal,09:45,11:21,51.9,Electric,35,13.0,37.14,25.17,327.21,3.96,47.52,14.0,Sunny,Low,Delayed,3.5
549,BUS10549,WB56B9358,2024-09-16,Delhi,L27,Rohini-Connaught Place,Rohini Junction,Connaught Place Terminal,13:05,14:59,52.2,Electric,44,7.0,15.91,28.56,199.92,3.73,44.76,25.0,Foggy,Low,Delayed,
579,BUS10579,TN56A6127,2025-06-09,Chennai,L288,Anna Nagar-Guindy,Anna Nagar Stop,Guindy Stop,11:55,16:37,77.0,AC,50,53.0,106.0,35.44,1878.32,27.46,2608.7,9.0,Rainy,High,On Time,4.0
1549,BUS11549,DL38C8596,2025-07-17,Ahmedabad,L256,Bopal-Naroda,Bopal Terminal,Naroda Stand,05:35,10:02,77.4,Mini Bus,29,0.0,0.0,21.45,0.0,21.39,2032.05,0.0,Cloudy,High,On Time,4.0
520,BUS10520,KA53B8616,2025-07-08,Mumbai,L219,Andheri-Dadar,Andheri Stand,Dadar Junction,09:50,10:33,28.2,Mini Bus,27,1.0,3.7,18.55,18.55,5.58,530.1,1.0,Sunny,Low,On Time,3.1
1138,BUS11138,TN57C5163,2025-11-03,Kolkata,B34,Salt Lake-Howrah,Salt Lake Terminal,Howrah Terminal,07:05,09:59,98.8,AC,45,34.0,75.56,31.45,1069.3,40.92,3887.4,35.0,Foggy,Low,Delayed,2.4
1610,BUS11610,GJ42A7541,2025-11-10,Lucknow,B127,Chinhat-Aminabad,Chinhat Junction,Aminabad Terminal,13:55,18:17,87.8,Electric,38,45.0,118.42,35.14,1581.3,6.06,72.72,0.0,Cloudy,High,On Time,4.5
629,BUS10629,WB43C8111,2025-08-09,Ahmedabad,B285,Vastrapur-Kalupur,Vastrapur Stand,Kalupur Terminal,11:50,14:08,100.1,Mini Bus,29,8.0,27.59,28.19,225.52,20.77,1973.15,0.0,Foggy,Low,On Time,3.5
220,BUS10220,TN92B7356,2024-10-11,Delhi,B89,Dwarka-ITO,Dwarka Terminal,ITO Junction,09:05,10:09,26.0,Non-AC,45,12.0,26.67,17.23,206.76,9.51,903.45,0.0,Sunny,Medium,On Time,4.1
107,BUS10107,TS59B2040,2025-05-27,Mumbai,B24,Borivali-Colaba,Borivali Terminal,Colaba Terminal,13:25,18:38,70.4,Non-AC,41,18.0,,28.08,505.44,19.78,,7.0,Cloudy,High,On Time,4.4
1360,BUS11360,TS46B4121,2024-11-30,Kolkata,R115,Jadavpur-Barasat,Jadavpur Stand,Barasat Terminal,11:15,13:12,66.6,AC,35,11.0,31.43,37.08,407.88,19.74,1875.3,0.0,Foggy,Medium,On Time,4.0
394,BUS10394,TN39C4450,2025-09-21,Chennai,R284,Velachery-T Nagar,Velachery Terminal,T Nagar Stop,17:05,20:30,84.7,Non-AC,50,9.0,18.0,24.16,217.44,21.49,2041.55,0.0,Sunny,Medium,On Time,3.9
349,BUS10349,UP70A8983,2024-02-07,Mumbai,L139,Borivali-Colaba,Borivali Terminal,Colaba Terminal,20:45,04:33,106.9,AC,47,7.0,14.89,34.11,238.77,31.71,3012.45,13.0,Rainy,High,Delayed,3.8
480,BUS10480,WB43C4847,2025-11-30,Chennai,B69,Velachery-T Nagar,Velachery Terminal,T Nagar Junction,08:00,09:11,39.4,Electric,30,12.0,40.0,20.59,247.08,2.16,25.92,12.0,Cloudy,Low,Delayed,3.9
58,BUS10058,TS59A2397,2025-08-01,Kolkata,L44,Jadavpur-Barasat,Jadavpur Junction,Barasat Terminal,15:10,18:33,66.0,Electric,50,54.0,108.0,23.4,1263.6,5.86,70.32,11.0,Rainy,High,Delayed,3.6
622,BUS10622,TN69B7758,2025-05-24,Bengaluru,L152,Yeshwanthpur-Silk Board,Yeshwanthpur Terminal,Silk Board Junction,05:35,08:28,58.3,Non-AC,49,4.0,8.16,17.06,68.24,16.88,1603.6,0.0,Cloudy,High,On Time,3.6
1092,BUS11092,TS31B3289,2024-08-12,Mumbai,L240,Powai-Churchgate,Powai Junction,Churchgate Stand,05:35,07:14,25.8,AC,41,44.0,107.32,20.8,915.2,8.67,823.65,,Cloudy,High,On Time,4.7
1239,BUS11239,GJ34B6278,2025-11-02,Bengaluru,R274,Electronic City-Hebbal,Electronic City Junction,Hebbal Junction,13:25,16:38,112.2,Mini Bus,34,34.0,100.0,29.28,995.52,20.44,1941.8,15.0,Rainy,Low,Delayed,3.1
28,BUS10028,MH12A9164,2025-11-21,Chennai,R15,Porur-Egmore,Porur Stop,Egmore Junction,18:05,18:56,34.6,Mini Bus,30,32.0,106.67,12.73,407.36,7.94,754.3,0.0,Cloudy,Low,On Time,3.6
1558,BUS11558,RJ16A3287,2024-11-16,Kolkata,B134,Salt Lake-Howrah,Salt Lake Terminal,Howrah Terminal,06:20,10:29,113.7,AC,52,56.0,107.69,32.13,1799.28,32.89,3124.55,0.0,Rainy,Medium,On Time,3.1
1339,BUS11339,MH25B2978,2025-06-16,Kolkata,L169,Behala-Sealdah,Behala Stand,Sealdah Stop,09:05,12:57,54.7,Mini Bus,27,4.0,14.81,22.27,89.08,13.04,1238.8,42.0,Foggy,High,Delayed,2.5
1613,BUS11613,GJ45A8249,2024-03-25,Chennai,B180,Velachery-T Nagar,Velachery Junction,T Nagar Stand,16:25,17:50,33.9,Electric,39,31.0,79.49,21.18,656.58,2.43,29.16,0.0,Foggy,Medium,On Time,3.9
33,BUS10033,RJ80C6337,2024-06-13,Kolkata,R209,Garia-Esplanade,Garia Stand,Esplanade Stand,18:05,21:16,118.6,Electric,49,57.0,116.33,37.9,2160.3,10.37,124.44,0.0,Sunny,Low,On Time,4.6
762,BUS10762,WB75B5831,2025-11-03,Delhi,R54,Noida-Nehru Place,Noida Junction,Nehru Place Junction,17:35,19:09,6.9,AC,51,5.0,9.8,31.75,158.75,2.39,227.05,73.0,Rainy,High,Delayed,3.9
736,BUS10736,RJ24B1261,2024-05-18,Pune,L219,Wagholi-Katraj,Wagholi Stand,Katraj Terminal,18:35,19:28,33.6,AC,48,4.0,8.33,28.98,115.92,13.95,1325.25,0.0,Rainy,Low,On Time,3.8
634,BUS10634,MH76A4322,2025-04-23,Lucknow,R162,Gomti Nagar-Charbagh,Gomti Nagar Junction,Charbagh Junction,12:05,12:23,12.5,Mini Bus,35,13.0,37.14,10.77,140.01,3.32,315.4,0.0,Rainy,Low,On Time,
36,BUS10036,TS19A1515,2025-05-22,Chennai,B210,Tambaram-Parrys,Tambaram Junction,Parrys Terminal,22:35,23:32,12.3,AC,47,42.0,89.36,23.0,966.0,5.09,483.55,0.0,Rainy,High,On Time,4.5
646,BUS10646,GJ63C3986,2024-08-03,Ahmedabad,R115,Satellite-Vastral,Satellite Terminal,Vastral Stop,05:15,06:46,45.5,AC,49,16.0,32.65,23.05,368.8,17.96,1706.2,0.0,Sunny,Medium,On Time,4.7
1581,BUS11581,GJ51A3490,2025-12-15,Chennai,B209,Adyar-Broadway,Adyar Stand,Broadway Junction,16:45,19:12,98.9,AC,42,47.0,111.9,44.64,2098.08,28.32,2690.4,,Cloudy,Low,On Time,4.5
877,BUS10877,RJ74B4457,2025-04-30,Delhi,R69,Saket-Karol Bagh,Saket Terminal,Karol Bagh Terminal,09:50,12:59,48.0,Electric,50,56.0,112.0,21.57,1207.92,3.66,43.92,4.0,Rainy,High,On Time,4.4
1304,BUS11304,MH84B3483,2024-02-12,Lucknow,B231,Alambagh-Aliganj,Alambagh Stop,Aliganj Terminal,06:45,07:56,15.7,Mini Bus,31,18.0,58.06,16.79,302.22,3.33,316.35,44.0,Foggy,Medium,Delayed,3.2
331,BUS10331,UP98B1113,2025-06-12,Jaipur,L297,Vidhyadhar Nagar-Sitapura,Vidhyadhar Nagar Stand,Sitapura Stop,05:00,08:15,83.2,AC,43,44.0,102.33,37.49,1649.56,26.99,2564.05,5.0,Rainy,Medium,On Time,4.9
1184,BUS11184,DL79C7096,2025-04-14,Mumbai,R7,Kurla-Bandra,Kurla Stand,Bandra Stand,10:00,13:40,56.3,Mini Bus,26,2.0,7.69,23.38,46.76,10.53,1000.35,1.0,Sunny,High,On Time,3.0
845,BUS10845,RJ21B7040,2024-06-19,Bengaluru,B118,Jayanagar-KR Puram,Jayanagar Junction,KR Puram Terminal,11:45,12:59,51.3,Electric,40,0.0,0.0,28.58,0.0,3.12,37.44,0.0,Sunny,Low,On Time,4.0
1584,BUS11584,TN57A8982,2024-12-01,Bengaluru,L145,Yeshwanthpur-Silk Board,Yeshwanthpur Stop,Silk Board Stand,10:20,12:12,69.6,AC,38,19.0,50.0,35.42,672.98,26.92,2557.4,12.0,Foggy,Low,Delayed,
1430,BUS11430,RJ56B4184,2024-05-16,Mumbai,L121,Powai-Churchgate,Powai Terminal,Churchgate Junction,06:00,11:00,119.1,Mini Bus,31,14.0,45.16,31.07,434.98,31.34,2977.3,13.0,Rainy,Medium,Delayed,3.8
828,BUS10828,MH15C6005,2025-04-25,Hyderabad,L205,Kukatpally-Secunderabad,Kukatpally Junction,Secunderabad Stop,08:10,12:14,110.4,Electric,36,24.0,66.67,40.04,960.96,8.24,98.88,0.0,Cloudy,Medium,On Time,3.4
527,BUS10527,TN99C8224,2024-01-28,Hyderabad,R210,LB Nagar-Miyapur,LB Nagar Junction,Miyapur Stand,13:45,17:13,59.7,Non-AC,52,27.0,51.92,25.96,700.92,16.27,1545.65,0.0,Sunny,High,On Time,3.6
496,BUS10496,KA93A3119,2024-07-20,Chennai,L54,Velachery-T Nagar,Velachery Stand,T Nagar Junction,22:20,04:44,119.5,Non-AC,40,19.0,47.5,32.48,617.12,38.32,3640.4,0.0,Cloudy,High,On Time,3.0
1149,BUS11149,TS84B5598,2025-11-06,Kolkata,L237,Salt Lake-Howrah,Salt Lake Stop,Howrah Stop,05:25,06:04,26.1,Electric,36,22.0,61.11,20.45,449.9,1.85,22.2,0.0,Foggy,Low,On Time,3.6
786,BUS10786,DL35A7565,2024-05-03,Delhi,L189,Rohini-Connaught Place,Rohini Stop,Connaught Place Stand,16:45,18:15,34.9,Non-AC,51,30.0,58.82,21.07,632.1,9.83,933.85,0.0,Foggy,Medium,On Time,4.4
436,BUS10436,TS55A7010,2024-11-06,Pune,L31,Hinjewadi-Swargate,Hinjewadi Terminal,Swargate Junction,06:15,10:14,87.0,Non-AC,55,55.0,100.0,21.85,1201.75,29.41,2793.95,39.0,Rainy,Medium,Delayed,3.9
1461,BUS11461,MH98A8960,2024-11-20,Bengaluru,L215,Electronic City-Hebbal,Electronic City Junction,Hebbal Stop,19:15,21:51,115.5,Electric,37,6.0,16.22,36.23,217.38,6.86,82.32,0.0,Rainy,Low,On Time,
1901,BUS11901,WB78C4588,2025-06-23,Pune,B75,Aundh-Camp,Aundh Junction,Camp Terminal,22:55,00:21,43.2,Electric,33,2.0,6.06,30.22,60.44,3.5,42.0,0.0,Sunny,Medium,On Time,4.8
1574,BUS11574,DL85B5134,2025-02-28,Chennai,B42,Anna Nagar-Guindy,Anna Nagar Stand,Guindy Terminal,18:40,23:05,64.4,Mini Bus,26,19.0,73.08,22.83,433.77,14.31,1359.45,0.0,Rainy,High,On Time,4.1
1253,BUS11253,GJ40C5796,2025-07-04,Hyderabad,R248,Uppal-Mehdipatnam,Uppal Junction,Mehdipatnam Stand,19:15,22:02,52.7,Electric,37,29.0,78.38,27.94,810.26,4.48,53.76,25.0,Cloudy,Medium,Delayed,4.0
950,BUS10950,GJ97A3442,2024-11-30,Jaipur,L191,Vidhyadhar Nagar-Sitapura,Vidhyadhar Nagar Terminal,Sitapura Junction,07:50,11:48,66.6,Mini Bus,35,35.0,100.0,24.73,865.55,13.45,1277.75,0.0,Rainy,High,On Time,4.2
87,BUS10087,TS60A1252,2025-11-15,Mumbai,R2,Thane-CST,Thane Junction,CST Stand,05:15,07:04,25.1,Electric,50,6.0,12.0,14.2,85.2,1.35,16.2,,Foggy,High,On Time,4.6
118,BUS10118,TS61B6214,2025-07-06,Mumbai,L145,Thane-CST,Thane Junction,CST Stop,18:30,22:38,116.9,Mini Bus,31,24.0,77.42,32.46,779.04,30.69,2915.55,35.0,Sunny,Medium,Delayed,2.2
1004,BUS11004,MH67A9398,2024-04-26,Bengaluru,L173,Yeshwanthpur-Silk Board,Yeshwanthpur Stop,Silk Board Stop,08:10,12:12,103.2,AC,54,22.0,40.74,32.07,705.54,37.2,3534.0,0.0,Sunny,Medium,On Time,3.1
806,BUS10806,GJ11A8193,2025-09-08,Jaipur,B2,Vidhyadhar Nagar-Sitapura,Vidhyadhar Nagar Terminal,Sitapura Stand,16:30,17:29,19.8,Mini Bus,30,36.0,120.0,11.49,413.64,3.71,352.45,0.0,Sunny,High,On Time,4.8
1180,BUS11180,DL61B2745,2025-05-28,Hyderabad,L198,Dilsukhnagar-Ameerpet,Dilsukhnagar Stand,Ameerpet Stand,10:10,13:30,115.5,Mini Bus,33,27.0,81.82,27.54,743.58,31.99,3039.05,8.0,Foggy,Low,On Time,4.6
1797,BUS11797,TN99B6542,2024-11-14,Delhi,R84,Noida-Nehru Place,Noida Stop,Nehru Place Junction,22:20,01:32,50.2,Electric,44,24.0,54.55,29.92,718.08,3.33,39.96,10.0,Cloudy,High,On Time,3.2
854,BUS10854,MH37A5387,2024-09-19,Kolkata,R199,Salt Lake-Howrah,Salt Lake Stop,Howrah Terminal,15:10,18:19,68.9,Mini Bus,30,14.0,46.67,24.32,340.48,14.35,1363.25,25.0,Cloudy,Medium,Delayed,2.6
1515,BUS11515,RJ66B1900,2024-11-29,Delhi,L85,Rajouri Garden-Anand Vihar,Rajouri Garden Stop,Anand Vihar Stand,18:10,21:44,114.6,Mini Bus,32,12.0,37.5,24.23,290.76,30.97,2942.15,0.0,Sunny,Medium,On Time,4.0
1268,BUS11268,TS94B6066,2025-10-07,Bengaluru,L95,Marathahalli-Banashankari,Marathahalli Junction,Banashankari Stop,17:50,18:33,30.0,Electric,39,32.0,82.05,19.16,613.12,2.86,34.32,0.0,Sunny,Low,On Time,4.4
1019,BUS11019,TN31A1452,2025-12-16,Jaipur,L117,Malviya Nagar-Sindhi Camp,Malviya Nagar Junction,Sindhi Camp Junction,06:10,08:06,36.6,AC,50,24.0,48.0,31.07,745.68,11.9,1130.5,0.0,Sunny,High,On Time,3.3
1617,BUS11617,TS10B8466,2025-01-30,Hyderabad,L253,Uppal-Mehdipatnam,Uppal Junction,Mehdipatnam Terminal,16:25,01:30,104.3,AC,44,35.0,79.55,46.12,1614.2,43.5,4132.5,36.0,Rainy,High,Delayed,3.2
415,BUS10415,WB39A4309,2025-04-08,Mumbai,B223,Thane-CST,Thane Terminal,CST Stop,08:45,11:34,109.4,Electric,40,34.0,85.0,35.48,1206.32,9.66,115.92,0.0,Rainy,Low,On Time,5.0
1621,BUS11621,MH15C5842,2024-07-08,Hyderabad,B45,Kukatpally-Secunderabad,Kukatpally Stop,Secunderabad Stop,12:30,13:31,27.1,Mini Bus,27,21.0,77.78,12.95,271.95,6.56,623.2,0.0,Sunny,Medium,On Time,3.5
1399,BUS11399,WB30C7276,2025-11-19,Jaipur,R120,Vaishali Nagar-Badi Chaupar,Vaishali Nagar Terminal,Badi Chaupar Junction,13:40,14:53,37.8,Non-AC,47,32.0,68.09,23.48,751.36,11.1,1054.5,0.0,Cloudy,Medium,On Time,3.2
906,BUS10906,RJ17C3164,2024-01-07,Chennai,L151,Anna Nagar-Guindy,Anna Nagar Terminal,Guindy Terminal,17:45,23:33,117.5,Electric,39,6.0,15.38,30.94,185.64,11.22,134.64,0.0,Sunny,High,On Time,4.5
1490,BUS11490,KA99B5130,2024-08-16,Delhi,R76,Noida-Nehru Place,Noida Terminal,Nehru Place Stop,18:30,21:07,22.4,Mini Bus,32,12.0,37.5,18.35,220.2,6.04,573.8,83.0,Rainy,High,Delayed,3.7
354,BUS10354,MH23C5918,2024-11-25,Bengaluru,R22,Electronic City-Hebbal,Electronic City Stand,Hebbal Junction,15:00,16:29,38.6,AC,54,56.0,,30.2,1691.2,15.17,1441.15,0.0,Cloudy,Medium,On Time,5.0
674,BUS10674,MH69A7677,2025-08-18,Kolkata,B89,Garia-Esplanade,Garia Junction,Esplanade Terminal,22:00,02:51,64.6,Electric,30,33.0,110.0,26.95,889.35,6.2,74.4,,Foggy,High,Delayed,3.2
934,BUS10934,UP42B7039,2025-04-03,Kolkata,L22,Dum Dum-Park Street,Dum Dum Junction,Park Street Stand,13:20,18:25,87.0,Non-AC,59,0.0,0.0,30.25,0.0,27.34,2597.3,0.0,Rainy,High,On Time,4.2
615,BUS10615,GJ89C1420,2024-03-11,Lucknow,B152,Alambagh-Aliganj,Alambagh Stand,Aliganj Junction,11:05,12:18,53.4,Non-AC,49,28.0,57.14,20.32,568.96,16.91,1606.45,0.0,Rainy,Low,On Time,4.0
1081,BUS11081,TN17A4125,2024-05-05,Chennai,B55,Adyar-Broadway,Adyar Stand,Broadway Stand,14:25,19:26,66.8,Mini Bus,27,4.0,14.81,19.27,77.08,14.75,1401.25,0.0,Sunny,High,On Time,4.4
1045,BUS11045,GJ72B3777,2025-04-18,Kolkata,R95,Garia-Esplanade,Garia Junction,Esplanade Stop,14:25,16:34,56.7,Non-AC,41,37.0,90.24,19.27,712.99,17.37,1650.15,0.0,Cloudy,Medium,On Time,4.0
1414,BUS11414,RJ87B1069,2025-07-08,Ahmedabad,L136,Chandkheda-Isanpur,Chandkheda Terminal,Isanpur Stand,06:00,10:22,102.7,AC,37,1.0,2.7,48.37,48.37,36.37,3455.15,0.0,Cloudy,Medium,On Time,3.4
1908,BUS11908,KA34A4835,2024-12-07,Kolkata,B54,Behala-Sealdah,Behala Stop,Sealdah Junction,08:20,12:07,113.1,AC,46,28.0,60.87,48.87,1368.36,42.5,4037.5,3.0,,Medium,On Time,4.4
1056,BUS11056,MH23B6032,2024-09-01,Lucknow,L64,Vikas Nagar-Kaiserbagh,Vikas Nagar Terminal,Kaiserbagh Stand,17:05,17:26,9.7,Mini Bus,35,15.0,42.86,10.16,152.4,1.95,185.25,8.0,Cloudy,Low,On Time,3.4
778,BUS10778,MH81A3220,2024-05-24,Kolkata,B215,Dum Dum-Park Street,Dum Dum Stand,Park Street Junction,16:45,18:30,30.5,AC,38,40.0,105.26,20.09,803.6,9.7,921.5,13.0,Rainy,High,Delayed,3.7
1498,BUS11498,TN64A6476,2024-03-26,Mumbai,R117,Andheri-Dadar,Andheri Stop,Dadar Stop,09:45,11:30,23.0,Electric,43,33.0,76.74,26.43,872.19,1.42,17.04,0.0,Sunny,High,On Time,3.4
821,BUS10821,DL53A3505,2024-05-19,Pune,R195,Hadapsar-Shivajinagar,Hadapsar Stand,Shivajinagar Stop,21:35,23:00,23.4,Mini Bus,35,17.0,48.57,13.89,236.13,5.73,544.35,51.0,Foggy,Low,Delayed,3.9
1033,BUS11033,TN59A3587,2024-09-24,Mumbai,B227,Thane-CST,Thane Terminal,CST Junction,15:45,18:32,77.6,AC,53,54.0,101.89,37.31,2014.74,24.29,2307.55,38.0,Foggy,Low,Delayed,3.6
92,BUS10092,TS11B2409,2025-12-12,Delhi,B198,Rajouri Garden-Anand Vihar,Rajouri Garden Stand,Anand Vihar Terminal,10:15,12:28,41.9,AC,37,25.0,67.57,26.93,673.25,14.1,1339.5,0.0,Foggy,High,On Time,4.5
1768,BUS11768,TS56A5318,2025-05-13,Bengaluru,L298,Yeshwanthpur-Silk Board,Yeshwanthpur Stop,Silk Board Stand,21:05,02:01,90.4,AC,41,38.0,92.68,31.34,1190.92,25.74,2445.3,0.0,Foggy,High,On Time,4.0
54,BUS10054,GJ10C4969,2025-03-16,Jaipur,B12,Mansarovar-Amer,Mansarovar Terminal,Amer Junction,18:15,23:57,81.8,Non-AC,45,45.0,100.0,27.83,1252.35,23.11,2195.45,0.0,Foggy,High,On Time,4.0
1130,BUS11130,DL10B7269,2024-08-29,Mumbai,B161,Powai-Churchgate,Powai Stand,Churchgate Terminal,09:05,10:52,75.8,Non-AC,59,3.0,5.08,22.04,66.12,21.29,2022.55,0.0,Foggy,Low,On Time,3.4
688,BUS10688,DL95C2193,2024-02-02,Mumbai,R75,Andheri-Dadar,Andheri Terminal,Dadar Terminal,15:45,22:11,114.4,Electric,41,41.0,100.0,31.4,1287.4,8.68,104.16,0.0,Rainy,High,On Time,4.8
630,BUS10630,MH20C9300,2025-03-23,Jaipur,R198,Mansarovar-Amer,Mansarovar Stop,Amer Terminal,16:50,18:01,22.3,AC,36,5.0,13.89,24.04,120.2,6.87,652.65,36.0,Sunny,Low,Delayed,2.6
1011,BUS11011,TN21A7034,2024-12-11,Kolkata,L255,Dum Dum-Park Street,Dum Dum Stop,Park Street Stand,15:45,23:31,116.7,Mini Bus,34,30.0,88.24,26.09,782.7,28.32,2690.4,0.0,Foggy,High,On Time,4.3
1834,BUS11834,TS43A3777,2025-08-30,Jaipur,B267,Vidhyadhar Nagar-Sitapura,Vidhyadhar Nagar Stand,Sitapura Stand,15:40,19:42,63.7,Electric,41,11.0,26.83,21.97,241.67,4.78,57.36,10.0,Sunny,High,On Time,3.8
2000,BUS12000,TN91C7738,2025-12-10,Bengaluru,B77,Marathahalli-Banashankari,Marathahalli Junction,Banashankari Terminal,18:05,20:21,75.7,AC,37,4.0,10.81,27.88,111.52,26.63,2529.85,7.0,Cloudy,Low,On Time,3.4
1289,BUS11289,KA45B2184,2025-12-13,Ahmedabad,B10,Maninagar-Gota,Maninagar Stop,Gota Stop,17:05,23:55,85.5,Mini Bus,25,26.0,,24.8,644.8,18.16,1725.2,65.0,Foggy,High,Delayed,2.8
941,BUS10941,GJ37B1784,2025-05-26,Chennai,L174,Velachery-T Nagar,Velachery Terminal,T Nagar Junction,05:50,08:18,107.4,Mini Bus,33,31.0,93.94,25.1,778.1,27.77,2638.15,3.0,Foggy,Low,On Time,4.0
1059,BUS11059,GJ18C6409,2024-09-18,Lucknow,R163,Alambagh-Aliganj,Alambagh Stand,Aliganj Terminal,11:25,12:48,22.8,Electric,40,22.0,55.0,27.26,599.72,1.73,20.76,12.0,Foggy,High,Delayed,3.8
1123,BUS11123,MH98B7095,2025-05-16,Kolkata,L37,Behala-Sealdah,Behala Junction,Sealdah Stop,08:10,13:13,90.9,AC,40,9.0,22.5,33.39,300.51,35.36,3359.2,0.0,Rainy,High,On Time,4.6
1598,BUS11598,DL56A8276,2025-05-18,Lucknow,R167,Vikas Nagar-Kaiserbagh,Vikas Nagar Stop,Kaiserbagh Stop,11:30,14:00,77.2,AC,50,48.0,96.0,27.31,1310.88,30.48,2895.6,33.0,Rainy,Low,Delayed,2.4
1286,BUS11286,UP30A5385,2025-01-06,Lucknow,L280,Vikas Nagar-Kaiserbagh,Vikas Nagar Stop,Kaiserbagh Terminal,05:30,07:23,74.3,Non-AC,59,7.0,11.86,24.98,174.86,19.31,1834.45,0.0,Rainy,Low,On Time,4.5
1994,BUS11994,KA36B3081,2024-05-29,Hyderabad,B231,Uppal-Mehdipatnam,Uppal Stand,Mehdipatnam Junction,05:35,09:43,69.9,Electric,41,16.0,39.02,27.79,444.64,4.76,57.12,0.0,Sunny,High,On Time,4.4
815,BUS10815,TN88A5456,2024-12-21,Delhi,B211,Rohini-Connaught Place,Rohini Terminal,Connaught Place Stop,05:50,08:04,87.3,Mini Bus,32,16.0,50.0,22.61,361.76,21.05,1999.75,0.0,Sunny,Low,On Time,3.2
70,BUS10070,MH14C7056,2025-12-23,Pune,R194,Kothrud-Viman Nagar,Kothrud Stand,Viman Nagar Stand,19:35,01:06,113.9,AC,54,64.0,118.52,39.95,2556.8,39.04,3708.8,0.0,Cloudy,High,On Time,3.7
1054,BUS11054,GJ89C7651,2024-01-12,Bengaluru,R294,Whitefield-Majestic,Whitefield Stop,Majestic Stop,17:00,22:26,92.7,AC,41,38.0,92.68,34.05,1293.9,36.45,3462.75,,Foggy,High,On Time,4.3
1731,BUS11731,TN12C2451,2024-06-12,Bengaluru,R216,Marathahalli-Banashankari,Marathahalli Junction,Banashankari Stand,14:40,17:30,117.0,Non-AC,42,35.0,83.33,33.89,1186.15,38.88,3693.6,6.0,Sunny,Low,On Time,3.9
1599,BUS11599,KA38C5392,2025-11-04,Lucknow,L243,Gomti Nagar-Charbagh,Gomti Nagar Terminal,Charbagh Terminal,19:30,23:14,116.4,AC,45,,95.56,35.27,1516.61,34.19,3248.05,18.0,Foggy,Medium,Delayed,3.1
851,BUS10851,RJ60A9731,2024-04-17,Chennai,B231,Porur-Egmore,Porur Terminal,Egmore Junction,20:00,22:00,34.8,AC,54,48.0,88.89,27.27,1308.96,10.45,992.75,42.0,Cloudy,Medium,Delayed,3.0
601,BUS10601,GJ20C2465,2025-05-24,Ahmedabad,R155,Maninagar-Gota,Maninagar Stop,Gota Junction,09:30,10:28,39.6,Electric,34,0.0,0.0,18.13,0.0,2.64,31.68,0.0,Rainy,Low,Cancelled,1.9
230,BUS10230,UP93B7592,2025-11-05,Chennai,B218,Anna Nagar-Guindy,Anna Nagar Terminal,Guindy Junction,17:40,21:01,50.5,Mini Bus,27,11.0,40.74,21.24,233.64,13.53,1285.35,14.0,Rainy,High,Delayed,3.8
497,BUS10497,RJ68B3295,2024-06-05,Lucknow,B195,Vikas Nagar-Kaiserbagh,Vikas Nagar Terminal,Kaiserbagh Stand,05:50,11:37,109.8,Non-AC,45,13.0,28.89,30.62,398.06,30.12,2861.4,12.0,Cloudy,High,Delayed,3.8
282,BUS10282,RJ21A5405,2024-01-14,Delhi,R269,Noida-Nehru Place,Noida Stop,Nehru Place Stand,17:05,20:29,105.9,Non-AC,52,37.0,71.15,25.87,957.19,33.76,3207.2,29.0,Sunny,Low,Delayed,2.2
1467,BUS11467,MH53A1672,2025-09-16,Chennai,B238,Anna Nagar-Guindy,Anna Nagar Stand,Guindy Terminal,18:05,19:20,41.6,Electric,33,25.0,75.76,22.79,569.75,3.93,47.16,0.0,Cloudy,Medium,On Time,4.3
327,BUS10327,UP83A9780,2025-01-31,Bengaluru,L66,Yeshwanthpur-Silk Board,Yeshwanthpur Junction,Silk Board Junction,21:45,00:18,34.9,Electric,43,32.0,74.42,29.65,948.8,3.24,38.88,89.0,Rainy,Medium,Delayed,3.2
1497,BUS11497,UP32A3825,2024-05-01,Bengaluru,L133,Yeshwanthpur-Silk Board,Yeshwanthpur Stand,Silk Board Stand,19:55,00:52,85.9,Mini Bus,28,31.0,110.71,25.86,801.66,23.22,2205.9,42.0,Foggy,High,Delayed,3.0
968,BUS10968,GJ50C7607,2024-06-16,Kolkata,R137,Dum Dum-Park Street,Dum Dum Terminal,Park Street Stop,14:55,18:18,108.3,AC,39,1.0,2.56,47.99,47.99,33.76,3207.2,0.0,Sunny,Medium,On Time,4.8
303,BUS10303,WB32C3344,2025-05-19,Lucknow,B185,Vikas Nagar-Kaiserbagh,Vikas Nagar Stop,Kaiserbagh Stand,22:25,23:27,34.4,Electric,37,42.0,113.51,20.84,875.28,3.03,36.36,0.0,Foggy,Medium,On Time,4.9
1132,BUS11132,WB14C4724,2024-07-25,Lucknow,R261,Gomti Nagar-Charbagh,Gomti Nagar Stop,Charbagh Junction,12:25,18:53,104.4,Electric,49,42.0,85.71,27.03,1135.26,8.68,104.16,43.0,Rainy,High,Delayed,2.8
304,BUS10304,KA51A8019,2025-05-08,Hyderabad,R44,Gachibowli-Koti,Gachibowli Stand,Koti Stop,11:40,13:38,72.2,AC,50,35.0,70.0,38.95,1363.25,27.05,2569.75,14.0,Foggy,Low,Delayed,2.1
332,BUS10332,GJ66B6934,2025-04-19,Kolkata,R164,Jadavpur-Barasat,Jadavpur Terminal,Barasat Stop,18:30,23:37,110.4,Electric,35,41.0,117.14,36.43,1493.63,6.76,81.12,15.0,Rainy,Medium,Delayed,3.4
1653,BUS11653,KA80A6422,2024-07-12,Mumbai,R94,Andheri-Dadar,Andheri Terminal,Dadar Stand,09:05,09:24,14.1,AC,41,18.0,43.9,32.25,580.5,4.89,464.55,0.0,Cloudy,Low,On Time,3.2
1531,BUS11531,MH73B5758,2024-02-21,Bengaluru,B44,Marathahalli-Banashankari,Marathahalli Terminal,Banashankari Stop,19:55,22:32,54.0,Non-AC,50,21.0,42.0,18.23,382.83,19.28,1831.6,83.0,Rainy,Low,Delayed,3.8
159,BUS10159,TN19A3589,2025-11-06,Chennai,L172,Adyar-Broadway,Adyar Junction,Broadway Stand,14:50,16:03,35.3,AC,39,18.0,46.15,20.59,370.62,14.1,1339.5,11.0,Cloudy,Medium,Delayed,3.9
1449,BUS11449,TS73B7907,2024-02-16,Pune,L185,Kothrud-Viman Nagar,Kothrud Terminal,Viman Nagar Stand,11:55,15:11,61.9,Mini Bus,26,14.0,53.85,17.71,247.94,16.81,1596.95,9.0,Foggy,High,On Time,4.9
1582,BUS11582,MH53A9962,2025-09-01,Lucknow,L6,Chinhat-Aminabad,Chinhat Terminal,Aminabad Junction,16:55,18:17,17.4,Mini Bus,28,8.0,28.57,16.24,129.92,3.83,363.85,12.0,Rainy,High,Delayed,3.4
1018,BUS11018,RJ56B2806,2024-12-07,Chennai,L272,Velachery-T Nagar,Velachery Stop,T Nagar Terminal,20:25,21:41,19.2,AC,55,0.0,0.0,23.31,0.0,6.26,594.7,,Sunny,High,Cancelled,1.6
1341,BUS11341,MH98B2140,2024-04-28,Kolkata,L50,Jadavpur-Barasat,Jadavpur Junction,Barasat Stand,15:00,19:03,102.9,Non-AC,47,21.0,44.68,23.92,502.32,35.18,3342.1,29.0,Sunny,Medium,Delayed,3.2
263,BUS10263,TS32C6464,2025-11-29,Ahmedabad,R187,Chandkheda-Isanpur,Chandkheda Stand,Isanpur Stop,11:30,15:12,117.8,Non-AC,44,43.0,97.73,34.91,1501.13,33.51,3183.45,0.0,Foggy,Medium,On Time,3.4
794,BUS10794,UP70C1369,2025-03-06,Hyderabad,B215,LB Nagar-Miyapur,LB Nagar Junction,Miyapur Terminal,16:50,17:45,39.4,Mini Bus,33,0.0,0.0,16.34,0.0,10.26,974.7,0.0,Foggy,Low,Cancelled,1.1
99,BUS10099,WB27C7050,2024-09-16,Pune,R183,Wagholi-Katraj,Wagholi Junction,Katraj Terminal,12:00,12:19,9.7,Mini Bus,25,7.0,28.0,9.76,68.32,2.18,,5.0,Foggy,Low,On Time,3.2
901,BUS10901,TN43B7955,2024-10-01,Bengaluru,L252,Whitefield-Majestic,Whitefield Junction,Majestic Junction,22:05,23:42,56.4,Electric,35,33.0,94.29,28.74,948.42,4.18,50.16,10.0,Rainy,Low,On Time,3.1
779,BUS10779,DL70C1227,2024-12-15,Pune,B262,Hadapsar-Shivajinagar,Hadapsar Stop,Shivajinagar Terminal,05:40,13:14,111.2,Mini Bus,27,17.0,62.96,31.23,530.91,22.94,2179.3,19.0,Foggy,High,Delayed,3.2
222,BUS10222,DL38A2875,2024-12-03,Hyderabad,R191,LB Nagar-Miyapur,LB Nagar Terminal,Miyapur Stop,08:35,10:47,85.2,AC,42,4.0,9.52,40.15,160.6,33.49,3181.55,0.0,Foggy,Low,On Time,4.4
1579,BUS11579,KA92C7502,2025-11-09,Lucknow,L210,Vikas Nagar-Kaiserbagh,Vikas Nagar Stand,Kaiserbagh Terminal,08:20,08:30,5.8,Non-AC,56,44.0,78.57,14.19,624.36,1.72,163.4,0.0,Foggy,Medium,On Time,4.7
157,BUS10157,KA98C5658,2025-02-04,Mumbai,B61,Kurla-Bandra,Kurla Terminal,Bandra Stop,12:25,14:23,34.6,AC,37,4.0,10.81,34.09,136.36,11.16,1060.2,0.0,Sunny,High,On Time,
774,BUS10774,GJ49C2442,2025-06-10,Ahmedabad,R75,Bopal-Naroda,Bopal Stop,Naroda Stand,06:00,08:00,78.4,AC,42,0.0,0.0,40.61,0.0,22.31,2119.45,0.0,Cloudy,Low,Cancelled,2.4
1985,BUS11985,TS64C1282,2024-02-10,Hyderabad,L282,Gachibowli-Koti,Gachibowli Terminal,Koti Stop,18:20,21:41,100.7,Electric,32,37.0,115.62,27.26,1008.62,8.27,99.24,46.0,Foggy,Low,Delayed,3.3
59,BUS10059,TN73C4491,2025-06-27,Chennai,L86,Anna Nagar-Guindy,Anna Nagar Stand,Guindy Junction,07:55,10:44,101.5,AC,52,44.0,84.62,40.05,1762.2,35.5,3372.5,8.0,Sunny,Low,On Time,3.3
621,BUS10621,UP54A8524,2024-07-20,Lucknow,B91,Gomti Nagar-Charbagh,Gomti Nagar Stand,Charbagh Stop,10:10,11:13,24.9,Mini Bus,30,20.0,,15.61,312.2,6.13,582.35,0.0,Foggy,Medium,On Time,3.1
1677,BUS11677,RJ11B6039,2025-01-13,Ahmedabad,R191,Maninagar-Gota,Maninagar Stand,Gota Stand,07:25,09:14,56.2,Non-AC,46,21.0,45.65,21.94,460.74,18.14,1723.3,14.0,Sunny,Low,Delayed,2.5
1560,BUS11560,TN44C1214,2024-01-26,Kolkata,L183,Garia-Esplanade,Garia Stop,Esplanade Junction,14:10,15:06,10.3,Non-AC,52,14.0,26.92,14.71,205.94,3.27,310.65,7.0,Cloudy,High,On Time,4.0
1212,BUS11212,GJ69A9738,2024-10-30,Jaipur,B207,Mansarovar-Amer,Mansarovar Stand,Amer Stop,09:15,09:40,9.0,Non-AC,57,17.0,29.82,11.35,192.95,2.8,266.0,12.0,Rainy,Low,Delayed,
732,BUS10732,MH70C4556,2025-07-10,Mumbai,B280,Borivali-Colaba,Borivali Junction,Colaba Junction,16:10,19:21,115.9,Mini Bus,28,32.0,114.29,24.41,781.12,31.06,2950.7,2.0,Rainy,Low,On Time,4.1
1948,BUS11948,TS31B2788,2025-06-18,Delhi,R33,Rohini-Connaught Place,Rohini Stop,Connaught Place Stand,13:05,14:34,18.7,Mini Bus,32,36.0,112.5,12.9,464.4,4.84,459.8,0.0,Rainy,High,On Time,4.5
1168,BUS11168,MH23A9624,2024-07-19,Delhi,B85,Noida-Nehru Place,Noida Stop,Nehru Place Stand,08:15,08:44,19.2,AC,50,47.0,94.0,37.62,1768.14,5.75,546.25,3.0,Sunny,Low,On Time,3.2
1810,BUS11810,MH26A1721,2025-10-10,Bengaluru,B257,Jayanagar-KR Puram,Jayanagar Stop,KR Puram Stop,09:45,11:31,57.7,Electric,37,16.0,43.24,20.18,322.88,4.36,52.32,0.0,Rainy,Medium,On Time,3.1
252,BUS10252,WB27A5227,2025-09-14,Lucknow,L93,Alambagh-Aliganj,Alambagh Stop,Aliganj Stop,08:15,11:25,111.4,Non-AC,41,3.0,7.32,27.02,81.06,36.92,3507.4,31.0,Foggy,Low,Delayed,3.0
41,BUS10041,MH18C2795,2024-07-17,Jaipur,R259,Malviya Nagar-Sindhi Camp,Malviya Nagar Stop,Sindhi Camp Terminal,09:35,10:27,38.1,Non-AC,47,9.0,19.15,16.76,150.84,14.3,1358.5,0.0,Foggy,Low,On Time,3.4
116,BUS10116,GJ53C7499,2024-12-09,Pune,R238,Hinjewadi-Swargate,Hinjewadi Stop,Swargate Stand,06:45,07:32,32.0,AC,36,4.0,11.11,37.37,149.48,9.5,902.5,0.0,Foggy,Low,On Time,4.9
129,BUS10129,GJ14B7225,2024-06-08,Hyderabad,L110,Gachibowli-Koti,Gachibowli Terminal,Koti Terminal,14:15,17:53,80.3,AC,41,13.0,31.71,46.97,610.61,33.05,3139.75,19.0,Sunny,Medium,Delayed,
640,BUS10640,UP88B7825,2024-02-12,Kolkata,R277,Dum Dum-Park Street,Dum Dum Stand,Park Street Stop,10:55,13:05,41.8,Electric,49,0.0,0.0,28.92,0.0,2.58,30.96,0.0,Cloudy,High,Cancelled,1.1
16,BUS10016,UP49C4525,2024-08-23,Chennai,R222,Anna Nagar-Guindy,Anna Nagar Stop,Guindy Stop,15:15,18:23,100.7,Non-AC,52,42.0,80.77,33.2,1394.4,36.57,3474.15,0.0,Rainy,Medium,On Time,4.2
1759,BUS11759,TS42C9733,2024-05-16,Hyderabad,L227,Dilsukhnagar-Ameerpet,Dilsukhnagar Stop,Ameerpet Stop,13:55,17:42,117.9,Non-AC,45,48.0,106.67,31.17,1496.16,33.69,3200.55,1.0,Rainy,Medium,On Time,3.1
558,BUS10558,MH55C9411,2024-08-23,Lucknow,R115,Chinhat-Aminabad,Chinhat Stop,Aminabad Stop,15:25,18:49,45.7,Electric,38,9.0,23.68,26.0,234.0,4.48,53.76,0.0,Rainy,High,On Time,3.3
554,BUS10554,UP33C5467,2024-09-01,Chennai,R131,Tambaram-Parrys,Tambaram Stop,Parrys Stop,06:10,08:01,79.6,Electric,42,3.0,7.14,26.04,78.12,5.38,64.56,0.0,Cloudy,Low,On Time,4.3
1911,BUS11911,DL67B2734,2025-08-31,Pune,R66,Aundh-Camp,Aundh Junction,Camp Stand,07:05,09:53,55.8,Non-AC,51,30.0,58.82,22.87,686.1,18.22,1730.9,26.0,Foggy,Medium,Delayed,2.5
1890,BUS11890,MH34C5021,2024-03-05,Delhi,L147,Rajouri Garden-Anand Vihar,Rajouri Garden Stop,Anand Vihar Junction,08:55,12:32,103.5,AC,36,40.0,111.11,39.8,1592.0,34.76,3302.2,34.0,Rainy,Medium,Delayed,2.2
684,BUS10684,RJ20B9468,2025-05-31,Lucknow,B59,Indira Nagar-Hazratganj,Indira Nagar Stand,Hazratganj Junction,21:50,23:58,76.5,Mini Bus,33,28.0,84.85,25.43,712.04,15.41,1463.95,0.0,Rainy,Low,On Time,4.1
564,BUS10564,RJ42A7340,2024-08-22,Bengaluru,B103,Yeshwanthpur-Silk Board,Yeshwanthpur Terminal,Silk Board Stop,15:20,17:06,74.4,Mini Bus,30,15.0,50.0,26.07,391.05,18.67,1773.65,2.0,Cloudy,Low,On Time,3.8
528,BUS10528,TS35A1523,2025-04-26,Pune,B60,Wagholi-Katraj,Wagholi Junction,Katraj Junction,20:30,00:02,82.0,Electric,34,30.0,88.24,27.39,821.7,4.3,51.6,10.0,Rainy,Medium,On Time,3.0
1283,BUS11283,WB33C1821,2025-01-29,Lucknow,B214,Indira Nagar-Hazratganj,Indira Nagar Terminal,Hazratganj Stop,05:15,05:51,19.6,Electric,42,44.0,104.76,16.87,742.28,1.67,20.04,0.0,Sunny,Medium,On Time,3.0
1109,BUS11109,DL24B7756,2025-12-10,Chennai,L155,Anna Nagar-Guindy,Anna Nagar Stop,Guindy Junction,15:15,21:57,120.0,Electric,30,21.0,70.0,35.87,753.27,10.84,130.08,0.0,Cloudy,High,On Time,4.2
1290,BUS11290,KA68A4308,2025-06-26,Kolkata,B129,Behala-Sealdah,Behala Junction,Sealdah Stand,20:45,22:10,35.8,AC,50,44.0,88.0,30.2,1328.8,10.31,979.45,0.0,Rainy,Medium,On Time,3.3
719,BUS10719,RJ28A2529,2025-09-12,Bengaluru,B198,Marathahalli-Banashankari,Marathahalli Stand,Banashankari Stop,05:00,05:41,10.8,Electric,48,13.0,27.08,25.36,329.68,1.03,12.36,6.0,,High,On Time,4.7
1179,BUS11179,WB98B1558,2024-07-20,Ahmedabad,L254,Maninagar-Gota,Maninagar Stand,Gota Stand,19:20,01:33,83.8,Mini Bus,34,35.0,102.94,23.8,833.0,17.48,1660.6,81.0,Foggy,High,Delayed,2.7
1656,BUS11656,TS13A7395,2025-06-25,Hyderabad,R73,LB Nagar-Miyapur,LB Nagar Terminal,Miyapur Terminal,10:10,10:49,28.0,Electric,38,32.0,84.21,15.91,509.12,1.67,20.04,0.0,Cloudy,Low,On Time,3.1
142,BUS10142,TS24A8376,2025-05-28,Hyderabad,B164,Gachibowli-Koti,Gachibowli Stop,Koti Stop,18:50,20:04,23.4,Electric,31,23.0,74.19,24.27,558.21,1.63,19.56,37.0,Rainy,Low,Delayed,3.7
703,BUS10703,TS87A5998,2025-03-09,Pune,B153,Aundh-Camp,Aundh Junction,Camp Stop,06:50,09:27,44.1,Mini Bus,34,22.0,64.71,21.09,463.98,10.15,964.25,40.0,Cloudy,Medium,Delayed,2.7
1200,BUS11200,TS96C1296,2024-02-11,Ahmedabad,B114,Satellite-Vastral,Satellite Stop,Vastral Stop,10:00,12:59,95.4,Mini Bus,32,25.0,78.12,26.77,669.25,26.51,2518.45,33.0,Foggy,Low,Delayed,2.4
647,BUS10647,WB38C3301,2024-09-03,Lucknow,B108,Indira Nagar-Hazratganj,Indira Nagar Junction,Hazratganj Terminal,14:15,18:24,53.2,AC,38,35.0,92.11,41.11,1438.85,17.24,1637.8,56.0,Foggy,High,Delayed,3.3
65,BUS10065,RJ95B1862,2024-02-02,Pune,L44,Kothrud-Viman Nagar,Kothrud Junction,Viman Nagar Stop,05:00,05:13,6.7,AC,47,36.0,76.6,30.56,1100.16,2.32,220.4,0.0,Cloudy,Medium,On Time,3.3
1585,BUS11585,TN77A4877,2024-10-14,Chennai,B19,Velachery-T Nagar,Velachery Stand,T Nagar Junction,20:30,21:38,43.3,Mini Bus,33,5.0,15.15,19.32,96.6,8.7,826.5,4.0,Foggy,Low,On Time,3.3
180,BUS10180,DL51A1418,2024-08-20,Chennai,B128,Adyar-Broadway,Adyar Stand,Broadway Stand,16:05,17:57,75.7,Mini Bus,25,18.0,72.0,22.12,398.16,20.44,1941.8,8.0,Rainy,Low,On Time,4.5
927,BUS10927,KA11C7519,2024-09-30,Delhi,R182,Saket-Karol Bagh,Saket Terminal,Karol Bagh Stand,05:35,06:10,13.3,Mini Bus,25,0.0,0.0,16.17,0.0,3.52,334.4,10.0,Sunny,Medium,On Time,4.5
1478,BUS11478,TS37A1409,2025-02-05,Bengaluru,L157,Whitefield-Majestic,Whitefield Terminal,Majestic Junction,06:55,08:59,49.9,AC,41,25.0,60.98,34.63,865.75,14.74,1400.3,,Sunny,Medium,On Time,4.8
1945,BUS11945,GJ71B6167,2024-06-16,Pune,R210,Kothrud-Viman Nagar,Kothrud Stand,Viman Nagar Stop,11:05,12:23,47.3,AC,40,44.0,110.0,32.43,1426.92,15.65,1486.75,2.0,Cloudy,Low,On Time,3.2
837,BUS10837,KA39B4946,2025-11-13,Pune,L185,Hadapsar-Shivajinagar,Hadapsar Stand,Shivajinagar Terminal,21:20,01:47,86.6,Mini Bus,34,29.0,85.29,26.46,767.34,19.28,1831.6,51.0,Cloudy,Medium,Delayed,3.5
1511,BUS11511,WB92A8080,2025-06-10,Jaipur,L229,Vidhyadhar Nagar-Sitapura,Vidhyadhar Nagar Stop,Sitapura Terminal,21:30,23:39,78.3,Electric,35,22.0,62.86,26.84,590.48,4.73,56.76,5.0,Rainy,Low,On Time,4.2
1049,BUS11049,UP53C7602,2025-10-05,Bengaluru,L190,Yeshwanthpur-Silk Board,Yeshwanthpur Stop,Silk Board Stand,16:05,16:42,18.5,Mini Bus,31,23.0,74.19,15.92,366.16,3.33,316.35,0.0,Sunny,Medium,On Time,3.7
1112,BUS11112,TS16A4677,2024-12-11,Pune,R250,Wagholi-Katraj,Wagholi Junction,Katraj Junction,22:45,01:32,74.7,Mini Bus,28,4.0,,20.48,81.92,17.28,1641.6,41.0,Cloudy,Low,Delayed,3.2
1505,BUS11505,DL20B2765,2024-04-05,Ahmedabad,L144,Chandkheda-Isanpur,Chandkheda Junction,Isanpur Terminal,11:45,12:16,19.8,Mini Bus,32,24.0,75.0,15.49,371.76,5.47,519.65,3.0,Sunny,Low,On Time,4.4
1281,BUS11281,TS74A7230,2024-02-08,Lucknow,L77,Vikas Nagar-Kaiserbagh,Vikas Nagar Junction,Kaiserbagh Stop,19:20,21:13,31.0,AC,43,43.0,100.0,33.48,1439.64,10.67,1013.65,8.0,Foggy,High,On Time,4.7
1578,BUS11578,TN94C4611,2024-11-01,Chennai,R272,Porur-Egmore,Porur Junction,Egmore Terminal,13:00,17:14,93.8,AC,53,58.0,109.43,40.84,2368.72,34.42,3269.9,0.0,Cloudy,Medium,On Time,4.7
1412,BUS11412,DL97C4717,2024-09-20,Pune,R199,Wagholi-Katraj,Wagholi Stand,Katraj Junction,16:15,17:41,41.6,Electric,40,24.0,60.0,26.05,625.2,3.58,42.96,10.0,Sunny,Medium,On Time,4.9
919,BUS10919,GJ13C5476,2025-11-19,Delhi,R298,Rajouri Garden-Anand Vihar,Rajouri Garden Junction,Anand Vihar Stand,05:20,11:49,100.3,Mini Bus,31,32.0,103.23,29.92,957.44,24.79,2355.05,11.0,Rainy,High,Delayed,3.7
1388,BUS11388,TS81C8908,2025-10-18,Kolkata,L266,Dum Dum-Park Street,Dum Dum Stand,Park Street Stand,22:35,23:19,9.7,Mini Bus,25,25.0,100.0,8.68,217.0,2.29,217.55,7.0,Cloudy,High,On Time,3.5
450,BUS10450,RJ10A9909,2024-11-24,Bengaluru,L27,Whitefield-Majestic,Whitefield Stop,Majestic Stand,22:00,01:08,114.7,Mini Bus,25,24.0,96.0,26.19,628.56,32.08,3047.6,0.0,Cloudy,Low,On Time,3.4
720,BUS10720,KA15C1626,2025-01-04,Pune,B28,Kothrud-Viman Nagar,Kothrud Stop,Viman Nagar Stop,11:35,15:45,99.0,Non-AC,60,71.0,118.33,31.6,2243.6,25.71,2442.45,2.0,Rainy,Medium,On Time,3.6
1941,BUS11941,KA29B2727,2024-06-30,Ahmedabad,R52,Chandkheda-Isanpur,Chandkheda Stop,Isanpur Stop,17:40,19:20,65.3,AC,35,35.0,100.0,39.59,1385.65,21.77,2068.15,7.0,Cloudy,Low,On Time,4.9
1539,BUS11539,TS11C2689,2024-08-26,Pune,L181,Kothrud-Viman Nagar,Kothrud Stand,Viman Nagar Terminal,08:05,09:58,44.2,Mini Bus,27,29.0,107.41,16.54,479.66,9.51,903.45,0.0,Foggy,Medium,On Time,4.5
368,BUS10368,DL49C2739,2024-11-18,Mumbai,R100,Thane-CST,Thane Stand,CST Stop,17:30,18:09,29.3,Mini Bus,25,0.0,0.0,16.71,0.0,7.29,692.55,0.0,Cloudy,Low,Cancelled,1.9
213,BUS10213,GJ55B5488,2024-10-17,Ahmedabad,B149,Bopal-Naroda,Bopal Terminal,Naroda Terminal,07:45,11:47,114.9,Electric,33,23.0,69.7,30.57,703.11,5.77,69.24,0.0,Cloudy,Medium,On Time,4.3
981,BUS10981,TN27C6106,2024-07-11,Mumbai,B198,Powai-Churchgate,Powai Terminal,Churchgate Stand,08:55,11:50,52.8,Electric,49,24.0,48.98,28.09,674.16,3.23,38.76,0.0,Sunny,High,On Time,3.1
290,BUS10290,RJ55C1424,2025-10-31,Kolkata,L254,Behala-Sealdah,Behala Stand,Sealdah Stop,20:10,21:57,66.2,Electric,39,21.0,53.85,25.76,540.96,3.75,45.0,8.0,Sunny,Low,On Time,4.3
785,BUS10785,TN71A4021,2024-11-02,Hyderabad,L6,Gachibowli-Koti,Gachibowli Stand,Koti Stand,19:50,20:40,25.7,Electric,33,5.0,15.15,24.77,123.85,1.46,17.52,0.0,Sunny,Medium,On Time,
1494,BUS11494,MH40A8463,2025-04-15,Bengaluru,B22,Yeshwanthpur-Silk Board,Yeshwanthpur Terminal,Silk Board Stop,17:35,20:26,112.4,AC,39,20.0,51.28,50.61,1012.2,32.56,3093.2,6.0,Cloudy,Low,On Time,4.2
545,BUS10545,TS37B3116,2024-03-01,Hyderabad,R273,LB Nagar-Miyapur,LB Nagar Terminal,Miyapur Junction,06:35,08:22,10.8,Non-AC,51,20.0,39.22,20.07,401.4,3.69,350.55,84.0,Foggy,Medium,Delayed,3.2
1361,BUS11361,MH67C8231,2025-02-23,Chennai,B103,Velachery-T Nagar,Velachery Junction,T Nagar Stop,12:10,16:32,97.1,AC,39,41.0,105.13,42.39,1737.99,28.06,2665.7,25.0,Cloudy,Medium,Delayed,2.6
1779,BUS11779,KA57B8546,2025-06-02,Mumbai,B259,Andheri-Dadar,Andheri Terminal,Dadar Junction,09:25,10:56,42.1,Electric,41,2.0,4.88,17.66,35.32,2.95,35.4,11.0,Rainy,Medium,Delayed,2.9
1802,BUS11802,KA32A2809,2025-04-27,Kolkata,L144,Salt Lake-Howrah,Salt Lake Stand,Howrah Stop,08:20,11:00,61.3,Non-AC,43,24.0,55.81,20.81,499.44,22.68,2154.6,2.0,Foggy,Medium,On Time,3.6
1896,BUS11896,MH58C4470,2024-08-15,Bengaluru,R271,Whitefield-Majestic,Whitefield Stand,Majestic Junction,17:15,19:16,71.5,Non-AC,43,39.0,90.7,28.24,1101.36,18.44,1751.8,7.0,Cloudy,Low,On Time,3.9
8,BUS10008,TN40B4714,2024-07-23,Pune,L278,Kothrud-Viman Nagar,Kothrud Junction,Viman Nagar Terminal,21:35,00:36,45.9,AC,35,14.0,40.0,23.93,335.02,15.87,1507.65,68.0,Rainy,Medium,Delayed,2.4
1826,BUS11826,MH49A4921,2025-09-06,Bengaluru,B80,Jayanagar-KR Puram,Jayanagar Terminal,KR Puram Junction,14:45,17:43,88.6,Electric,33,34.0,103.03,24.81,843.54,4.44,53.28,14.0,Cloudy,Medium,Delayed,2.4
886,BUS10886,RJ42A8255,2024-02-08,Kolkata,L179,Behala-Sealdah,Behala Stand,Sealdah Junction,10:00,12:39,82.9,Mini Bus,35,41.0,117.14,22.53,923.73,23.17,2201.15,34.0,Foggy,Low,Delayed,2.7
1692,BUS11692,RJ51B2450,2025-06-28,Pune,L254,Hinjewadi-Swargate,Hinjewadi Stand,Swargate Terminal,12:55,14:26,46.6,Mini Bus,34,20.0,58.82,15.86,317.2,8.65,821.75,20.0,Cloudy,Low,Delayed,2.6
1359,BUS11359,TN95B7563,2024-03-13,Delhi,L178,Noida-Nehru Place,Noida Stop,Nehru Place Stand,13:20,15:10,27.4,AC,38,37.0,97.37,33.63,1244.31,9.86,936.7,0.0,Rainy,High,On Time,4.6
723,BUS10723,TS11C1025,2025-10-09,Hyderabad,R78,Dilsukhnagar-Ameerpet,Dilsukhnagar Terminal,Ameerpet Stop,05:35,06:42,23.3,AC,46,38.0,82.61,34.51,1311.38,7.31,694.45,0.0,Sunny,High,On Time,4.5
518,BUS10518,WB26A6035,2025-01-06,Hyderabad,L220,Kukatpally-Secunderabad,Kukatpally Junction,Secunderabad Stop,05:00,06:24,44.0,Mini Bus,26,16.0,61.54,14.29,228.64,10.86,1031.7,12.0,Rainy,Low,Delayed,3.8
403,BUS10403,TS85B5282,2024-06-28,Kolkata,B139,Behala-Sealdah,Behala Terminal,Sealdah Junction,07:45,11:47,54.8,Electric,30,23.0,76.67,28.36,652.28,3.54,42.48,83.0,Rainy,High,Delayed,2.6
734,BUS10734,UP48A8716,2024-02-25,Mumbai,L101,Andheri-Dadar,Andheri Junction,Dadar Terminal,19:50,23:55,69.3,Mini Bus,30,35.0,116.67,21.58,755.3,13.2,1254.0,11.0,Foggy,High,Delayed,3.0
144,BUS10144,KA37B2080,2025-02-27,Bengaluru,L267,Electronic City-Hebbal,Electronic City Stop,Hebbal Junction,07:40,07:51,5.4,Non-AC,58,30.0,51.72,14.82,444.6,1.98,188.1,0.0,Sunny,Medium,On Time,4.5
1192,BUS11192,MH33A5446,2024-07-05,Bengaluru,B276,Jayanagar-KR Puram,Jayanagar Terminal,KR Puram Stop,20:40,22:19,31.2,Mini Bus,30,27.0,,16.41,443.07,6.94,659.3,0.0,Sunny,High,On Time,4.7
819,BUS10819,TN76A1436,2024-07-26,Hyderabad,B32,Kukatpally-Secunderabad,Kukatpally Stand,Secunderabad Stop,09:10,10:30,21.0,Mini Bus,25,29.0,116.0,14.01,406.29,5.86,556.7,10.0,Foggy,High,On Time,3.2
560,BUS10560,GJ86C1719,2025-06-09,Mumbai,L161,Powai-Churchgate,Powai Terminal,Churchgate Junction,22:25,04:19,85.5,Mini Bus,25,2.0,8.0,20.31,40.62,21.06,2000.7,84.0,Sunny,High,Delayed,2.8
1608,BUS11608,KA88B7314,2024-09-19,Lucknow,B228,Alambagh-Aliganj,Alambagh Stand,Aliganj Stop,20:05,21:20,19.9,Electric,39,26.0,66.67,27.36,711.36,1.44,17.28,12.0,Sunny,High,Delayed,2.1
360,BUS10360,MH77B7673,2024-12-26,Delhi,L297,Rajouri Garden-Anand Vihar,Rajouri Garden Stop,Anand Vihar Stop,12:30,14:22,73.6,AC,54,4.0,7.41,41.93,167.72,23.73,,0.0,Rainy,Low,On Time,4.1
1519,BUS11519,KA81A9469,2024-11-15,Kolkata,R70,Behala-Sealdah,Behala Junction,Sealdah Terminal,05:10,07:19,89.4,AC,40,46.0,115.0,40.53,1864.38,27.35,2598.25,0.0,Foggy,Low,On Time,4.9
1124,BUS11124,WB69C9830,2024-03-20,Pune,L63,Hadapsar-Shivajinagar,Hadapsar Stand,Shivajinagar Terminal,18:40,21:37,93.2,Mini Bus,29,23.0,79.31,26.91,618.93,19.48,1850.6,26.0,Cloudy,Low,Delayed,3.6
704,BUS10704,GJ76A5217,2025-11-10,Hyderabad,R119,Dilsukhnagar-Ameerpet,Dilsukhnagar Stop,Ameerpet Terminal,21:30,23:33,65.7,Electric,50,13.0,26.0,23.12,300.56,6.33,75.96,0.0,Cloudy,Medium,On Time,3.9
60,BUS10060,RJ57B7861,2025-11-23,Pune,L289,Wagholi-Katraj,Wagholi Stop,Katraj Junction,07:10,11:06,78.3,AC,35,9.0,25.71,27.42,246.78,29.8,2831.0,13.0,Cloudy,High,Delayed,2.7
1980,BUS11980,GJ36A9275,2025-06-07,Ahmedabad,B74,Chandkheda-Isanpur,Chandkheda Junction,Isanpur Junction,13:25,15:23,37.3,Mini Bus,27,29.0,107.41,16.28,472.12,9.68,919.6,7.0,Rainy,High,On Time,4.1
926,BUS10926,MH41C1382,2025-05-30,Bengaluru,L47,Whitefield-Majestic,Whitefield Stand,Majestic Stop,14:00,14:28,17.3,Non-AC,42,7.0,16.67,,78.4,4.66,442.7,0.0,Rainy,Low,On Time,4.9
879,BUS10879,KA38A9987,2024-12-01,Chennai,R111,Anna Nagar-Guindy,Anna Nagar Terminal,Guindy Junction,14:10,20:50,113.4,AC,37,17.0,45.95,32.84,558.28,35.24,3347.8,14.0,Cloudy,High,Delayed,2.8
12,BUS10012,RJ75C8832,2025-06-03,Delhi,B259,Noida-Nehru Place,Noida Terminal,Nehru Place Junction,12:55,14:33,65.2,Electric,47,13.0,27.66,29.82,387.66,5.82,69.84,8.0,Cloudy,Low,On Time,4.9
539,BUS10539,KA98A4657,2025-08-05,Mumbai,L277,Andheri-Dadar,Andheri Stand,Dadar Junction,19:40,23:40,89.9,Mini Bus,33,6.0,18.18,23.24,139.44,19.94,1894.3,0.0,Sunny,Medium,On Time,5.0
414,BUS10414,TN64C2162,2024-07-03,Pune,B160,Kothrud-Viman Nagar,Kothrud Terminal,Viman Nagar Terminal,21:15,22:04,30.0,AC,37,28.0,75.68,25.03,700.84,9.18,872.1,,Rainy,Low,On Time,3.4
1630,BUS11630,MH13C8572,2024-05-23,Delhi,L186,Rohini-Connaught Place,Rohini Junction,Connaught Place Terminal,16:00,17:02,24.2,Mini Bus,28,30.0,107.14,12.92,387.6,5.5,522.5,0.0,Rainy,Medium,On Time,4.1
75,BUS10075,UP39C3877,2024-07-20,Chennai,L93,Adyar-Broadway,Adyar Terminal,Broadway Terminal,07:05,09:58,107.3,Mini Bus,29,0.0,0.0,28.63,0.0,24.89,2364.55,0.0,Sunny,Low,Cancelled,1.8
1573,BUS11573,MH59B6130,2025-04-04,Ahmedabad,B202,Maninagar-Gota,Maninagar Terminal,Gota Terminal,10:25,17:34,115.1,Mini Bus,27,4.0,14.81,26.25,105.0,25.78,2449.1,12.0,Foggy,High,Delayed,2.3
585,BUS10585,MH41B7809,2025-12-27,Delhi,L290,Rohini-Connaught Place,Rohini Stand,Connaught Place Terminal,12:15,14:11,34.8,Mini Bus,28,33.0,117.86,19.37,639.21,9.33,886.35,28.0,Rainy,Medium,Delayed,2.8
1111,BUS11111,WB81C3963,2024-08-17,Kolkata,L127,Jadavpur-Barasat,Jadavpur Junction,Barasat Junction,08:20,09:58,49.2,Electric,30,23.0,76.67,26.94,619.62,4.21,50.52,25.0,Cloudy,Low,Delayed,3.3
1213,BUS11213,TN99A7071,2024-11-18,Ahmedabad,L128,Vastrapur-Kalupur,Vastrapur Stop,Kalupur Junction,19:55,21:50,32.6,Mini Bus,30,31.0,103.33,18.81,583.11,9.0,855.0,3.0,Foggy,High,On Time,3.5
1409,BUS11409,DL68C3397,2025-09-25,Lucknow,B112,Indira Nagar-Hazratganj,Indira Nagar Stop,Hazratganj Terminal,17:20,17:48,15.3,AC,36,21.0,58.33,35.54,746.34,6.36,604.2,0.0,Rainy,Medium,On Time,3.2
178,BUS10178,WB44B5940,2025-01-18,Hyderabad,R20,Dilsukhnagar-Ameerpet,Dilsukhnagar Junction,Ameerpet Terminal,16:30,18:09,48.5,AC,42,3.0,7.14,42.09,126.27,18.52,1759.4,34.0,Cloudy,Low,Delayed,3.6
1624,BUS11624,TS58A3092,2024-10-31,Kolkata,R99,Behala-Sealdah,Behala Terminal,Sealdah Junction,09:35,11:38,47.0,AC,51,0.0,0.0,36.06,0.0,14.22,1350.9,0.0,Sunny,Medium,Cancelled,2.1
1147,BUS11147,KA21C4034,2025-03-16,Pune,R298,Kothrud-Viman Nagar,Kothrud Junction,Viman Nagar Stand,19:35,22:51,82.3,Non-AC,49,9.0,18.37,25.66,230.94,23.94,2274.3,7.0,Foggy,Medium,On Time,3.6
1215,BUS11215,KA50A5984,2025-04-30,Jaipur,R21,Malviya Nagar-Sindhi Camp,Malviya Nagar Terminal,Sindhi Camp Terminal,06:05,06:26,7.6,Electric,47,23.0,48.94,25.96,597.08,0.6,7.2,9.0,Sunny,Low,On Time,4.2
1746,BUS11746,DL47C9098,2025-06-29,Jaipur,B33,Vaishali Nagar-Badi Chaupar,Vaishali Nagar Terminal,Badi Chaupar Terminal,20:15,20:54,19.3,AC,53,57.0,107.55,23.94,1364.58,7.34,697.3,1.0,Foggy,Medium,On Time,3.8
1438,BUS11438,KA51B7148,2024-08-07,Bengaluru,B70,Jayanagar-KR Puram,Jayanagar Terminal,KR Puram Stand,21:55,22:48,15.2,Electric,38,0.0,0.0,22.05,0.0,1.37,16.44,0.0,Foggy,High,Cancelled,2.4
1319,BUS11319,TS86C7944,2025-06-10,Hyderabad,R216,LB Nagar-Miyapur,LB Nagar Stop,Miyapur Junction,19:15,22:27,82.0,Mini Bus,27,6.0,22.22,21.82,130.92,22.34,2122.3,14.0,Rainy,Medium,Delayed,2.9
1270,BUS11270,TS13B1070,2025-06-05,Lucknow,B168,Gomti Nagar-Charbagh,Gomti Nagar Stop,Charbagh Terminal,05:00,05:43,21.0,AC,44,9.0,20.45,21.23,191.07,7.6,722.0,5.0,Foggy,Medium,On Time,3.8
1242,BUS11242,TS54B7958,2025-05-10,Mumbai,L246,Kurla-Bandra,Kurla Terminal,Bandra Stop,11:05,11:41,8.3,Electric,36,38.0,105.56,21.45,815.1,0.59,7.08,20.0,Cloudy,Medium,Delayed,3.2
605,BUS10605,GJ99A4098,2024-01-07,Ahmedabad,L191,Chandkheda-Isanpur,Chandkheda Junction,Isanpur Stand,13:40,14:30,10.7,Non-AC,58,45.0,77.59,12.54,564.3,2.81,266.95,14.0,Foggy,High,Delayed,3.5
490,BUS10490,WB12C5135,2024-11-05,Ahmedabad,R166,Chandkheda-Isanpur,Chandkheda Terminal,Isanpur Junction,22:35,01:25,78.5,AC,52,0.0,0.0,39.06,0.0,25.6,2432.0,0.0,Rainy,Medium,Cancelled,1.7
765,BUS10765,RJ29B4805,2025-01-28,Mumbai,L182,Powai-Churchgate,Powai Stop,Churchgate Stand,19:25,20:41,40.2,Electric,44,5.0,11.36,16.43,82.15,3.71,44.52,0.0,Rainy,Medium,On Time,4.8
956,BUS10956,KA61A1539,2025-11-13,Chennai,L3,Adyar-Broadway,Adyar Junction,Broadway Stand,12:40,13:23,29.9,Electric,48,29.0,60.42,15.72,455.88,1.6,19.2,0.0,Sunny,Low,On Time,3.9
1426,BUS11426,TN40A6626,2025-10-28,Mumbai,B214,Powai-Churchgate,Powai Stop,Churchgate Stand,17:25,19:00,58.1,AC,40,0.0,0.0,31.23,0.0,19.42,1844.9,0.0,Sunny,Low,Cancelled,1.7
1764,BUS11764,KA82B6590,2024-03-11,Mumbai,B221,Thane-CST,Thane Stand,CST Stop,17:20,17:59,21.2,AC,55,53.0,96.36,23.96,1269.88,6.35,603.25,1.0,Sunny,Medium,On Time,3.7
748,BUS10748,MH34C7825,2024-04-03,Mumbai,B6,Borivali-Colaba,Borivali Terminal,Colaba Stand,05:25,07:30,93.5,Non-AC,60,6.0,10.0,33.85,203.1,34.29,3257.55,0.0,Rainy,Low,On Time,3.5
1442,BUS11442,UP48A9659,2025-03-13,Jaipur,L117,Jagatpura-Sanganer,Jagatpura Terminal,Sanganer Junction,06:00,06:29,16.7,Mini Bus,33,32.0,96.97,16.6,531.2,3.18,302.1,0.0,Cloudy,Medium,On Time,
708,BUS10708,UP89C2965,2024-03-26,Delhi,R213,Saket-Karol Bagh,Saket Junction,Karol Bagh Junction,16:15,20:23,54.6,Non-AC,44,40.0,90.91,23.06,922.4,16.67,1583.65,9.0,Sunny,High,On Time,3.8
1307,BUS11307,GJ65C4711,2024-03-01,Lucknow,L109,Alambagh-Aliganj,Alambagh Stand,Aliganj Stop,10:25,14:10,64.4,Non-AC,49,30.0,61.22,20.42,612.6,16.14,1533.3,0.0,Rainy,High,On Time,4.8
1305,BUS11305,TN56C8630,2025-11-03,Mumbai,R201,Thane-CST,Thane Terminal,CST Junction,11:35,13:05,36.3,Non-AC,52,32.0,61.54,23.18,741.76,9.77,928.15,7.0,Sunny,Medium,On Time,3.9
1256,BUS11256,TS99A1258,2025-06-07,Lucknow,R119,Gomti Nagar-Charbagh,Gomti Nagar Stand,Charbagh Stop,13:55,18:03,53.3,AC,41,48.0,117.07,32.74,1571.52,19.36,1839.2,0.0,Rainy,High,On Time,4.9
81,BUS10081,TS62C5723,2024-10-07,Lucknow,R226,Vikas Nagar-Kaiserbagh,Vikas Nagar Stand,Kaiserbagh Terminal,12:55,14:02,15.1,Electric,44,39.0,88.64,19.43,757.77,1.37,16.44,9.0,Sunny,High,On Time,3.5
474,BUS10474,KA35B6787,2024-03-12,Jaipur,R42,Vidhyadhar Nagar-Sitapura,Vidhyadhar Nagar Stand,Sitapura Terminal,05:00,05:20,6.6,Mini Bus,26,24.0,92.31,12.13,291.12,1.22,115.9,0.0,Foggy,High,On Time,3.3
1246,BUS11246,TS24C7026,2025-06-09,Jaipur,B43,Vidhyadhar Nagar-Sitapura,Vidhyadhar Nagar Stand,Sitapura Terminal,20:35,00:53,59.6,Mini Bus,32,29.0,90.62,21.49,623.21,15.31,1454.45,,Cloudy,High,On Time,3.9
473,BUS10473,TN65A7172,2025-12-18,Mumbai,B60,Andheri-Dadar,Andheri Terminal,Dadar Stand,21:30,06:28,113.9,Electric,45,5.0,11.11,,193.15,7.49,89.88,0.0,Sunny,High,On Time,3.3
1837,BUS11837,MH74C7363,2024-09-23,Kolkata,R83,Behala-Sealdah,Behala Stop,Sealdah Terminal,19:10,19:36,11.8,Mini Bus,35,3.0,8.57,12.83,38.49,2.63,249.85,0.0,Foggy,Medium,On Time,3.7
1416,BUS11416,TN47A3811,2025-08-20,Mumbai,L42,Powai-Churchgate,Powai Terminal,Churchgate Stop,10:15,11:12,27.2,AC,39,43.0,110.26,33.36,1434.48,7.76,737.2,0.0,Foggy,Medium,On Time,3.8
229,BUS10229,TS88A3210,2025-07-14,Kolkata,B124,Jadavpur-Barasat,Jadavpur Stop,Barasat Stop,09:40,09:53,6.8,Electric,35,6.0,17.14,13.79,82.74,0.56,6.72,0.0,Foggy,Medium,On Time,3.1
1013,BUS11013,UP18A4853,2025-07-13,Lucknow,L40,Vikas Nagar-Kaiserbagh,Vikas Nagar Stand,Kaiserbagh Terminal,19:30,01:26,87.0,Electric,46,30.0,65.22,24.17,725.1,8.34,100.08,0.0,,High,On Time,4.5
942,BUS10942,RJ19B7687,2024-06-10,Ahmedabad,B58,Satellite-Vastral,Satellite Stop,Vastral Stand,07:20,10:57,40.8,Non-AC,56,63.0,112.5,19.68,1239.84,10.31,979.45,34.0,Rainy,High,Delayed,3.4
783,BUS10783,KA24A4977,2024-08-02,Delhi,R214,Rohini-Connaught Place,Rohini Junction,Connaught Place Stand,09:05,09:56,21.0,Mini Bus,30,14.0,46.67,10.76,150.64,5.11,485.45,13.0,Cloudy,Medium,Delayed,3.8
884,BUS10884,RJ37A4747,2025-07-23,Ahmedabad,L191,Chandkheda-Isanpur,Chandkheda Terminal,Isanpur Terminal,10:10,10:45,7.7,Non-AC,45,5.0,11.11,19.41,97.05,2.85,270.75,0.0,Sunny,High,On Time,4.6
1769,BUS11769,MH50C4686,2025-10-31,Bengaluru,B215,Yeshwanthpur-Silk Board,Yeshwanthpur Junction,Silk Board Stand,08:20,09:00,14.5,Non-AC,59,1.0,1.69,20.42,20.42,4.72,,3.0,Rainy,Medium,On Time,4.7
1789,BUS11789,UP21B4406,2024-07-02,Jaipur,L34,Vidhyadhar Nagar-Sitapura,Vidhyadhar Nagar Junction,Sitapura Junction,13:50,14:37,17.5,AC,41,14.0,34.15,35.32,494.48,7.1,674.5,24.0,Sunny,Low,Delayed,3.2
648,BUS10648,UP98B3970,2025-02-14,Chennai,R280,Porur-Egmore,Porur Junction,Egmore Junction,19:25,00:51,114.0,Electric,49,56.0,114.29,39.54,2214.24,11.39,136.68,0.0,Cloudy,High,On Time,4.5
254,BUS10254,TN86A6521,2024-06-02,Ahmedabad,R102,Chandkheda-Isanpur,Chandkheda Stand,Isanpur Stop,08:15,13:53,95.1,Electric,41,30.0,73.17,28.32,849.6,6.38,76.56,0.0,Sunny,High,On Time,3.4
1970,BUS11970,RJ99C6826,2025-10-02,Chennai,R175,Velachery-T Nagar,Velachery Stop,T Nagar Terminal,18:05,19:25,35.3,AC,38,21.0,55.26,33.97,713.37,11.6,1102.0,0.0,Foggy,Medium,On Time,4.4
1395,BUS11395,RJ78C9993,2024-05-01,Lucknow,B130,Vikas Nagar-Kaiserbagh,Vikas Nagar Terminal,Kaiserbagh Terminal,09:30,16:17,74.7,Electric,34,20.0,58.82,22.31,446.2,4.75,57.0,49.0,Cloudy,High,Delayed,3.5
1678,BUS11678,DL63A9337,2025-04-02,Delhi,L167,Rajouri Garden-Anand Vihar,Rajouri Garden Junction,Anand Vihar Stop,11:50,13:22,42.6,Non-AC,40,38.0,95.0,21.66,823.08,12.95,1230.25,0.0,Cloudy,Medium,On Time,4.0
764,BUS10764,KA12B6181,2025-07-28,Delhi,L112,Noida-Nehru Place,Noida Terminal,Nehru Place Terminal,05:15,07:55,93.1,Electric,40,27.0,67.5,29.65,800.55,8.41,100.92,14.0,Rainy,Low,Delayed,2.7
1523,BUS11523,GJ80A1837,2024-07-13,Hyderabad,L161,Dilsukhnagar-Ameerpet,Dilsukhnagar Junction,Ameerpet Stand,08:50,,7.8,Electric,40,6.0,15.0,11.42,68.52,0.47,5.64,0.0,Foggy,Low,On Time,4.2
766,BUS10766,RJ52B3467,2024-02-14,Kolkata,R125,Salt Lake-Howrah,Salt Lake Stand,Howrah Junction,05:20,10:29,118.5,Electric,40,11.0,27.5,34.25,376.75,6.54,78.48,89.0,Cloudy,Medium,Delayed,2.5
1325,BUS11325,UP21A1985,2024-12-21,Ahmedabad,R12,Bopal-Naroda,Bopal Stand,Naroda Terminal,09:05,11:57,105.9,AC,46,52.0,113.04,46.7,2428.4,41.28,3921.6,0.0,Cloudy,Low,On Time,4.5
1882,BUS11882,DL14A8244,2025-05-06,Chennai,B255,Adyar-Broadway,Adyar Junction,Broadway Junction,20:00,21:56,70.6,Non-AC,55,6.0,10.91,28.12,168.72,22.39,2127.05,0.0,Cloudy,Low,On Time,3.4
731,BUS10731,GJ67B2868,2025-11-12,Ahmedabad,B202,Vastrapur-Kalupur,Vastrapur Stand,Kalupur Terminal,19:00,21:46,111.2,Non-AC,58,66.0,113.79,28.55,1884.3,30.83,2928.85,7.0,Rainy,Low,On Time,3.6
594,BUS10594,GJ30C9748,2024-08-21,Jaipur,L164,Vidhyadhar Nagar-Sitapura,Vidhyadhar Nagar Junction,Sitapura Junction,19:30,00:24,64.9,AC,37,7.0,18.92,34.22,239.54,20.2,1919.0,0.0,Foggy,High,On Time,4.9
1735,BUS11735,GJ25C6067,2025-07-21,Pune,L179,Hadapsar-Shivajinagar,Hadapsar Terminal,Shivajinagar Terminal,07:55,08:12,8.2,Non-AC,46,53.0,115.22,11.86,628.58,2.78,264.1,0.0,Sunny,Medium,On Time,3.3
438,BUS10438,TS21A5193,2024-02-10,Bengaluru,L187,Jayanagar-KR Puram,Jayanagar Terminal,KR Puram Terminal,15:40,17:03,37.3,AC,45,41.0,91.11,38.23,1567.43,10.7,1016.5,0.0,Cloudy,Medium,On Time,3.7
106,BUS10106,RJ60A9470,2024-03-18,Mumbai,R201,Andheri-Dadar,Andheri Stop,Dadar Terminal,16:25,20:00,65.7,Electric,34,22.0,64.71,24.57,540.54,4.39,52.68,12.0,Foggy,High,Delayed,2.7
753,BUS10753,TN71A6264,2025-07-31,Bengaluru,B224,Electronic City-Hebbal,Electronic City Terminal,Hebbal Terminal,16:55,17:25,9.9,Non-AC,51,52.0,101.96,11.29,587.08,3.06,290.7,0.0,Foggy,High,On Time,4.4
775,BUS10775,UP39A9320,2025-07-19,Chennai,B198,Porur-Egmore,Porur Stop,Egmore Terminal,12:05,13:05,29.5,AC,52,10.0,19.23,24.37,243.7,10.38,986.1,0.0,Foggy,Medium,On Time,3.8
1358,BUS11358,WB77B9018,2024-03-10,Bengaluru,B250,Marathahalli-Banashankari,Marathahalli Terminal,Banashankari Junction,15:40,16:53,38.3,Non-AC,47,26.0,55.32,22.31,580.06,11.51,1093.45,0.0,Cloudy,Medium,On Time,3.8
569,BUS10569,TN90A9700,2025-07-28,Chennai,R22,Porur-Egmore,Porur Terminal,Egmore Terminal,16:25,18:46,62.4,AC,55,50.0,90.91,35.6,1780.0,17.99,1709.05,7.0,Rainy,Medium,On Time,3.5
1962,BUS11962,WB55B2822,2025-12-09,Kolkata,R103,Salt Lake-Howrah,Salt Lake Terminal,Howrah Terminal,15:15,21:03,81.2,AC,55,7.0,12.73,27.77,194.39,32.52,3089.4,39.0,Sunny,High,Delayed,2.3
25,BUS10025,DL32B2492,2024-11-22,Pune,B72,Wagholi-Katraj,Wagholi Terminal,Katraj Terminal,12:25,14:16,34.7,Non-AC,40,17.0,42.5,20.1,341.7,10.3,978.5,0.0,Cloudy,High,On Time,3.2
1894,BUS11894,DL75B7918,2025-06-29,Chennai,R115,Adyar-Broadway,Adyar Stop,Broadway Stop,14:30,18:20,60.1,AC,39,33.0,84.62,25.19,831.27,18.55,1762.25,75.0,Foggy,Medium,Delayed,3.9
1413,BUS11413,MH10C7032,2025-04-29,Ahmedabad,B163,Satellite-Vastral,Satellite Terminal,Vastral Stop,15:50,17:42,66.1,Non-AC,53,47.0,88.68,18.47,868.09,24.1,2289.5,0.0,Sunny,Low,On Time,3.5
164,BUS10164,WB84A2085,2025-02-15,Mumbai,B72,Kurla-Bandra,Kurla Terminal,Bandra Junction,05:50,07:59,24.0,Electric,45,13.0,28.89,16.49,214.37,1.76,21.12,89.0,Rainy,Low,Delayed,4.0
635,BUS10635,KA94B2030,2025-08-17,Kolkata,L267,Jadavpur-Barasat,Jadavpur Stand,Barasat Junction,15:55,20:59,63.6,Mini Bus,29,31.0,106.9,22.53,698.43,15.95,1515.25,0.0,Rainy,High,On Time,3.2
1436,BUS11436,WB27C7059,2024-07-04,Kolkata,R121,Jadavpur-Barasat,Jadavpur Stop,Barasat Junction,16:10,18:19,86.2,Electric,43,22.0,51.16,26.92,592.24,5.52,66.24,0.0,Rainy,Low,On Time,4.0
365,BUS10365,DL52A7266,2024-08-12,Delhi,L60,Rajouri Garden-Anand Vihar,Rajouri Garden Terminal,Anand Vihar Stand,05:05,05:50,20.7,Non-AC,57,0.0,0.0,12.92,0.0,6.25,593.75,0.0,Cloudy,Medium,On Time,5.0
695,BUS10695,RJ67C5657,2024-08-22,Chennai,B209,Adyar-Broadway,Adyar Junction,Broadway Terminal,05:20,08:01,98.6,AC,46,4.0,8.7,41.78,167.12,28.28,2686.6,0.0,Sunny,Low,On Time,4.2
1900,BUS11900,KA91A3399,2025-04-28,Kolkata,R135,Jadavpur-Barasat,Jadavpur Stand,Barasat Stop,11:10,13:49,83.9,Electric,32,8.0,25.0,32.6,260.8,4.52,54.24,0.0,Foggy,Medium,On Time,3.9
1330,BUS11330,RJ90B3898,2025-07-29,Ahmedabad,B168,Vastrapur-Kalupur,Vastrapur Stop,Kalupur Terminal,22:15,00:17,71.3,Electric,37,0.0,,27.24,0.0,5.56,66.72,0.0,Cloudy,Low,Cancelled,2.5
400,BUS10400,TN74A8071,2025-09-20,Jaipur,B10,Mansarovar-Amer,Mansarovar Stop,Amer Stop,11:50,15:07,103.0,Electric,34,24.0,70.59,34.48,827.52,9.91,118.92,0.0,Cloudy,Medium,On Time,4.4
1822,BUS11822,TS74C4146,2025-12-15,Bengaluru,B38,Electronic City-Hebbal,Electronic City Terminal,Hebbal Terminal,09:05,10:36,19.4,Mini Bus,25,5.0,20.0,11.26,56.3,5.34,507.3,2.0,Rainy,High,On Time,5.0
1995,BUS11995,DL14A6620,2024-02-09,Lucknow,L193,Vikas Nagar-Kaiserbagh,Vikas Nagar Terminal,Kaiserbagh Stand,22:45,01:43,40.1,Non-AC,53,19.0,35.85,19.34,367.46,14.15,1344.25,4.0,,High,On Time,3.7
1057,BUS11057,KA60C9068,2024-04-23,Pune,L278,Wagholi-Katraj,Wagholi Stand,Katraj Terminal,14:10,19:26,110.2,Non-AC,52,24.0,46.15,35.54,852.96,35.17,3341.15,0.0,Cloudy,High,On Time,3.3
1903,BUS11903,GJ17A4959,2025-06-12,Mumbai,B137,Powai-Churchgate,Powai Terminal,Churchgate Stand,07:45,10:22,94.2,Mini Bus,33,13.0,39.39,25.99,337.87,17.5,1662.5,0.0,Foggy,,On Time,4.3
1489,BUS11489,DL98B4996,2025-01-07,Chennai,B222,Porur-Egmore,Porur Stop,Egmore Stand,10:05,12:44,84.5,Electric,46,11.0,23.91,35.56,391.16,6.29,75.48,35.0,Cloudy,Low,Delayed,2.2
344,BUS10344,DL68C7650,2025-07-23,Ahmedabad,B116,Bopal-Naroda,Bopal Stand,Naroda Stop,20:05,21:27,17.1,Electric,46,50.0,108.7,16.56,828.0,1.53,18.36,0.0,Rainy,High,On Time,4.2
1763,BUS11763,TN68B8533,2024-01-05,Jaipur,B39,Jagatpura-Sanganer,Jagatpura Stop,Sanganer Junction,14:35,18:00,87.4,Mini Bus,27,29.0,107.41,24.66,715.14,22.48,2135.6,62.0,Rainy,Low,Delayed,3.0
589,BUS10589,WB88C5435,2024-05-12,Chennai,B76,Velachery-T Nagar,Velachery Junction,T Nagar Terminal,21:05,22:53,77.1,Mini Bus,28,15.0,53.57,24.9,373.5,16.84,1599.8,0.0,Foggy,Low,On Time,3.5
532,BUS10532,UP92C8321,2025-12-29,Bengaluru,B44,Jayanagar-KR Puram,Jayanagar Stand,KR Puram Terminal,08:50,11:47,106.1,Non-AC,47,29.0,61.7,30.37,880.73,31.64,3005.8,0.0,Foggy,Low,On Time,3.8
35,BUS10035,DL16A4181,2024-03-17,Chennai,B21,Anna Nagar-Guindy,Anna Nagar Junction,Guindy Terminal,16:40,20:09,104.6,Mini Bus,34,21.0,61.76,23.82,500.22,20.96,1991.2,0.0,Rainy,Medium,On Time,3.1
760,BUS10760,WB68A7906,2025-05-15,Lucknow,B145,Chinhat-Aminabad,Chinhat Terminal,Aminabad Stop,19:55,21:55,62.7,Mini Bus,35,6.0,17.14,21.77,130.62,16.0,1520.0,0.0,Rainy,Medium,On Time,4.7
1840,BUS11840,GJ68C6644,2024-12-22,Kolkata,L234,Dum Dum-Park Street,Dum Dum Junction,Park Street Junction,14:15,14:25,5.2,Mini Bus,26,18.0,69.23,11.46,206.28,1.15,109.25,2.0,Sunny,Low,On Time,3.4
315,BUS10315,DL61A8599,2024-08-12,Ahmedabad,R244,Bopal-Naroda,Bopal Stand,Naroda Terminal,06:55,10:15,57.4,Mini Bus,32,37.0,115.62,21.72,803.64,13.78,1309.1,0.0,Rainy,High,On Time,4.0
237,BUS10237,WB83B7207,2024-04-15,Kolkata,B2,Jadavpur-Barasat,Jadavpur Stop,Barasat Terminal,14:50,18:21,92.5,AC,45,27.0,60.0,38.07,1027.89,33.05,3139.75,44.0,Cloudy,Medium,Delayed,3.2
1760,BUS11760,GJ18C8147,2025-07-06,Jaipur,R203,Mansarovar-Amer,Mansarovar Terminal,Amer Stop,12:15,14:15,77.3,Non-AC,54,41.0,75.93,26.5,1086.5,24.56,2333.2,0.0,Sunny,Low,On Time,4.6
1522,BUS11522,MH53A7402,2024-09-19,Mumbai,L26,Borivali-Colaba,Borivali Terminal,Colaba Terminal,05:55,11:51,106.2,Electric,42,3.0,7.14,36.11,108.33,6.35,76.2,0.0,Cloudy,High,On Time,4.4
1737,BUS11737,MH76A8175,2024-03-24,Bengaluru,L35,Jayanagar-KR Puram,Jayanagar Stop,KR Puram Junction,05:20,12:02,107.8,Electric,43,11.0,25.58,33.28,366.08,6.23,74.76,0.0,Sunny,High,On Time,4.7
96,BUS10096,TN10C8291,2024-05-16,Hyderabad,R250,Kukatpally-Secunderabad,Kukatpally Stop,Secunderabad Terminal,16:55,20:02,39.4,Non-AC,58,59.0,101.72,23.98,1414.82,11.93,1133.35,7.0,Cloudy,High,On Time,3.2
186,BUS10186,TN19B7282,2024-03-12,Ahmedabad,R242,Satellite-Vastral,Satellite Terminal,Vastral Terminal,17:05,18:38,45.7,Mini Bus,30,30.0,100.0,16.69,500.7,11.1,1054.5,8.0,Foggy,Medium,On Time,4.9
573,BUS10573,WB76B3119,2024-06-24,Bengaluru,L210,Marathahalli-Banashankari,Marathahalli Stop,Banashankari Stop,08:10,10:50,101.0,Non-AC,40,40.0,100.0,33.4,1336.0,28.69,2725.55,6.0,Rainy,Low,On Time,3.9
531,BUS10531,DL29A9567,2025-08-11,Mumbai,L65,Kurla-Bandra,Kurla Terminal,Bandra Stop,08:15,08:55,18.2,Electric,46,44.0,95.65,15.29,672.76,1.55,18.6,0.0,Foggy,Medium,On Time,3.6
1480,BUS11480,TS70B5811,2024-03-01,Bengaluru,L231,Whitefield-Majestic,Whitefield Stop,Majestic Junction,18:45,19:25,25.6,Mini Bus,32,3.0,9.38,16.69,50.07,4.71,447.45,6.0,Sunny,Low,On Time,4.5
1590,BUS11590,KA16A2514,2024-09-23,Kolkata,R194,Dum Dum-Park Street,Dum Dum Stop,Park Street Stop,06:45,08:56,62.1,Mini Bus,35,30.0,85.71,19.59,587.7,16.17,1536.15,13.0,Cloudy,Medium,Delayed,2.8
1383,BUS11383,TN88A9633,2024-11-30,Jaipur,B226,Jagatpura-Sanganer,Jagatpura Stand,Sanganer Stand,18:00,19:16,53.9,Electric,33,39.0,118.18,27.12,1057.68,2.81,33.72,0.0,Rainy,Low,On Time,4.0
1496,BUS11496,RJ76C7113,2025-01-08,Kolkata,L194,Dum Dum-Park Street,Dum Dum Terminal,Park Street Terminal,11:40,12:42,15.4,Electric,44,26.0,59.09,25.71,668.46,0.94,11.28,12.0,Rainy,High,Delayed,2.0
1357,BUS11357,MH14A7577,2024-10-02,Ahmedabad,R108,Satellite-Vastral,Satellite Terminal,Vastral Stop,18:25,20:58,54.7,Mini Bus,31,5.0,16.13,18.77,93.85,10.95,1040.25,41.0,Foggy,Medium,Delayed,3.6
818,BUS10818,GJ18C7355,2025-04-25,Ahmedabad,R147,Satellite-Vastral,Satellite Stop,Vastral Terminal,08:45,16:33,97.8,AC,46,17.0,36.96,34.0,578.0,28.5,2707.5,81.0,Cloudy,High,Delayed,2.1
610,BUS10610,TS34A8013,2025-04-22,Hyderabad,R230,Dilsukhnagar-Ameerpet,Dilsukhnagar Stand,Ameerpet Terminal,12:30,17:19,78.2,Electric,30,0.0,0.0,27.66,0.0,6.27,75.24,1.0,Sunny,High,On Time,3.8
1327,BUS11327,GJ44C9039,2025-01-17,Pune,B263,Aundh-Camp,Aundh Junction,Camp Stop,14:40,19:51,88.1,Mini Bus,34,18.0,52.94,27.13,488.34,17.36,1649.2,7.0,Sunny,High,On Time,4.4
340,BUS10340,MH35A4784,2024-01-17,Jaipur,B204,Vidhyadhar Nagar-Sitapura,Vidhyadhar Nagar Stand,Sitapura Stop,11:10,12:17,40.6,AC,35,2.0,5.71,24.86,49.72,15.07,1431.65,0.0,Rainy,Low,On Time,4.6
295,BUS10295,RJ51C7206,2024-07-04,Jaipur,B86,Vaishali Nagar-Badi Chaupar,Vaishali Nagar Stand,Badi Chaupar Junction,10:10,13:19,37.1,Mini Bus,25,7.0,28.0,12.95,90.65,7.0,665.0,15.0,Sunny,High,Delayed,3.5
31,BUS10031,WB70A7730,2024-09-10,Chennai,L229,Adyar-Broadway,Adyar Terminal,Broadway Junction,17:00,18:16,48.2,Mini Bus,26,2.0,7.69,16.33,32.66,12.13,1152.35,0.0,Rainy,Low,On Time,4.8
625,BUS10625,MH47C5353,2025-09-13,Mumbai,B243,Andheri-Dadar,Andheri Terminal,Dadar Stand,17:20,20:05,116.1,Mini Bus,35,31.0,,28.55,885.05,28.63,2719.85,0.0,Cloudy,Low,On Time,
1812,BUS11812,WB51B8136,2025-06-06,Chennai,R298,Tambaram-Parrys,Tambaram Stand,Parrys Stand,22:40,05:44,91.5,Electric,47,44.0,93.62,33.1,1456.4,5.61,67.32,0.0,Rainy,High,On Time,4.9
744,BUS10744,TS12A7509,2024-11-25,Chennai,B217,Porur-Egmore,Porur Stop,Egmore Stop,10:30,16:14,73.2,Non-AC,41,48.0,117.07,24.51,1176.48,23.99,2279.05,2.0,Sunny,High,On Time,3.3
258,BUS10258,KA15B4423,2024-12-08,Hyderabad,R285,Kukatpally-Secunderabad,Kukatpally Stop,Secunderabad Stop,08:55,10:40,29.2,AC,38,3.0,7.89,32.5,97.5,10.58,1005.1,0.0,Foggy,High,On Time,4.2
1223,BUS11223,DL98A6807,2024-05-08,Kolkata,R234,Salt Lake-Howrah,Salt Lake Stand,Howrah Terminal,08:50,16:00,111.6,Non-AC,44,22.0,50.0,34.98,769.56,36.71,3487.45,12.0,Sunny,High,Delayed,3.2
128,BUS10128,UP22B2560,2024-07-25,Hyderabad,L82,Kukatpally-Secunderabad,Kukatpally Terminal,Secunderabad Terminal,07:00,09:52,52.7,Electric,44,14.0,31.82,31.03,434.42,4.74,56.88,17.0,Cloudy,High,Delayed,
1170,BUS11170,MH80C8657,2025-10-21,Hyderabad,L50,Gachibowli-Koti,Gachibowli Stand,Koti Stand,10:10,14:25,63.4,AC,51,38.0,74.51,40.58,1542.04,25.1,2384.5,6.0,Foggy,High,On Time,4.0
1456,BUS11456,DL12C3310,2024-01-22,Lucknow,B224,Alambagh-Aliganj,Alambagh Terminal,Aliganj Terminal,05:10,08:26,107.5,Non-AC,49,13.0,26.53,24.44,317.72,29.73,2824.35,0.0,Foggy,Medium,On Time,3.1
1753,BUS11753,TS45A8718,2025-05-12,Bengaluru,L79,Electronic City-Hebbal,Electronic City Junction,Hebbal Terminal,22:40,00:25,78.6,Electric,30,0.0,0.0,26.66,0.0,4.97,59.64,0.0,Sunny,Low,On Time,4.0
925,BUS10925,GJ84A9077,2025-07-04,Pune,R29,Hinjewadi-Swargate,Hinjewadi Stand,Swargate Junction,16:35,17:03,7.9,Non-AC,56,44.0,78.57,12.21,537.24,2.71,257.45,10.0,Sunny,Medium,On Time,4.3
1956,BUS11956,KA49B6788,2025-04-01,Jaipur,R198,Vaishali Nagar-Badi Chaupar,Vaishali Nagar Junction,Badi Chaupar Stand,22:10,05:58,100.8,Electric,50,28.0,56.0,33.01,924.28,8.87,106.44,37.0,Sunny,High,Delayed,2.7
900,BUS10900,KA68A1997,2025-02-27,Jaipur,L180,Mansarovar-Amer,Mansarovar Stand,Amer Terminal,17:05,21:24,66.2,Mini Bus,25,10.0,40.0,21.62,216.2,15.04,1428.8,0.0,Cloudy,High,On Time,3.7
1079,BUS11079,KA76B4447,2024-01-06,Mumbai,R168,Powai-Churchgate,Powai Stand,Churchgate Stop,13:50,17:34,60.6,AC,43,33.0,76.74,43.15,1423.95,23.95,2275.25,68.0,Rainy,Medium,Delayed,2.8
1709,BUS11709,KA84B6225,2024-07-05,Kolkata,R114,Behala-Sealdah,Behala Junction,Sealdah Junction,13:35,15:48,88.6,Mini Bus,28,27.0,96.43,28.19,761.13,18.53,1760.35,0.0,Rainy,Low,On Time,4.2
637,BUS10637,TS88B4693,2025-06-16,Delhi,L53,Saket-Karol Bagh,Saket Junction,Karol Bagh Stop,17:10,19:47,112.8,AC,54,46.0,85.19,39.29,1807.34,34.08,3237.6,0.0,Cloudy,Low,On Time,4.0
1702,BUS11702,UP90A8000,2025-11-18,Ahmedabad,L4,Bopal-Naroda,Bopal Junction,Naroda Terminal,11:00,15:34,101.0,AC,41,46.0,112.2,39.35,1810.1,38.04,3613.8,0.0,Sunny,Medium,On Time,4.5
667,BUS10667,KA76A6365,2025-03-21,Delhi,B252,Saket-Karol Bagh,Saket Stand,Karol Bagh Terminal,11:00,12:44,75.7,Non-AC,59,46.0,77.97,22.65,1041.9,22.46,2133.7,0.0,Rainy,Low,On Time,
705,BUS10705,GJ67B8274,2024-04-23,Kolkata,R236,Jadavpur-Barasat,Jadavpur Stop,Barasat Terminal,20:25,03:30,92.8,AC,45,12.0,26.67,42.74,512.88,36.12,3431.4,15.0,Foggy,High,Delayed,2.1
937,BUS10937,TS23B8140,2025-03-04,Kolkata,R289,Dum Dum-Park Street,Dum Dum Junction,Park Street Junction,18:45,21:33,34.4,AC,38,20.0,52.63,37.52,750.4,12.71,1207.45,11.0,Rainy,High,Delayed,3.6
441,BUS10441,WB40C2406,2025-07-25,Delhi,L37,Rohini-Connaught Place,Rohini Junction,Connaught Place Terminal,08:40,10:38,50.0,Electric,48,0.0,0.0,24.53,0.0,3.19,38.28,0.0,Cloudy,Medium,Cancelled,2.0
1028,BUS11028,WB61C5210,2025-05-27,Delhi,R293,Dwarka-ITO,Dwarka Stop,ITO Terminal,21:00,23:11,79.5,Mini Bus,26,25.0,96.15,23.98,599.5,20.97,1992.15,8.0,Sunny,Low,On Time,3.8
221,BUS10221,WB23B2068,2025-10-20,Chennai,L117,Adyar-Broadway,Adyar Terminal,Broadway Junction,10:55,13:15,40.3,Electric,47,16.0,34.04,28.55,456.8,2.54,30.48,0.0,Cloudy,High,On Time,3.5
974,BUS10974,RJ93B4111,2024-01-29,Jaipur,R269,Vidhyadhar Nagar-Sitapura,Vidhyadhar Nagar Junction,Sitapura Stand,08:00,13:00,62.3,Non-AC,45,38.0,84.44,23.5,893.0,19.31,1834.45,72.0,Rainy,,Delayed,2.9
1685,BUS11685,GJ19C9039,2024-06-07,Hyderabad,L30,Gachibowli-Koti,Gachibowli Junction,Koti Terminal,20:30,20:57,9.6,Mini Bus,32,19.0,59.38,16.21,307.99,2.61,247.95,0.0,Cloudy,High,On Time,
1000,BUS11000,TS43C2855,2024-06-09,Delhi,R7,Rohini-Connaught Place,Rohini Stand,Connaught Place Terminal,13:30,14:22,17.5,AC,39,33.0,84.62,31.58,1042.14,5.78,549.1,24.0,Rainy,Low,Delayed,3.7
1251,BUS11251,KA70A8274,2024-06-27,Bengaluru,L93,Electronic City-Hebbal,Electronic City Stand,Hebbal Junction,05:15,08:41,94.0,Electric,34,26.0,76.47,28.45,739.7,9.37,112.44,57.0,Sunny,Low,Delayed,3.0
328,BUS10328,WB68A9813,2025-08-25,Pune,R245,Hinjewadi-Swargate,Hinjewadi Junction,Swargate Stop,19:20,20:42,37.5,Non-AC,60,40.0,66.67,25.54,1021.6,10.86,1031.7,27.0,Sunny,Low,Delayed,3.7
1390,BUS11390,TN25B7843,2024-11-02,Chennai,L7,Anna Nagar-Guindy,Anna Nagar Stand,Guindy Stop,09:25,13:30,102.9,AC,49,2.0,4.08,34.83,69.66,33.33,3166.35,86.0,Sunny,Low,Delayed,2.3
697,BUS10697,KA22B2029,2024-04-02,Kolkata,R14,Garia-Esplanade,Garia Stand,Esplanade Junction,10:05,10:46,28.4,Non-AC,46,12.0,26.09,16.77,201.24,10.62,1008.9,0.0,Rainy,Low,On Time,3.6
1154,BUS11154,KA18C9381,2025-09-17,Kolkata,R4,Garia-Esplanade,Garia Junction,Esplanade Terminal,12:15,14:24,72.8,Mini Bus,31,36.0,116.13,25.49,917.64,14.08,1337.6,0.0,Cloudy,Medium,On Time,5.0
390,BUS10390,UP61A2068,2025-02-07,Bengaluru,R226,Jayanagar-KR Puram,Jayanagar Terminal,KR Puram Junction,18:25,19:48,41.4,Non-AC,57,66.0,115.79,19.53,1288.98,15.07,1431.65,0.0,Rainy,Medium,On Time,4.9
1100,BUS11100,GJ80C1725,2024-12-12,Chennai,B164,Tambaram-Parrys,Tambaram Junction,Parrys Junction,05:05,08:49,112.6,AC,39,42.0,107.69,37.66,1581.72,43.46,4128.7,0.0,Sunny,Medium,On Time,4.1
1832,BUS11832,RJ99B8256,2024-10-13,Jaipur,R249,Mansarovar-Amer,Mansarovar Junction,Amer Terminal,05:10,06:20,49.2,Non-AC,43,28.0,,23.28,651.84,12.44,1181.8,0.0,Foggy,Low,On Time,3.0
761,BUS10761,MH47A9953,2024-03-08,Kolkata,L174,Garia-Esplanade,Garia Stand,Esplanade Terminal,17:25,19:39,77.6,Non-AC,59,63.0,106.78,22.22,1399.86,20.39,1937.05,3.0,Rainy,Low,On Time,4.7
1977,BUS11977,GJ22A6931,2025-06-28,Delhi,L42,Dwarka-ITO,Dwarka Stand,ITO Terminal,22:20,01:00,100.8,Non-AC,55,11.0,20.0,27.46,302.06,28.53,2710.35,8.0,Cloudy,Low,On Time,3.4
1774,BUS11774,GJ78B7315,2025-12-15,Mumbai,L64,Powai-Churchgate,Powai Junction,Churchgate Stop,20:15,21:05,14.7,Non-AC,48,42.0,87.5,15.0,630.0,5.43,515.85,1.0,Rainy,High,On Time,3.6
1461,BUS11461,MH98A8960,2024-11-20,Bengaluru,L215,Electronic City-Hebbal,Electronic City Junction,Hebbal Stop,19:15,21:51,115.5,Electric,37,6.0,16.22,36.23,217.38,6.86,82.32,0.0,Rainy,Low,On Time,
1695,BUS11695,MH57B4605,2025-09-12,Delhi,B23,Noida-Nehru Place,Noida Stop,Nehru Place Junction,21:40,04:51,117.8,AC,47,37.0,78.72,51.37,1900.69,45.15,4289.25,13.0,Rainy,High,Delayed,3.7
1110,BUS11110,MH79A2594,2024-03-13,Delhi,L136,Dwarka-ITO,Dwarka Stand,ITO Stand,07:30,10:35,102.9,AC,54,0.0,0.0,36.15,0.0,31.81,3021.95,0.0,Foggy,Medium,Cancelled,1.0
204,BUS10204,GJ74C9002,2024-09-16,Delhi,L99,Rohini-Connaught Place,Rohini Junction,Connaught Place Stand,11:05,13:33,82.0,Mini Bus,34,1.0,2.94,24.88,24.88,19.5,1852.5,,Sunny,Medium,On Time,4.6
857,BUS10857,MH96C6018,2024-06-29,Lucknow,B251,Vikas Nagar-Kaiserbagh,Vikas Nagar Junction,Kaiserbagh Stop,20:20,00:13,92.3,Electric,46,30.0,65.22,26.21,786.3,9.21,110.52,0.0,Cloudy,Medium,On Time,4.3
898,BUS10898,KA55A2066,2025-07-07,Ahmedabad,L183,Chandkheda-Isanpur,Chandkheda Terminal,Isanpur Junction,08:55,10:01,25.5,Non-AC,56,55.0,98.21,20.21,1111.55,7.47,709.65,14.0,Sunny,Medium,Delayed,3.0
923,BUS10923,DL81B1551,2025-12-13,Chennai,L239,Anna Nagar-Guindy,Anna Nagar Stand,Guindy Terminal,12:55,14:38,27.8,Electric,41,33.0,80.49,15.35,506.55,1.59,19.08,0.0,Rainy,High,On Time,5.0
614,BUS10614,RJ58A8419,2025-05-28,Kolkata,B5,Garia-Esplanade,Garia Junction,Esplanade Junction,21:05,00:12,93.2,AC,43,49.0,113.95,36.39,1783.11,34.56,3283.2,0.0,Cloudy,Medium,On Time,3.4
1199,BUS11199,TN32C2115,2024-04-18,Jaipur,L152,Jagatpura-Sanganer,Jagatpura Junction,Sanganer Junction,15:05,19:01,118.5,Mini Bus,27,22.0,81.48,28.38,624.36,30.0,2850.0,0.0,Rainy,Medium,On Time,3.7
57,BUS10057,KA55C7771,2025-04-24,Bengaluru,L99,Whitefield-Majestic,Whitefield Stop,Majestic Terminal,14:40,16:53,79.7,Mini Bus,30,17.0,56.67,21.82,370.94,19.56,1858.2,7.0,Rainy,Low,On Time,4.0
1591,BUS11591,DL99B3094,2025-05-01,Hyderabad,L17,Gachibowli-Koti,Gachibowli Stop,Koti Terminal,18:15,20:37,73.7,Electric,46,1.0,2.17,,34.33,5.23,62.76,0.0,Foggy,Medium,On Time,4.8
1947,BUS11947,GJ68A8243,2025-01-31,Kolkata,L23,Dum Dum-Park Street,Dum Dum Junction,Park Street Junction,22:25,23:53,54.5,Electric,39,28.0,71.79,22.42,627.76,4.15,49.8,0.0,Cloudy,Low,On Time,5.0
1087,BUS11087,MH55B1231,2024-08-23,Hyderabad,B255,LB Nagar-Miyapur,LB Nagar Stand,Miyapur Stand,11:45,12:19,10.7,Electric,39,11.0,28.21,14.82,163.02,0.84,10.08,0.0,Sunny,High,On Time,3.0
1476,BUS11476,TS77C4326,2025-10-20,Bengaluru,R174,Jayanagar-KR Puram,Jayanagar Stop,KR Puram Junction,09:30,10:52,22.4,Mini Bus,27,29.0,107.41,15.92,461.68,5.39,512.05,7.0,Rainy,High,On Time,3.4
915,BUS10915,KA70B5158,2024-10-12,Delhi,B154,Saket-Karol Bagh,Saket Stand,Karol Bagh Junction,05:50,07:27,53.4,Electric,38,25.0,65.79,27.16,679.0,3.46,41.52,0.0,Sunny,Medium,On Time,3.4
289,BUS10289,GJ81C3658,2025-11-28,Lucknow,L175,Chinhat-Aminabad,Chinhat Junction,Aminabad Stop,22:55,01:31,97.1,AC,44,31.0,70.45,45.29,1403.99,32.8,,0.0,Rainy,Low,On Time,4.4
378,BUS10378,UP14B2956,2024-07-06,Pune,R119,Aundh-Camp,Aundh Stop,Camp Stop,09:05,11:39,35.6,Non-AC,43,4.0,9.3,23.88,95.52,11.67,1108.65,44.0,Rainy,High,Delayed,2.8
1098,BUS11098,TN77C7655,2025-06-09,Lucknow,L179,Vikas Nagar-Kaiserbagh,Vikas Nagar Stop,Kaiserbagh Stand,09:10,11:07,12.1,Mini Bus,30,12.0,40.0,11.84,142.08,3.39,322.05,64.0,Foggy,High,Delayed,3.7
296,BUS10296,RJ84C8308,2024-12-01,Jaipur,R18,Mansarovar-Amer,Mansarovar Terminal,Amer Stand,07:25,09:54,84.5,AC,47,50.0,106.38,43.73,2186.5,33.4,3173.0,17.0,Cloudy,Low,Delayed,3.2
492,BUS10492,TS16B8980,2025-02-14,Hyderabad,R81,LB Nagar-Miyapur,LB Nagar Stop,Miyapur Stop,06:30,08:13,71.7,Electric,34,7.0,20.59,29.13,203.91,5.97,71.64,0.0,Foggy,Low,On Time,4.5
1654,BUS11654,RJ74C2527,2024-07-01,Lucknow,B67,Chinhat-Aminabad,Chinhat Terminal,Aminabad Terminal,19:50,21:01,34.2,Non-AC,51,4.0,7.84,15.01,60.04,11.76,1117.2,0.0,Rainy,Medium,On Time,3.4
1005,BUS11005,TN68C9450,2024-04-16,Mumbai,B93,Borivali-Colaba,Borivali Junction,Colaba Stand,11:25,12:24,14.5,AC,43,4.0,9.3,21.07,84.28,4.59,436.05,23.0,Sunny,Medium,Delayed,3.3
1748,BUS11748,GJ44B9487,2025-07-25,Bengaluru,R40,Jayanagar-KR Puram,Jayanagar Terminal,KR Puram Stop,20:05,00:32,51.2,AC,52,50.0,96.15,23.38,1169.0,19.78,1879.1,58.0,Cloudy,High,Delayed,3.1
1976,BUS11976,WB81A6928,2025-12-28,Kolkata,R140,Dum Dum-Park Street,Dum Dum Terminal,Park Street Stand,15:15,17:16,58.3,Electric,39,6.0,15.38,19.65,117.9,3.17,38.04,3.0,Cloudy,Medium,On Time,4.4
462,BUS10462,GJ71C4184,2025-03-15,Bengaluru,R124,Whitefield-Majestic,Whitefield Junction,Majestic Junction,09:45,10:43,34.0,Mini Bus,29,0.0,0.0,18.04,0.0,8.53,810.35,0.0,Foggy,Low,Cancelled,1.6
1552,BUS11552,MH60C4884,2024-09-22,Kolkata,B150,Dum Dum-Park Street,Dum Dum Stop,Park Street Terminal,07:50,09:34,57.5,Electric,38,16.0,42.11,31.73,507.68,4.23,,0.0,Cloudy,Medium,On Time,4.8
1420,BUS11420,DL89C4898,2025-08-05,Bengaluru,R146,Whitefield-Majestic,Whitefield Terminal,Majestic Stand,08:10,13:09,112.3,Mini Bus,35,26.0,74.29,30.73,798.98,24.29,2307.55,2.0,Cloudy,Medium,On Time,4.0
362,BUS10362,TS61C9766,2024-12-19,Mumbai,L162,Thane-CST,Thane Stop,CST Stop,16:25,17:50,54.8,Mini Bus,28,15.0,53.57,16.14,242.1,12.53,1190.35,0.0,Cloudy,Low,On Time,3.5
587,BUS10587,TS39C7252,2024-10-06,Hyderabad,B167,Uppal-Mehdipatnam,Uppal Stand,Mehdipatnam Terminal,15:00,17:29,60.6,Non-AC,54,53.0,98.15,23.8,1261.4,17.09,1623.55,13.0,Cloudy,Medium,Delayed,2.2
1046,BUS11046,TN19A3433,2024-11-11,Ahmedabad,R259,Bopal-Naroda,Bopal Terminal,Naroda Stand,05:30,08:06,62.9,AC,55,21.0,38.18,29.44,618.24,26.06,2475.7,3.0,Cloudy,Medium,On Time,4.2
215,BUS10215,DL27B6057,2024-11-04,Pune,L274,Hadapsar-Shivajinagar,Hadapsar Terminal,Shivajinagar Stop,11:40,17:59,117.0,Non-AC,54,7.0,12.96,33.38,233.66,30.87,2932.65,6.0,Sunny,High,On Time,4.2
1335,BUS11335,TS85C4740,2025-07-30,Ahmedabad,R104,Bopal-Naroda,Bopal Stop,Naroda Junction,07:35,08:28,10.8,Electric,48,25.0,52.08,25.83,645.75,0.98,11.76,2.0,Cloudy,High,On Time,3.8
198,BUS10198,GJ11A2161,2024-07-29,Lucknow,B151,Indira Nagar-Hazratganj,Indira Nagar Terminal,Hazratganj Stand,21:40,03:34,81.2,Non-AC,43,27.0,62.79,21.23,573.21,23.26,2209.7,0.0,Sunny,High,On Time,4.0
1282,BUS11282,RJ60C6368,2024-07-29,Delhi,L237,Noida-Nehru Place,Noida Junction,Nehru Place Stop,18:55,20:56,61.7,Mini Bus,32,5.0,15.62,23.21,116.05,14.35,1363.25,0.0,Sunny,Medium,On Time,3.3
18,BUS10018,DL84C3543,2025-11-04,Mumbai,R154,Thane-CST,Thane Junction,CST Terminal,17:25,20:36,87.9,Mini Bus,27,32.0,118.52,21.3,681.6,20.43,1940.85,14.0,Sunny,Medium,Delayed,3.7
193,BUS10193,RJ42A8354,2025-10-26,Bengaluru,B142,Whitefield-Majestic,Whitefield Stand,Majestic Stop,16:05,17:36,9.1,Electric,36,36.0,100.0,21.75,783.0,0.75,9.0,78.0,Rainy,Low,Delayed,2.9
151,BUS10151,RJ98B3322,2024-05-01,Lucknow,B87,Gomti Nagar-Charbagh,Gomti Nagar Stop,Charbagh Terminal,20:45,22:00,48.9,Non-AC,47,12.0,25.53,24.97,299.64,12.47,1184.65,0.0,Sunny,Low,On Time,3.8
373,BUS10373,GJ16C1907,2024-10-09,Lucknow,L69,Gomti Nagar-Charbagh,Gomti Nagar Stop,Charbagh Terminal,18:10,19:57,68.8,Electric,33,16.0,48.48,22.94,367.04,4.64,55.68,0.0,Sunny,Low,On Time,3.7
544,BUS10544,TS23A3109,2025-05-11,Hyderabad,R196,Uppal-Mehdipatnam,Uppal Stop,Mehdipatnam Stop,05:05,07:21,48.7,Non-AC,53,51.0,96.23,15.39,784.89,15.98,1518.1,9.0,Sunny,Medium,On Time,3.2
1640,BUS11640,TS29C1750,2024-03-11,Pune,R114,Hinjewadi-Swargate,Hinjewadi Stop,Swargate Stop,12:40,16:14,66.0,Electric,49,14.0,28.57,31.1,435.4,3.43,41.16,37.0,Sunny,Medium,Delayed,2.4
1675,BUS11675,UP28B1534,2025-04-24,Chennai,B125,Tambaram-Parrys,Tambaram Junction,Parrys Terminal,06:00,07:05,18.1,Non-AC,48,33.0,68.75,16.32,538.56,5.17,491.15,13.0,Cloudy,High,Delayed,2.6
1514,BUS11514,WB81C7036,2025-10-17,Bengaluru,L64,Yeshwanthpur-Silk Board,Yeshwanthpur Stand,Silk Board Stop,17:10,18:16,24.8,AC,39,7.0,17.95,36.11,252.77,10.11,960.45,0.0,Rainy,Medium,On Time,3.2
1250,BUS11250,RJ88A2451,2025-04-13,Ahmedabad,R17,Vastrapur-Kalupur,Vastrapur Stand,Kalupur Terminal,09:30,16:30,113.7,Electric,43,24.0,55.81,29.88,717.12,9.78,117.36,13.0,Foggy,High,Delayed,3.9
112,BUS10112,TN89B8824,2024-02-02,Pune,B276,Wagholi-Katraj,Wagholi Terminal,Katraj Junction,14:50,18:13,93.8,Mini Bus,33,23.0,69.7,22.27,512.21,22.78,2164.1,5.0,,Medium,On Time,4.5
1544,BUS11544,TS71B6132,2024-09-23,Mumbai,R132,Andheri-Dadar,Andheri Terminal,Dadar Terminal,21:10,23:49,91.1,Mini Bus,31,32.0,103.23,25.67,821.44,22.81,2166.95,7.0,Cloudy,Low,On Time,4.1
79,BUS10079,WB61A6489,2025-03-22,Lucknow,R203,Vikas Nagar-Kaiserbagh,Vikas Nagar Stand,Kaiserbagh Junction,15:30,22:29,102.5,AC,45,33.0,73.33,34.12,1125.96,33.35,3168.25,14.0,Cloudy,High,Delayed,3.0
502,BUS10502,RJ49C8708,2024-05-15,Chennai,L20,Porur-Egmore,Porur Junction,Egmore Terminal,11:25,13:11,39.0,Non-AC,42,15.0,35.71,24.62,369.3,14.5,1377.5,10.0,Sunny,Medium,On Time,4.4
593,BUS10593,UP51C2707,2025-11-18,Bengaluru,R39,Marathahalli-Banashankari,Marathahalli Stand,Banashankari Stand,09:35,10:31,39.6,Non-AC,53,45.0,84.91,20.08,903.6,12.82,1217.9,2.0,Foggy,Low,On Time,4.1
475,BUS10475,TN44A9635,2024-04-03,Ahmedabad,L236,Maninagar-Gota,Maninagar Junction,Gota Stand,06:00,12:30,91.9,AC,38,14.0,36.84,39.27,549.78,25.89,2459.55,33.0,Foggy,High,Delayed,3.3
856,BUS10856,MH95C1748,2024-03-14,Bengaluru,R121,Marathahalli-Banashankari,Marathahalli Junction,Banashankari Terminal,08:35,09:29,5.8,AC,48,8.0,16.67,33.91,271.28,1.99,189.05,45.0,Cloudy,Low,Delayed,3.8
366,BUS10366,DL27C8913,2024-05-30,Bengaluru,L264,Whitefield-Majestic,Whitefield Junction,Majestic Stand,22:05,06:46,108.2,Mini Bus,25,29.0,116.0,24.58,712.82,21.74,2065.3,0.0,Cloudy,High,On Time,4.4
1620,BUS11620,UP30B1723,2025-01-28,Bengaluru,B25,Marathahalli-Banashankari,Marathahalli Junction,Banashankari Junction,20:50,22:46,35.1,Mini Bus,27,2.0,7.41,19.26,38.52,7.92,752.4,0.0,Rainy,High,On Time,4.3
797,BUS10797,DL77B9393,2025-07-19,Pune,R170,Kothrud-Viman Nagar,Kothrud Stop,Viman Nagar Stand,20:25,22:59,69.4,Non-AC,41,5.0,12.2,22.64,113.2,21.13,2007.35,0.0,Cloudy,Medium,On Time,3.1
1020,BUS11020,KA49C8060,2025-03-31,Hyderabad,R265,Dilsukhnagar-Ameerpet,Dilsukhnagar Stand,Ameerpet Terminal,16:10,18:09,57.1,Mini Bus,29,5.0,17.24,18.44,92.2,15.91,1511.45,8.0,Foggy,Medium,On Time,3.4
1612,BUS11612,TS99C4263,2025-07-10,Lucknow,B273,Vikas Nagar-Kaiserbagh,Vikas Nagar Junction,Kaiserbagh Stop,08:05,09:19,22.6,Mini Bus,30,11.0,36.67,12.25,134.75,5.71,542.45,0.0,Cloudy,High,On Time,4.0
121,BUS10121,GJ23B6843,2025-11-09,Pune,R210,Wagholi-Katraj,Wagholi Terminal,Katraj Junction,21:40,23:38,39.8,AC,43,43.0,100.0,23.58,1013.94,13.87,1317.65,31.0,Cloudy,Medium,Delayed,3.2
515,BUS10515,TN78A4321,2025-09-20,Ahmedabad,L246,Vastrapur-Kalupur,Vastrapur Stand,Kalupur Stand,15:05,21:13,97.2,Electric,37,3.0,8.11,31.69,95.07,7.66,91.92,5.0,Rainy,High,On Time,4.6
1432,BUS11432,RJ38B2617,2024-05-23,Mumbai,L39,Powai-Churchgate,Powai Junction,Churchgate Stand,20:50,23:36,93.6,Non-AC,47,6.0,12.77,29.91,179.46,35.21,3344.95,0.0,Foggy,Medium,On Time,3.1
1323,BUS11323,DL52A9035,2025-04-21,Pune,B247,Aundh-Camp,Aundh Stop,Camp Terminal,18:40,20:31,14.2,AC,53,53.0,100.0,29.5,1563.5,4.46,423.7,88.0,Cloudy,Low,Delayed,3.2
592,BUS10592,TN91B4759,2025-03-03,Delhi,B93,Dwarka-ITO,Dwarka Junction,ITO Stop,19:30,00:02,67.8,Electric,45,11.0,24.44,31.78,349.58,6.05,72.6,0.0,Cloudy,High,On Time,3.4
782,BUS10782,TS72B5058,2024-05-28,Delhi,L48,Rajouri Garden-Anand Vihar,Rajouri Garden Stop,Anand Vihar Stop,17:35,20:02,65.9,Electric,34,10.0,29.41,25.56,255.6,4.64,55.68,0.0,Rainy,Medium,On Time,3.1
494,BUS10494,UP15C5789,2025-04-20,Ahmedabad,R251,Maninagar-Gota,Maninagar Stand,Gota Stand,21:25,23:27,68.9,AC,37,32.0,86.49,40.41,1293.12,20.85,1980.75,28.0,Rainy,Low,Delayed,2.1
1745,BUS11745,GJ89A4928,2024-06-20,Kolkata,B231,Salt Lake-Howrah,Salt Lake Terminal,Howrah Junction,10:50,14:32,111.0,AC,48,29.0,60.42,43.66,1266.14,36.07,3426.65,0.0,Foggy,Medium,On Time,3.6
1366,BUS11366,GJ59B4064,2025-06-30,Lucknow,B202,Gomti Nagar-Charbagh,Gomti Nagar Stand,Charbagh Junction,20:55,23:37,102.9,AC,47,28.0,59.57,47.79,1338.12,38.96,3701.2,0.0,Rainy,Low,On Time,4.9
1966,BUS11966,KA93A4466,2024-05-28,Kolkata,B245,Garia-Esplanade,Garia Stand,Esplanade Stop,10:40,12:12,24.7,AC,47,44.0,93.62,19.67,865.48,7.49,711.55,6.0,Sunny,High,On Time,3.3
1218,BUS11218,TN35B3453,2024-06-24,Bengaluru,R143,Electronic City-Hebbal,Electronic City Terminal,Hebbal Terminal,05:25,08:38,58.1,Mini Bus,26,5.0,19.23,21.65,108.25,12.72,1208.4,90.0,Cloudy,Medium,Delayed,2.5
1839,BUS11839,UP16B7554,2024-03-25,Hyderabad,L76,Uppal-Mehdipatnam,Uppal Terminal,Mehdipatnam Stop,17:05,21:02,52.7,Mini Bus,25,24.0,96.0,19.22,461.28,11.39,1082.05,29.0,Rainy,High,Delayed,2.4
613,BUS10613,DL17C8158,2024-11-25,Mumbai,B72,Borivali-Colaba,Borivali Junction,Colaba Junction,09:00,10:20,25.0,Mini Bus,35,18.0,51.43,15.15,272.7,5.83,553.85,2.0,Cloudy,High,On Time,4.8
1222,BUS11222,UP61C9911,2025-02-18,Chennai,R7,Anna Nagar-Guindy,Anna Nagar Stand,Guindy Terminal,12:55,13:44,13.9,Electric,36,35.0,97.22,14.68,513.8,1.23,14.76,0.0,Cloudy,High,On Time,3.1
251,BUS10251,GJ43B1391,2025-10-24,Mumbai,B118,Borivali-Colaba,Borivali Junction,Colaba Terminal,14:20,14:30,6.6,Electric,34,28.0,82.35,18.47,517.16,0.45,5.4,0.0,Sunny,Low,On Time,3.7
1,BUS10001,WB84A9313,2024-08-07,Pune,B25,Kothrud-Viman Nagar,Kothrud Stand,Viman Nagar Stand,06:05,07:30,54.9,AC,42,37.0,88.1,31.17,1153.29,22.88,2173.6,4.0,Sunny,Low,On Time,4.1
1676,BUS11676,UP32B6893,2024-06-27,Pune,B178,Aundh-Camp,Aundh Stop,Camp Stand,16:50,20:49,92.7,AC,49,9.0,18.37,38.76,348.84,33.86,3216.7,20.0,Foggy,Medium,Delayed,3.7
168,BUS10168,RJ51A8055,2024-04-01,Pune,B244,Hinjewadi-Swargate,Hinjewadi Junction,Swargate Terminal,11:40,14:32,52.0,Non-AC,47,56.0,119.15,18.99,1063.44,13.24,1257.8,54.0,Cloudy,Medium,Delayed,3.8
355,BUS10355,WB57C3318,2025-06-28,Ahmedabad,R206,Maninagar-Gota,Maninagar Junction,Gota Stop,17:10,17:19,5.8,Electric,41,0.0,0.0,22.78,0.0,0.39,4.68,0.0,Sunny,Low,Cancelled,1.2
484,BUS10484,UP81C9516,2024-11-21,Mumbai,B60,Thane-CST,Thane Junction,CST Stop,19:20,22:02,114.6,AC,36,0.0,0.0,50.16,0.0,47.92,4552.4,4.0,Cloudy,Low,On Time,4.4
1428,BUS11428,DL99A2758,2024-11-07,Chennai,B10,Velachery-T Nagar,Velachery Terminal,T Nagar Junction,13:55,16:25,87.0,AC,38,35.0,92.11,36.99,1294.65,24.89,2364.55,15.0,Cloudy,Low,Delayed,4.0
908,BUS10908,GJ39A1078,2024-02-19,Jaipur,R29,Mansarovar-Amer,Mansarovar Stand,Amer Stop,11:20,12:54,55.2,Mini Bus,30,1.0,3.33,22.82,22.82,14.63,1389.85,15.0,Cloudy,Low,Delayed,2.5
427,BUS10427,TN94B3662,2025-08-10,Delhi,R113,Noida-Nehru Place,Noida Stop,Nehru Place Stop,18:25,19:08,11.0,Non-AC,54,0.0,0.0,11.57,0.0,4.06,385.7,0.0,Rainy,High,Cancelled,
791,BUS10791,WB44C4905,2025-04-21,Hyderabad,R269,Dilsukhnagar-Ameerpet,Dilsukhnagar Stand,Ameerpet Junction,22:15,22:55,20.2,AC,55,32.0,58.18,29.8,953.6,8.19,778.05,0.0,Foggy,Medium,On Time,3.4
1284,BUS11284,RJ99B9971,2025-01-14,Jaipur,L80,Mansarovar-Amer,Mansarovar Junction,Amer Stand,05:20,12:33,104.0,AC,40,22.0,55.0,35.74,786.28,33.83,3213.85,0.0,Foggy,High,On Time,4.0
1637,BUS11637,TN78C1415,2025-02-11,Chennai,R210,Anna Nagar-Guindy,Anna Nagar Stop,Guindy Terminal,12:25,14:16,77.7,AC,42,0.0,0.0,30.93,0.0,22.64,2150.8,0.0,Cloudy,Low,On Time,4.8
306,BUS10306,TS38C1999,2024-12-15,Pune,L75,Hinjewadi-Swargate,Hinjewadi Stand,Swargate Stop,05:45,12:53,108.7,Electric,38,15.0,39.47,31.76,476.4,6.94,83.28,0.0,Sunny,High,On Time,4.4
1003,BUS11003,TN28A4522,2025-06-05,Bengaluru,L118,Jayanagar-KR Puram,Jayanagar Junction,KR Puram Stand,12:35,15:24,86.5,AC,45,0.0,0.0,32.91,0.0,35.27,3350.65,0.0,Cloudy,Medium,Cancelled,1.2
239,BUS10239,MH77B9078,2024-02-23,Bengaluru,R286,Jayanagar-KR Puram,Jayanagar Junction,KR Puram Junction,08:10,14:57,101.4,AC,47,44.0,93.62,31.02,1364.88,40.86,3881.7,0.0,Foggy,High,On Time,4.0
1527,BUS11527,DL90B9876,2024-04-26,Delhi,R56,Saket-Karol Bagh,Saket Stop,Karol Bagh Stop,11:00,12:15,26.4,Mini Bus,34,20.0,58.82,14.02,280.4,6.16,585.2,6.0,Sunny,Medium,On Time,
823,BUS10823,DL37A6942,2024-08-09,Delhi,R135,Noida-Nehru Place,Noida Terminal,Nehru Place Junction,05:20,06:27,18.7,Non-AC,49,6.0,12.24,20.75,124.5,6.44,611.8,3.0,Rainy,High,On Time,4.3
834,BUS10834,DL39B1022,2025-10-15,Lucknow,L283,Vikas Nagar-Kaiserbagh,Vikas Nagar Stop,Kaiserbagh Terminal,15:15,18:06,112.7,Mini Bus,34,1.0,2.94,24.82,24.82,25.1,2384.5,2.0,Foggy,Low,On Time,3.7
269,BUS10269,UP81C6939,2025-04-05,Mumbai,L272,Kurla-Bandra,Kurla Stop,Bandra Junction,13:10,15:42,106.8,Electric,50,11.0,22.0,32.17,353.87,8.32,99.84,0.0,Sunny,Low,On Time,3.3
155,BUS10155,KA42B6709,2024-01-30,Mumbai,L151,Borivali-Colaba,Borivali Stop,Colaba Junction,15:30,16:24,15.9,Mini Bus,27,26.0,96.3,13.69,355.94,3.4,323.0,0.0,Rainy,High,On Time,4.8
1668,BUS11668,MH10A1653,2025-07-27,Kolkata,R270,Behala-Sealdah,Behala Stand,Sealdah Junction,21:10,04:49,105.5,Electric,50,52.0,104.0,39.08,2032.16,8.91,106.92,7.0,Sunny,High,On Time,3.4
743,BUS10743,TS53A1217,2024-01-04,Delhi,L216,Rohini-Connaught Place,Rohini Junction,Connaught Place Stop,15:30,18:25,30.6,AC,42,9.0,21.43,24.66,221.94,11.71,1112.45,45.0,Cloudy,High,Delayed,3.7
887,BUS10887,MH56C4753,2024-09-10,Pune,B12,Aundh-Camp,Aundh Junction,Camp Terminal,09:45,13:54,108.4,Non-AC,47,15.0,31.91,33.39,500.85,29.49,2801.55,0.0,Cloudy,Medium,On Time,3.1
1295,BUS11295,TN12A2161,2024-02-16,Jaipur,B182,Vaishali Nagar-Badi Chaupar,Vaishali Nagar Junction,Badi Chaupar Stand,16:45,23:19,101.3,AC,51,54.0,105.88,48.86,2638.44,30.72,2918.4,0.0,Sunny,High,On Time,4.9
115,BUS10115,RJ41A6239,2025-11-30,Bengaluru,B46,Yeshwanthpur-Silk Board,Yeshwanthpur Junction,Silk Board Stand,19:15,21:09,71.6,Non-AC,51,9.0,17.65,30.43,273.87,17.99,1709.05,14.0,Rainy,Low,Delayed,2.3
1427,BUS11427,UP60A9951,2024-01-13,Hyderabad,B50,LB Nagar-Miyapur,LB Nagar Terminal,Miyapur Junction,22:05,00:22,26.4,Mini Bus,26,9.0,34.62,15.09,135.81,6.54,621.3,19.0,Foggy,High,Delayed,3.9
1754,BUS11754,RJ54A8894,2024-06-09,Pune,R96,Hadapsar-Shivajinagar,Hadapsar Stand,Shivajinagar Terminal,14:40,15:13,17.9,Mini Bus,28,11.0,39.29,13.4,147.4,4.59,436.05,4.0,Foggy,Low,On Time,4.0
976,BUS10976,TS32C3242,2024-01-05,Jaipur,L196,Mansarovar-Amer,Mansarovar Junction,Amer Terminal,05:10,06:09,20.2,AC,44,49.0,111.36,32.96,1615.04,6.58,625.1,0.0,Foggy,High,On Time,3.1
274,BUS10274,WB52B3329,2024-06-29,Lucknow,B199,Alambagh-Aliganj,Alambagh Stand,Aliganj Junction,05:45,13:04,102.5,AC,49,34.0,69.39,35.53,1208.02,33.45,3177.75,0.0,Sunny,High,On Time,
1824,BUS11824,GJ97B6378,2025-07-22,Ahmedabad,R253,Satellite-Vastral,Satellite Stop,Vastral Stop,20:05,22:24,43.9,AC,38,20.0,52.63,41.22,824.4,13.61,1292.95,25.0,Cloudy,Medium,Delayed,3.5
1115,BUS11115,KA39A9490,2025-03-13,Chennai,B149,Tambaram-Parrys,Tambaram Junction,Parrys Stand,18:35,20:16,62.5,AC,42,30.0,71.43,33.14,994.2,25.75,2446.25,4.0,Foggy,Low,On Time,3.4
211,BUS10211,WB11A2900,2024-12-05,Delhi,R226,Dwarka-ITO,Dwarka Junction,ITO Stop,17:15,20:16,80.2,Mini Bus,28,30.0,107.14,22.77,683.1,14.55,1382.25,0.0,Foggy,Medium,On Time,3.9
227,BUS10227,KA74A2335,2024-04-02,Pune,B46,Kothrud-Viman Nagar,Kothrud Stand,Viman Nagar Stand,22:15,01:04,74.5,AC,39,34.0,87.18,45.07,1532.38,25.12,2386.4,4.0,Sunny,Medium,On Time,4.7
1998,BUS11998,DL92A8766,2024-12-25,Jaipur,L92,Malviya Nagar-Sindhi Camp,Malviya Nagar Junction,Sindhi Camp Terminal,11:25,12:48,17.2,Mini Bus,33,38.0,115.15,11.4,433.2,3.11,295.45,26.0,Sunny,High,Delayed,2.4
1095,BUS11095,TS84C4065,2024-07-25,Pune,L171,Hinjewadi-Swargate,Hinjewadi Terminal,Swargate Junction,10:30,15:52,97.9,AC,55,50.0,90.91,36.2,1810.0,27.76,2637.2,0.0,Cloudy,High,On Time,
909,BUS10909,TN70B2624,2024-07-05,Ahmedabad,L173,Maninagar-Gota,Maninagar Terminal,Gota Stop,18:35,19:44,32.2,Non-AC,56,5.0,8.93,22.21,111.05,8.16,775.2,4.0,Foggy,Medium,On Time,4.3
870,BUS10870,WB41C4245,2025-09-18,Bengaluru,R111,Electronic City-Hebbal,Electronic City Terminal,Hebbal Stand,08:00,08:22,10.4,AC,46,51.0,110.87,35.93,1832.43,3.21,304.95,0.0,Rainy,Medium,On Time,3.5
1375,BUS11375,UP12C9902,2024-11-22,Chennai,R297,Tambaram-Parrys,Tambaram Junction,Parrys Stop,08:25,14:38,75.6,Non-AC,47,46.0,97.87,29.33,1349.18,21.12,2006.4,10.0,Foggy,High,On Time,3.9
1939,BUS11939,RJ16A7688,2024-01-23,Lucknow,L244,Chinhat-Aminabad,Chinhat Stand,Aminabad Junction,05:25,07:21,58.3,Non-AC,56,23.0,41.07,20.63,474.49,17.0,1615.0,8.0,Foggy,Medium,On Time,4.6
300,BUS10300,KA58B4761,2024-04-01,Hyderabad,L227,Gachibowli-Koti,Gachibowli Junction,Koti Junction,19:45,01:17,95.4,AC,41,,73.17,29.67,890.1,31.41,,10.0,Sunny,High,On Time,3.9
1176,BUS11176,MH81C2095,2025-08-02,Mumbai,R212,Thane-CST,Thane Stand,CST Terminal,18:25,18:46,7.1,Non-AC,48,15.0,31.25,19.19,287.85,1.82,172.9,12.0,Cloudy,Low,Delayed,2.2
478,BUS10478,MH94B9538,2024-04-24,Chennai,R189,Velachery-T Nagar,Velachery Junction,T Nagar Stop,11:50,13:40,30.3,Electric,31,7.0,22.58,25.84,180.88,2.14,25.68,0.0,Rainy,High,On Time,3.5
1547,BUS11547,DL13C3451,2024-07-22,Jaipur,L253,Mansarovar-Amer,Mansarovar Terminal,Amer Stop,08:25,13:17,85.8,Electric,46,33.0,71.74,35.33,1165.89,5.06,60.72,0.0,Sunny,High,On Time,4.8
1119,BUS11119,KA55A6858,2024-10-28,Bengaluru,R249,Yeshwanthpur-Silk Board,Yeshwanthpur Junction,Silk Board Stop,22:10,23:43,65.8,Mini Bus,31,2.0,6.45,18.41,36.82,12.31,1169.45,0.0,Sunny,Low,On Time,3.4
356,BUS10356,WB70C8938,2025-11-26,Lucknow,L83,Chinhat-Aminabad,Chinhat Stop,Aminabad Stop,20:25,00:00,72.2,Non-AC,52,27.0,51.92,29.55,797.85,23.41,2223.95,0.0,Rainy,High,On Time,4.9
1959,BUS11959,UP10A1268,2025-06-09,Mumbai,B229,Thane-CST,Thane Stop,CST Junction,20:15,22:00,60.5,AC,40,42.0,105.0,27.94,1173.48,19.42,1844.9,17.0,Foggy,Low,Delayed,3.8
1369,BUS11369,TN62C6206,2024-01-17,Jaipur,B290,Vaishali Nagar-Badi Chaupar,Vaishali Nagar Terminal,Badi Chaupar Junction,19:25,21:01,56.1,Mini Bus,28,17.0,60.71,19.1,324.7,13.2,1254.0,10.0,Cloudy,Low,On Time,3.4
673,BUS10673,GJ33A9822,2025-04-22,Lucknow,B237,Vikas Nagar-Kaiserbagh,Vikas Nagar Stop,Kaiserbagh Junction,09:20,11:04,33.1,Non-AC,54,1.0,1.85,24.59,24.59,12.54,1191.3,14.0,Foggy,Medium,Delayed,3.3
1288,BUS11288,GJ25C1938,2025-03-03,Mumbai,R59,Powai-Churchgate,Powai Terminal,Churchgate Junction,15:35,17:32,79.7,Non-AC,51,36.0,70.59,20.94,753.84,29.42,2794.9,0.0,Cloudy,Low,On Time,4.2
1526,BUS11526,GJ79A8337,2025-09-08,Lucknow,R37,Alambagh-Aliganj,Alambagh Stop,Aliganj Terminal,10:30,13:59,73.2,Non-AC,59,68.0,115.25,27.09,1842.12,23.18,2202.1,0.0,Sunny,High,On Time,3.2
260,BUS10260,TN67B8694,2025-03-30,Mumbai,B166,Kurla-Bandra,Kurla Stand,Bandra Terminal,17:05,18:56,31.9,Electric,33,13.0,39.39,15.81,205.53,2.89,34.68,55.0,Foggy,Medium,Delayed,3.6
1718,BUS11718,TN92C6785,2024-10-03,Mumbai,R215,Borivali-Colaba,Borivali Stop,Colaba Junction,07:35,09:56,75.1,Electric,47,14.0,29.79,29.08,407.12,7.3,87.6,26.0,Sunny,Low,Delayed,2.7
889,BUS10889,KA49C3666,2024-05-29,Ahmedabad,R243,Satellite-Vastral,Satellite Stand,Vastral Junction,11:40,18:49,95.3,AC,38,18.0,47.37,31.46,566.28,27.0,2565.0,72.0,Cloudy,High,Delayed,3.8
1787,BUS11787,MH29B2516,2024-07-05,Bengaluru,R207,Jayanagar-KR Puram,Jayanagar Stop,KR Puram Terminal,14:00,15:41,64.7,Non-AC,43,44.0,102.33,19.8,871.2,16.33,1551.35,4.0,Sunny,Low,On Time,3.8
631,BUS10631,RJ91B9629,2025-01-31,Hyderabad,L263,Gachibowli-Koti,Gachibowli Terminal,Koti Terminal,12:25,12:59,16.0,Mini Bus,29,16.0,55.17,10.27,164.32,3.38,321.1,6.0,Foggy,Medium,On Time,3.6
1061,BUS11061,MH68C8524,2024-12-03,Kolkata,B112,Dum Dum-Park Street,Dum Dum Stand,Park Street Junction,19:20,03:12,102.1,Non-AC,57,59.0,103.51,24.55,1448.45,34.56,3283.2,0.0,Cloudy,High,On Time,3.8
1880,BUS11880,UP15C1880,2025-03-24,Jaipur,L205,Malviya Nagar-Sindhi Camp,Malviya Nagar Junction,Sindhi Camp Terminal,07:25,10:25,62.7,AC,42,46.0,109.52,40.43,1859.78,19.74,1875.3,0.0,Foggy,High,On Time,3.4
335,BUS10335,TN42A8773,2025-10-17,Mumbai,B132,Powai-Churchgate,Powai Terminal,Churchgate Stand,16:55,19:31,57.1,Non-AC,58,4.0,6.9,18.82,75.28,17.96,1706.2,11.0,Cloudy,Medium,Delayed,2.7
1026,BUS11026,TS54A9875,2024-12-22,Chennai,R156,Tambaram-Parrys,Tambaram Junction,Parrys Stand,21:10,22:39,65.7,Electric,32,32.0,100.0,25.81,825.92,6.42,77.04,0.0,Rainy,Low,On Time,4.0
975,BUS10975,UP72C3898,2025-02-18,Bengaluru,R35,Whitefield-Majestic,Whitefield Stop,Majestic Junction,07:10,14:34,118.3,Mini Bus,33,4.0,12.12,32.43,129.72,26.44,2511.8,0.0,Foggy,High,On Time,3.4
671,BUS10671,TS14A9582,2024-12-15,Pune,L75,Wagholi-Katraj,Wagholi Terminal,Katraj Stop,15:55,19:56,72.0,Mini Bus,32,11.0,34.38,20.88,229.68,17.24,1637.8,86.0,Rainy,Medium,Delayed,3.4
293,BUS10293,DL71B5223,2024-06-03,Delhi,B253,Rohini-Connaught Place,Rohini Terminal,Connaught Place Stop,20:10,20:55,10.7,Non-AC,46,46.0,100.0,18.29,841.34,3.38,321.1,0.0,Rainy,High,On Time,
1025,BUS11025,KA32A2453,2024-08-15,Pune,B275,Kothrud-Viman Nagar,Kothrud Stop,Viman Nagar Terminal,06:55,09:23,77.2,AC,39,27.0,69.23,45.54,1229.58,27.05,2569.75,0.0,Cloudy,Medium,On Time,3.8
1066,BUS11066,UP39C8630,2024-07-24,Delhi,B72,Rohini-Connaught Place,Rohini Stop,Connaught Place Stand,07:25,10:39,100.8,Electric,49,0.0,0.0,34.35,0.0,6.84,82.08,0.0,Rainy,Medium,Cancelled,1.9
547,BUS10547,TN94B8827,2024-02-16,Chennai,B75,Adyar-Broadway,Adyar Junction,Broadway Junction,13:05,14:43,73.0,Non-AC,48,35.0,72.92,21.87,765.45,19.64,1865.8,0.0,Foggy,Low,On Time,4.9
145,BUS10145,UP44C4491,2024-08-17,Kolkata,R197,Behala-Sealdah,Behala Junction,Sealdah Stand,14:05,15:17,46.4,AC,46,28.0,60.87,27.46,768.88,13.38,1271.1,6.0,Foggy,Low,On Time,4.2
1565,BUS11565,TN56B3826,2024-10-31,Chennai,B270,Tambaram-Parrys,Tambaram Terminal,Parrys Junction,06:40,07:59,27.6,Non-AC,54,20.0,37.04,15.75,315.0,9.05,859.75,5.0,Rainy,Medium,On Time,4.1
581,BUS10581,UP43A6806,2024-06-05,Hyderabad,B185,Gachibowli-Koti,Gachibowli Stop,Koti Stand,10:40,15:03,50.7,Non-AC,53,34.0,64.15,24.91,846.94,16.99,1614.05,36.0,Foggy,High,Delayed,3.7
330,BUS10330,GJ71A7332,2025-10-07,Kolkata,L152,Garia-Esplanade,Garia Stop,Esplanade Terminal,10:00,12:57,43.6,Non-AC,58,50.0,86.21,20.79,1039.5,15.83,1503.85,22.0,,High,Delayed,2.4
1035,BUS11035,TS38A7446,2024-05-31,Hyderabad,R18,Gachibowli-Koti,Gachibowli Terminal,Koti Terminal,10:10,16:15,118.2,AC,45,15.0,33.33,32.85,492.75,39.83,3783.85,12.0,Rainy,High,Delayed,2.6
420,BUS10420,GJ37A1135,2025-08-05,Bengaluru,L264,Whitefield-Majestic,Whitefield Stop,Majestic Stop,22:30,23:44,46.5,Mini Bus,30,0.0,0.0,18.27,0.0,11.28,1071.6,0.0,Rainy,Low,Cancelled,2.5
1685,BUS11685,GJ19C9039,2024-06-07,Hyderabad,L30,Gachibowli-Koti,Gachibowli Junction,Koti Terminal,20:30,20:57,9.6,Mini Bus,32,19.0,59.38,16.21,307.99,2.61,247.95,0.0,Cloudy,High,On Time,
1818,BUS11818,KA69A6896,2024-08-21,Hyderabad,R61,Dilsukhnagar-Ameerpet,Dilsukhnagar Terminal,Ameerpet Terminal,13:25,18:30,49.6,Non-AC,57,7.0,12.28,25.62,179.34,15.65,1486.75,70.0,Cloudy,High,Delayed,2.0
1262,BUS11262,TN25C2400,2025-11-11,Mumbai,B267,Andheri-Dadar,Andheri Junction,Dadar Stand,13:10,18:08,91.1,Non-AC,55,25.0,45.45,30.78,769.5,29.24,2777.8,8.0,Rainy,High,On Time,4.5
1214,BUS11214,MH90A8813,2025-06-06,Pune,L264,Wagholi-Katraj,Wagholi Junction,Katraj Junction,08:45,09:08,6.9,Non-AC,54,43.0,79.63,18.0,774.0,1.88,178.6,0.0,Cloudy,High,On Time,3.8
1516,BUS11516,GJ93C5757,2024-12-16,Kolkata,R273,Behala-Sealdah,Behala Stop,Sealdah Stop,15:20,20:53,102.1,Mini Bus,31,32.0,103.23,29.25,936.0,19.25,1828.75,7.0,Foggy,High,On Time,3.8
1999,BUS11999,MH27B1795,2025-04-03,Chennai,L181,Tambaram-Parrys,Tambaram Stop,Parrys Terminal,21:55,23:33,8.7,Mini Bus,34,4.0,11.76,14.43,57.72,1.81,171.95,78.0,Cloudy,Medium,Delayed,3.2
1942,BUS11942,DL18A3139,2025-09-30,Mumbai,L259,Borivali-Colaba,Borivali Stop,Colaba Terminal,05:15,08:16,106.4,AC,44,17.0,38.64,38.8,659.6,31.46,2988.7,19.0,Foggy,Low,Delayed,3.0
770,BUS10770,UP20B5818,2025-12-13,Delhi,R223,Noida-Nehru Place,Noida Junction,Nehru Place Stand,06:20,08:51,91.8,Non-AC,42,1.0,2.38,29.57,29.57,26.58,2525.1,0.0,Sunny,Low,On Time,3.5
298,BUS10298,GJ79B6847,2025-05-02,Mumbai,L55,Andheri-Dadar,Andheri Junction,Dadar Junction,06:45,11:04,109.7,AC,53,41.0,77.36,43.11,1767.51,30.91,2936.45,10.0,Cloudy,Medium,On Time,3.0
706,BUS10706,RJ97C3270,2025-09-08,Mumbai,B7,Powai-Churchgate,Powai Stand,Churchgate Stop,08:50,15:15,111.1,Non-AC,51,61.0,119.61,26.53,1618.33,39.37,3740.15,13.0,Cloudy,High,Delayed,3.1
409,BUS10409,TS13B6611,2025-11-25,Lucknow,R258,Vikas Nagar-Kaiserbagh,Vikas Nagar Stand,Kaiserbagh Junction,20:30,21:24,30.1,AC,55,30.0,54.55,39.49,1184.7,9.71,922.45,0.0,Foggy,Medium,On Time,4.3
1373,BUS11373,DL95A1015,2025-11-02,Pune,R177,Hinjewadi-Swargate,Hinjewadi Stop,Swargate Stop,18:25,23:07,75.4,Mini Bus,26,9.0,34.62,21.25,191.25,20.69,1965.55,1.0,Rainy,High,On Time,4.1
1063,BUS11063,UP63C4239,2024-09-05,Ahmedabad,R133,Maninagar-Gota,Maninagar Stop,Gota Junction,21:40,23:18,64.1,Electric,47,5.0,10.64,26.89,134.45,5.52,66.24,0.0,Sunny,Low,On Time,3.9
607,BUS10607,UP42A6173,2024-03-10,Kolkata,L157,Behala-Sealdah,Behala Junction,Sealdah Stop,14:40,16:37,36.9,AC,35,32.0,91.43,23.03,736.96,13.15,1249.25,0.0,Cloudy,High,On Time,3.5
1540,BUS11540,TS80A8197,2024-07-21,Kolkata,L14,Garia-Esplanade,Garia Terminal,Esplanade Stand,20:20,21:03,15.1,Non-AC,48,2.0,4.17,17.97,35.94,4.51,428.45,21.0,Sunny,Low,Delayed,2.7
893,BUS10893,DL77C7866,2025-04-12,Kolkata,B263,Garia-Esplanade,Garia Junction,Esplanade Terminal,19:20,23:54,57.5,Non-AC,52,18.0,34.62,20.32,365.76,17.76,1687.2,18.0,Foggy,High,Delayed,2.8
498,BUS10498,GJ11A7630,2025-08-15,Lucknow,L123,Alambagh-Aliganj,Alambagh Terminal,Aliganj Stand,19:40,02:23,112.7,Non-AC,40,31.0,77.5,36.01,1116.31,31.12,2956.4,9.0,Foggy,High,On Time,3.4
108,BUS10108,UP61B1990,2025-12-22,Hyderabad,L186,Gachibowli-Koti,Gachibowli Terminal,Koti Junction,15:50,17:09,42.2,Mini Bus,33,29.0,87.88,16.57,480.53,9.27,880.65,0.0,Rainy,Medium,On Time,4.9
1310,BUS11310,WB40A8516,2025-02-08,Pune,R247,Hadapsar-Shivajinagar,Hadapsar Stop,Shivajinagar Terminal,15:45,19:52,54.7,Non-AC,53,42.0,79.25,20.23,849.66,17.11,1625.45,10.0,Sunny,High,On Time,3.4
1106,BUS11106,RJ12B9436,2024-03-15,Pune,R57,Aundh-Camp,Aundh Junction,Camp Stand,12:45,,61.1,Mini Bus,30,15.0,50.0,22.08,331.2,12.62,1198.9,0.0,Cloudy,,On Time,3.9
126,BUS10126,GJ79B5996,2024-07-25,Kolkata,B156,Salt Lake-Howrah,Salt Lake Terminal,Howrah Stop,09:00,11:06,28.9,Electric,44,42.0,95.45,15.1,634.2,1.9,22.8,13.0,Sunny,High,Delayed,2.8
471,BUS10471,DL36C6173,2024-05-12,Lucknow,R184,Vikas Nagar-Kaiserbagh,Vikas Nagar Stop,Kaiserbagh Terminal,18:00,23:25,77.6,Electric,39,42.0,107.69,31.25,1312.5,7.54,90.48,35.0,Cloudy,High,Delayed,3.2
421,BUS10421,DL97C3876,2025-02-06,Kolkata,B57,Behala-Sealdah,Behala Junction,Sealdah Stand,14:00,17:28,63.3,AC,44,29.0,65.91,34.91,1012.39,24.49,2326.55,10.0,Rainy,High,On Time,3.6
742,BUS10742,RJ61A4783,2024-12-21,Lucknow,B242,Chinhat-Aminabad,Chinhat Terminal,Aminabad Terminal,18:40,20:56,80.2,Mini Bus,28,32.0,114.29,23.36,747.52,14.53,1380.35,4.0,Cloudy,Low,On Time,3.3
1208,BUS11208,DL86B7083,2025-01-28,Lucknow,R71,Alambagh-Aliganj,Alambagh Junction,Aliganj Stop,13:35,15:01,50.7,Non-AC,46,54.0,117.39,27.35,1476.9,18.24,1732.8,0.0,Sunny,Low,On Time,4.5
1934,BUS11934,TS47A9650,2025-12-07,Lucknow,L132,Chinhat-Aminabad,Chinhat Stop,Aminabad Stop,15:45,19:36,100.4,AC,45,4.0,8.89,41.84,167.36,42.13,4002.35,12.0,Sunny,Medium,Delayed,3.7
247,BUS10247,TN25A2291,2025-05-13,Hyderabad,R73,Gachibowli-Koti,Gachibowli Junction,Koti Stop,15:00,22:22,104.0,Mini Bus,35,,62.86,28.67,630.74,20.12,1911.4,0.0,Foggy,High,On Time,4.5
1230,BUS11230,GJ31B1740,2024-07-19,Kolkata,L17,Jadavpur-Barasat,Jadavpur Stand,Barasat Junction,11:55,15:47,61.3,Non-AC,43,13.0,30.23,18.8,244.4,16.42,1559.9,0.0,Sunny,High,On Time,3.8
268,BUS10268,MH78A2653,2024-07-03,Lucknow,R169,Gomti Nagar-Charbagh,Gomti Nagar Junction,Charbagh Stop,18:20,20:54,41.5,Non-AC,48,21.0,43.75,17.87,375.27,14.2,1349.0,15.0,Sunny,High,Delayed,3.5
1804,BUS11804,TN51C9161,2024-11-19,Pune,R256,Aundh-Camp,Aundh Stop,Camp Stand,06:10,14:01,114.8,Electric,47,24.0,51.06,34.29,822.96,11.26,135.12,69.0,Cloudy,High,Delayed,2.9
546,BUS10546,RJ99A4306,2024-03-13,Pune,L272,Wagholi-Katraj,Wagholi Stop,Katraj Stop,21:30,22:31,39.3,Mini Bus,28,22.0,78.57,13.04,286.88,10.24,972.8,9.0,Rainy,Low,On Time,4.5
50,BUS10050,WB70C1788,2025-07-04,Lucknow,B16,Gomti Nagar-Charbagh,Gomti Nagar Stop,Charbagh Stand,11:55,16:38,104.2,AC,53,62.0,116.98,44.53,2760.86,41.22,3915.9,0.0,Foggy,Medium,On Time,4.2
162,BUS10162,MH65C1917,2024-09-02,Chennai,L111,Anna Nagar-Guindy,Anna Nagar Stop,Guindy Stand,21:10,22:56,63.7,Electric,36,20.0,55.56,21.02,420.4,4.08,48.96,0.0,Rainy,Low,On Time,3.1
208,BUS10208,MH65C9597,2025-11-17,Hyderabad,R175,Dilsukhnagar-Ameerpet,Dilsukhnagar Junction,Ameerpet Stop,14:15,17:18,44.1,Mini Bus,26,8.0,30.77,20.78,166.24,11.68,1109.6,22.0,Foggy,High,Delayed,2.6
578,BUS10578,TN49B6036,2024-07-23,Delhi,B220,Dwarka-ITO,Dwarka Junction,ITO Stand,17:35,20:09,84.9,Mini Bus,30,0.0,0.0,23.12,0.0,18.23,,15.0,Cloudy,Low,Delayed,3.3
514,BUS10514,UP17A7763,2025-12-02,Chennai,B168,Porur-Egmore,Porur Stand,Egmore Stand,14:15,14:42,11.7,Electric,44,22.0,50.0,23.54,517.88,1.13,13.56,0.0,Cloudy,Medium,On Time,4.0
68,BUS10068,DL39B9536,2024-09-22,Mumbai,B277,Thane-CST,Thane Stand,CST Junction,21:25,23:02,59.8,Non-AC,46,54.0,117.39,18.76,1013.04,15.3,1453.5,0.0,Foggy,Low,On Time,3.7
1958,BUS11958,GJ96B2773,2024-10-08,Jaipur,B276,Jagatpura-Sanganer,Jagatpura Stop,Sanganer Terminal,21:05,21:47,30.7,Mini Bus,31,30.0,96.77,15.66,469.8,7.8,741.0,0.0,Cloudy,Low,On Time,3.7
1362,BUS11362,WB97A2497,2024-09-07,Bengaluru,L111,Marathahalli-Banashankari,Marathahalli Stop,Banashankari Stand,05:15,06:30,36.0,Mini Bus,34,16.0,47.06,18.38,294.08,7.32,695.4,0.0,Cloudy,Medium,On Time,4.5
346,BUS10346,UP16B1076,2024-02-21,Chennai,R156,Adyar-Broadway,Adyar Stop,Broadway Terminal,20:05,20:44,21.0,Non-AC,53,43.0,81.13,15.3,657.9,6.0,570.0,10.0,Rainy,Low,On Time,3.1
1758,BUS11758,KA69C1493,2024-04-27,Delhi,R229,Dwarka-ITO,Dwarka Terminal,ITO Stop,22:55,02:43,110.7,AC,54,4.0,7.41,38.89,155.56,42.36,4024.2,0.0,Cloudy,Medium,On Time,4.9
1355,BUS11355,UP14C1137,2024-03-21,Bengaluru,L100,Whitefield-Majestic,Whitefield Junction,Majestic Stop,12:20,19:57,116.2,AC,49,37.0,75.51,38.34,1418.58,43.4,4123.0,12.0,Sunny,High,Delayed,3.0
343,BUS10343,TN85A4840,2025-10-14,Kolkata,B186,Garia-Esplanade,Garia Stand,Esplanade Junction,15:00,18:11,67.7,AC,50,54.0,108.0,28.78,1554.12,21.13,2007.35,58.0,Rainy,Medium,Delayed,3.0
707,BUS10707,KA73C2999,2025-10-10,Mumbai,L25,Andheri-Dadar,Andheri Stand,Dadar Stand,15:15,15:31,9.9,Mini Bus,35,27.0,77.14,16.11,434.97,2.39,227.05,0.0,Cloudy,Low,On Time,3.1
800,BUS10800,GJ15B7709,2025-10-17,Bengaluru,R6,Jayanagar-KR Puram,Jayanagar Stop,KR Puram Terminal,16:55,18:06,41.9,AC,44,25.0,56.82,21.64,541.0,13.05,1239.75,0.0,Cloudy,Low,On Time,4.6
1569,BUS11569,GJ72B1532,2024-01-29,Ahmedabad,B282,Chandkheda-Isanpur,Chandkheda Terminal,Isanpur Stand,16:40,17:08,15.8,Mini Bus,35,14.0,40.0,9.63,134.82,3.8,361.0,3.0,Cloudy,Low,On Time,3.8
759,BUS10759,TN59A1683,2024-02-01,Bengaluru,L46,Electronic City-Hebbal,Electronic City Stand,Hebbal Stand,19:00,03:15,113.1,Mini Bus,32,29.0,90.62,30.22,876.38,26.36,2504.2,5.0,Rainy,High,On Time,4.7
1186,BUS11186,TN41B4312,2024-04-19,Delhi,R191,Dwarka-ITO,Dwarka Junction,ITO Junction,10:10,14:35,83.1,Non-AC,50,43.0,86.0,24.9,1070.7,25.47,2419.65,22.0,Sunny,High,Delayed,2.7
1564,BUS11564,TN14A8718,2025-06-28,Jaipur,B299,Mansarovar-Amer,Mansarovar Stop,Amer Junction,14:50,18:18,45.7,Non-AC,44,19.0,43.18,18.89,358.91,12.2,1159.0,0.0,Sunny,High,On Time,3.6
2,BUS10002,UP97A2688,2025-08-18,Bengaluru,B74,Yeshwanthpur-Silk Board,Yeshwanthpur Stand,Silk Board Junction,11:25,12:01,16.2,AC,53,38.0,71.7,22.4,851.2,4.94,469.3,13.0,Cloudy,Low,Delayed,2.2
308,BUS10308,WB18B8886,2024-07-23,Pune,B97,Kothrud-Viman Nagar,Kothrud Stop,Viman Nagar Terminal,14:35,17:35,119.3,AC,36,13.0,36.11,45.5,591.5,40.75,3871.25,0.0,Foggy,Low,On Time,4.6
1538,BUS11538,DL36C4722,2025-11-08,Hyderabad,R95,LB Nagar-Miyapur,LB Nagar Junction,Miyapur Junction,11:15,14:03,70.8,Non-AC,43,35.0,81.4,26.9,941.5,25.7,2441.5,15.0,Rainy,Medium,Delayed,3.4
1252,BUS11252,TN89C6923,2025-09-20,Lucknow,B261,Indira Nagar-Hazratganj,Indira Nagar Terminal,Hazratganj Junction,11:40,13:01,44.4,Electric,38,38.0,100.0,23.92,908.96,3.95,47.4,10.0,Sunny,Low,On Time,4.6
1681,BUS11681,UP60A9516,2024-04-22,Ahmedabad,L276,Maninagar-Gota,Maninagar Terminal,Gota Terminal,10:30,14:04,53.1,Mini Bus,33,0.0,0.0,21.56,0.0,12.55,,0.0,Foggy,High,Cancelled,1.4
882,BUS10882,UP18C9943,2025-01-13,Kolkata,L228,Salt Lake-Howrah,Salt Lake Junction,Howrah Terminal,20:15,21:15,40.9,AC,48,0.0,0.0,40.9,0.0,16.93,1608.35,0.0,Rainy,Low,On Time,5.0
1532,BUS11532,MH86C2018,2025-06-16,Lucknow,B187,Alambagh-Aliganj,Alambagh Stand,Aliganj Stop,06:00,13:27,116.5,Non-AC,54,59.0,109.26,35.23,2078.57,43.4,4123.0,5.0,Sunny,High,On Time,4.8
826,BUS10826,UP17A2741,2024-08-28,Pune,B112,Aundh-Camp,Aundh Stand,Camp Terminal,09:15,10:57,25.1,Electric,47,4.0,8.51,,102.08,1.55,18.6,2.0,Cloudy,High,On Time,3.9
1889,BUS11889,DL86A8996,2024-11-12,Delhi,L120,Rajouri Garden-Anand Vihar,Rajouri Garden Junction,Anand Vihar Junction,10:05,13:14,112.9,AC,51,17.0,33.33,40.4,686.8,45.77,4348.15,5.0,Rainy,Low,On Time,3.9
1075,BUS11075,MH89A4276,2024-10-09,Bengaluru,L118,Yeshwanthpur-Silk Board,Yeshwanthpur Junction,Silk Board Junction,07:20,13:32,112.9,Electric,46,48.0,104.35,31.72,1522.56,9.35,112.2,0.0,Cloudy,High,On Time,3.3
1699,BUS11699,DL27A9351,2025-11-08,Bengaluru,L176,Whitefield-Majestic,Whitefield Terminal,Majestic Stand,06:10,09:34,67.4,Electric,37,15.0,40.54,28.7,430.5,5.7,68.4,0.0,Rainy,High,On Time,4.4
645,BUS10645,KA44A2487,2024-06-09,Chennai,L203,Velachery-T Nagar,Velachery Terminal,T Nagar Stand,07:50,11:28,63.0,Electric,49,18.0,36.73,22.48,404.64,6.08,72.96,15.0,Sunny,High,Delayed,2.7
1377,BUS11377,UP29C3146,2024-04-07,Ahmedabad,R280,Satellite-Vastral,Satellite Stand,Vastral Junction,06:15,08:45,42.2,Electric,42,35.0,83.33,19.71,689.85,3.88,46.56,21.0,Rainy,High,Delayed,3.1
1791,BUS11791,TS30A9864,2025-05-10,Bengaluru,B16,Jayanagar-KR Puram,Jayanagar Terminal,KR Puram Terminal,12:00,14:02,49.1,Non-AC,58,7.0,12.07,15.54,108.78,16.97,1612.15,0.0,Sunny,Medium,On Time,3.7
758,BUS10758,UP18A4306,2025-12-20,Bengaluru,L193,Whitefield-Majestic,Whitefield Stop,Majestic Terminal,08:05,08:53,28.9,Electric,49,46.0,93.88,14.48,666.08,2.6,31.2,0.0,Cloudy,Low,On Time,4.2
1320,BUS11320,KA44C3987,2024-09-28,Mumbai,B254,Powai-Churchgate,Powai Terminal,Churchgate Terminal,18:15,21:47,112.7,Non-AC,57,0.0,0.0,28.76,0.0,39.09,3713.55,0.0,Cloudy,Medium,Cancelled,1.4
1555,BUS11555,UP42A9414,2025-04-21,Kolkata,L224,Behala-Sealdah,Behala Junction,Sealdah Stop,12:35,13:16,5.3,AC,40,41.0,102.5,27.62,1132.42,1.75,166.25,31.0,Cloudy,Medium,Delayed,3.5
1708,BUS11708,UP96B7946,2024-09-25,Mumbai,R297,Thane-CST,Thane Terminal,CST Stand,10:30,11:12,27.7,Non-AC,59,55.0,93.22,18.51,1018.05,9.81,931.95,0.0,Rainy,Low,On Time,4.1
6,BUS10006,RJ91B2019,2024-07-14,Jaipur,B205,Jagatpura-Sanganer,Jagatpura Stop,Sanganer Stand,07:15,11:25,55.7,AC,45,39.0,86.67,30.88,1204.32,20.54,1951.3,0.0,Rainy,High,On Time,4.2
936,BUS10936,RJ41A3969,2025-06-10,Ahmedabad,B54,Bopal-Naroda,Bopal Stop,Naroda Stop,19:50,20:55,16.3,Electric,31,25.0,80.65,26.64,666.0,1.41,16.92,0.0,Foggy,High,On Time,4.1
1328,BUS11328,RJ73A9724,2024-04-21,Delhi,R32,Saket-Karol Bagh,Saket Terminal,Karol Bagh Junction,20:25,22:57,65.1,Non-AC,45,4.0,8.89,22.27,89.08,21.39,2032.05,0.0,Foggy,Medium,On Time,3.7
1231,BUS11231,RJ17A8259,2024-02-07,Chennai,L82,Porur-Egmore,Porur Stand,Egmore Terminal,07:20,09:15,70.5,AC,40,42.0,105.0,29.0,1218.0,24.09,2288.55,0.0,Rainy,Low,On Time,4.6
1245,BUS11245,KA33A6603,2025-07-08,Lucknow,R100,Alambagh-Aliganj,Alambagh Stand,Aliganj Terminal,22:15,01:31,93.4,Non-AC,48,19.0,39.58,30.55,580.45,27.52,2614.4,0.0,Cloudy,Medium,On Time,5.0
1178,BUS11178,UP91A6967,2024-11-12,Kolkata,R209,Salt Lake-Howrah,Salt Lake Stand,Howrah Stand,07:55,10:47,63.7,Mini Bus,35,10.0,28.57,19.1,191.0,14.2,1349.0,,Cloudy,Medium,On Time,4.5
1089,BUS11089,KA56A2421,2025-01-25,Jaipur,L133,Malviya Nagar-Sindhi Camp,Malviya Nagar Terminal,Sindhi Camp Junction,13:30,15:50,26.7,Mini Bus,28,7.0,25.0,15.51,108.57,6.16,585.2,36.0,Sunny,High,Delayed,2.9
620,BUS10620,TS40A6728,2025-08-02,Ahmedabad,L176,Maninagar-Gota,Maninagar Stand,Gota Terminal,20:40,02:12,73.5,Non-AC,40,48.0,120.0,26.36,1265.28,27.22,2585.9,0.0,Sunny,High,On Time,4.0
639,BUS10639,MH46B9739,2025-01-08,Bengaluru,L264,Yeshwanthpur-Silk Board,Yeshwanthpur Stand,Silk Board Stand,16:20,20:44,79.0,Electric,35,22.0,62.86,28.3,622.6,5.71,68.52,0.0,Sunny,High,On Time,3.1
1306,BUS11306,TN97B1105,2024-02-22,Hyderabad,B218,Kukatpally-Secunderabad,Kukatpally Stand,Secunderabad Stop,11:55,14:37,86.1,Electric,43,6.0,13.95,31.45,188.7,4.88,58.56,24.0,Cloudy,Low,Delayed,3.0
793,BUS10793,KA79C9282,2025-01-05,Ahmedabad,B32,Satellite-Vastral,Satellite Stand,Vastral Stand,18:15,22:45,113.8,Mini Bus,32,21.0,65.62,24.67,518.07,28.08,2667.6,15.0,Rainy,Medium,Delayed,3.1
991,BUS10991,KA28B3509,2024-02-15,Hyderabad,B124,Kukatpally-Secunderabad,Kukatpally Stand,Secunderabad Terminal,08:25,09:52,16.0,Electric,46,7.0,15.22,18.33,128.31,1.54,18.48,20.0,Cloudy,High,Delayed,3.1
616,BUS10616,WB36C7880,2025-10-22,Lucknow,R150,Gomti Nagar-Charbagh,Gomti Nagar Junction,Charbagh Stand,08:15,16:47,100.5,Non-AC,50,49.0,98.0,32.7,1602.3,28.49,2706.55,49.0,Sunny,High,Delayed,2.1
1459,BUS11459,MH24B2692,2025-04-20,Hyderabad,R72,Uppal-Mehdipatnam,Uppal Stop,Mehdipatnam Stand,19:15,21:28,26.9,Electric,44,11.0,25.0,16.97,186.67,2.46,29.52,4.0,Rainy,High,On Time,4.3
1595,BUS11595,KA24A9950,2025-04-12,Jaipur,R31,Vaishali Nagar-Badi Chaupar,Vaishali Nagar Stop,Badi Chaupar Terminal,21:05,00:43,98.0,Non-AC,51,40.0,78.43,25.02,1000.8,34.99,3324.05,41.0,Cloudy,Medium,Delayed,3.8
9,BUS10009,DL59C4265,2025-05-04,Lucknow,R246,Vikas Nagar-Kaiserbagh,Vikas Nagar Junction,Kaiserbagh Stand,10:30,15:10,95.8,Electric,32,0.0,0.0,33.23,0.0,7.02,84.24,0.0,Cloudy,High,Cancelled,1.9
34,BUS10034,TS43A8199,2024-09-10,Hyderabad,B291,Gachibowli-Koti,Gachibowli Junction,Koti Junction,10:15,11:14,32.1,Electric,48,29.0,60.42,29.68,860.72,1.77,21.24,9.0,Foggy,Low,On Time,4.8
584,BUS10584,TS24B2570,2025-11-22,Jaipur,R227,Mansarovar-Amer,Mansarovar Junction,Amer Stand,19:55,00:08,85.3,Mini Bus,31,4.0,12.9,21.46,85.84,19.97,1897.15,85.0,Cloudy,Medium,Delayed,2.2
122,BUS10122,MH83B1945,2025-08-27,Jaipur,B130,Mansarovar-Amer,Mansarovar Stand,Amer Terminal,10:20,13:04,87.6,Electric,40,18.0,45.0,32.41,583.38,6.01,72.12,0.0,Sunny,Medium,On Time,4.4
1347,BUS11347,KA63B2265,2024-10-18,Delhi,R73,Dwarka-ITO,Dwarka Junction,ITO Stop,19:55,02:01,113.6,Non-AC,47,15.0,31.91,32.75,491.25,38.31,3639.45,29.0,Foggy,High,Delayed,2.6
511,BUS10511,DL14B6310,2025-07-14,Pune,L193,Aundh-Camp,Aundh Terminal,Camp Stand,22:55,00:45,29.8,AC,38,23.0,60.53,34.3,788.9,8.73,829.35,0.0,Rainy,High,On Time,4.8
182,BUS10182,GJ91C2261,2025-03-02,Lucknow,R188,Gomti Nagar-Charbagh,Gomti Nagar Stop,Charbagh Terminal,11:25,13:32,39.7,Electric,46,53.0,115.22,24.37,1291.61,3.56,42.72,1.0,Cloudy,High,On Time,3.0
1841,BUS11841,GJ42B2288,2025-05-03,Bengaluru,B299,Yeshwanthpur-Silk Board,Yeshwanthpur Junction,Silk Board Stand,21:15,23:21,27.2,Non-AC,60,9.0,15.0,12.37,111.33,8.53,810.35,38.0,Foggy,High,Delayed,
410,BUS10410,GJ32B3078,2024-09-19,Chennai,B152,Porur-Egmore,Porur Terminal,Egmore Stop,20:40,22:48,71.0,AC,41,2.0,4.88,28.4,56.8,27.89,2649.55,9.0,Rainy,Low,On Time,4.4
1088,BUS11088,MH32B3858,2025-06-25,Kolkata,L18,Dum Dum-Park Street,Dum Dum Stop,Park Street Terminal,16:45,19:26,54.6,Mini Bus,33,20.0,60.61,16.09,321.8,12.96,1231.2,0.0,Cloudy,High,On Time,4.3
1137,BUS11137,GJ57B6978,2024-09-20,Jaipur,B214,Jagatpura-Sanganer,Jagatpura Stop,Sanganer Junction,20:00,20:36,22.4,Mini Bus,31,1.0,3.23,11.3,11.3,6.01,,0.0,Foggy,Low,On Time,4.8
161,BUS10161,RJ72A2800,2025-04-15,Kolkata,R145,Behala-Sealdah,Behala Stand,Sealdah Stop,22:55,01:28,61.6,Mini Bus,26,28.0,107.69,19.99,559.72,16.86,1601.7,0.0,Sunny,Medium,On Time,3.1
345,BUS10345,DL35C5038,2024-02-21,Pune,R46,Hinjewadi-Swargate,Hinjewadi Junction,Swargate Junction,20:30,21:16,30.1,AC,49,48.0,97.96,35.68,1712.64,8.53,810.35,0.0,Cloudy,Low,On Time,
1755,BUS11755,WB31A7564,2025-04-08,Kolkata,B3,Dum Dum-Park Street,Dum Dum Terminal,Park Street Junction,13:35,15:46,86.8,Non-AC,55,33.0,60.0,31.74,1047.42,31.09,2953.55,0.0,Foggy,Low,On Time,3.2
763,BUS10763,UP21C9445,2025-05-30,Delhi,R257,Saket-Karol Bagh,Saket Terminal,Karol Bagh Junction,13:55,14:56,37.2,Non-AC,46,,23.91,19.52,214.72,13.9,1320.5,6.0,Sunny,Low,On Time,3.7
1441,BUS11441,GJ17B5985,2024-03-14,Ahmedabad,B271,Bopal-Naroda,Bopal Terminal,Naroda Stand,09:15,12:59,84.0,Non-AC,59,0.0,0.0,32.59,0.0,27.4,2603.0,0.0,Cloudy,Medium,Cancelled,1.5
922,BUS10922,TS74C3003,2025-04-06,Pune,L100,Hadapsar-Shivajinagar,Hadapsar Stand,Shivajinagar Stop,11:30,13:13,74.2,AC,53,27.0,50.94,44.49,1201.23,30.29,2877.55,0.0,Rainy,Low,On Time,4.4
1767,BUS11767,WB52B5480,2025-08-11,Hyderabad,B215,Uppal-Mehdipatnam,Uppal Stop,Mehdipatnam Stop,17:15,18:46,45.0,Mini Bus,27,5.0,18.52,15.8,79.0,10.71,1017.45,0.0,Cloudy,Medium,On Time,3.4
973,BUS10973,DL86C5086,2025-03-26,Kolkata,L73,Salt Lake-Howrah,Salt Lake Terminal,Howrah Terminal,10:00,12:41,93.7,Mini Bus,30,16.0,53.33,24.62,393.92,23.98,2278.1,34.0,Cloudy,Low,Delayed,3.3
1823,BUS11823,UP49A8346,2024-10-21,Pune,B120,Kothrud-Viman Nagar,Kothrud Stand,Viman Nagar Stand,19:55,00:51,52.2,AC,37,27.0,72.97,29.51,796.77,21.9,2080.5,58.0,Sunny,High,Delayed,3.8
1311,BUS11311,TS89B3797,2024-02-02,Delhi,R152,Rajouri Garden-Anand Vihar,Rajouri Garden Terminal,Anand Vihar Junction,16:00,19:23,45.4,Non-AC,42,21.0,50.0,17.23,361.83,11.63,,43.0,Foggy,High,Delayed,3.1
1869,BUS11869,GJ21C2498,2025-04-01,Delhi,B44,Saket-Karol Bagh,Saket Stop,Karol Bagh Stand,05:25,10:50,81.4,Mini Bus,25,1.0,4.0,23.73,23.73,14.7,1396.5,0.0,Rainy,High,On Time,4.3
389,BUS10389,RJ32B7347,2024-10-20,Kolkata,R155,Salt Lake-Howrah,Salt Lake Stop,Howrah Terminal,13:30,17:27,116.6,Non-AC,46,15.0,32.61,29.36,440.4,39.59,3761.05,0.0,Rainy,Medium,On Time,4.8
1508,BUS11508,DL41A4111,2024-03-25,Jaipur,B47,Malviya Nagar-Sindhi Camp,Malviya Nagar Terminal,Sindhi Camp Junction,22:15,00:01,46.0,Mini Bus,26,6.0,23.08,17.92,107.52,8.79,835.05,0.0,Cloudy,Medium,On Time,4.0
1655,BUS11655,DL86A1583,2024-08-27,Bengaluru,B176,Marathahalli-Banashankari,Marathahalli Terminal,Banashankari Stop,20:35,21:31,42.4,Mini Bus,33,2.0,6.06,17.01,34.02,11.56,1098.2,0.0,Cloudy,Low,On Time,3.5
954,BUS10954,KA91C5362,2025-01-13,Delhi,L50,Rohini-Connaught Place,Rohini Terminal,Connaught Place Terminal,20:00,21:52,23.9,Non-AC,48,52.0,108.33,17.43,906.36,7.52,714.4,37.0,Cloudy,High,Delayed,3.9
236,BUS10236,MH59C5286,2025-02-23,Ahmedabad,B51,Chandkheda-Isanpur,Chandkheda Stop,Isanpur Junction,07:35,09:57,67.4,Mini Bus,26,30.0,115.38,24.08,722.4,18.78,1784.1,7.0,Rainy,Medium,On Time,3.1
1350,BUS11350,KA55B1183,2025-05-13,Delhi,L28,Noida-Nehru Place,Noida Terminal,Nehru Place Terminal,08:00,08:54,29.4,Electric,36,37.0,102.78,19.38,717.06,2.52,30.24,1.0,Cloudy,Medium,On Time,4.4
1158,BUS11158,MH51B6162,2025-04-06,Bengaluru,L189,Electronic City-Hebbal,Electronic City Terminal,Hebbal Stand,11:30,14:36,87.1,Non-AC,51,,17.65,31.94,287.46,31.67,3008.65,5.0,Cloudy,Medium,On Time,4.1
385,BUS10385,RJ17C9454,2024-08-15,Delhi,B25,Rohini-Connaught Place,Rohini Stop,Connaught Place Junction,14:50,16:17,32.4,Mini Bus,26,30.0,115.38,18.37,551.1,8.41,798.95,16.0,Sunny,Medium,Delayed,3.3
878,BUS10878,DL30B7480,2025-04-01,Ahmedabad,L270,Chandkheda-Isanpur,Chandkheda Stop,Isanpur Junction,16:50,18:22,26.2,AC,38,44.0,115.79,30.04,1321.76,8.51,808.45,0.0,Sunny,High,On Time,3.8
465,BUS10465,TS73B3018,2024-09-09,Lucknow,B219,Indira Nagar-Hazratganj,Indira Nagar Stand,Hazratganj Junction,17:45,23:27,102.7,Electric,46,51.0,110.87,33.97,1732.47,8.46,101.52,0.0,Foggy,High,On Time,4.8
1162,BUS11162,GJ65C2237,2025-06-25,Jaipur,B236,Malviya Nagar-Sindhi Camp,Malviya Nagar Stand,Sindhi Camp Stand,16:00,17:52,58.1,Non-AC,59,16.0,27.12,20.62,329.92,18.81,1786.95,0.0,Cloudy,Medium,On Time,4.3
1053,BUS11053,MH84C4818,2024-02-23,Delhi,L187,Rohini-Connaught Place,Rohini Stand,Connaught Place Terminal,05:55,10:58,114.8,Non-AC,53,57.0,107.55,31.66,1804.62,32.02,3041.9,0.0,Sunny,Medium,On Time,4.0
859,BUS10859,TN21A4714,2025-11-05,Chennai,B111,Adyar-Broadway,Adyar Stop,Broadway Stop,05:40,06:27,15.8,Non-AC,41,37.0,90.24,14.34,530.58,4.77,453.15,6.0,Rainy,Medium,On Time,4.1
1493,BUS11493,TS96B5911,2025-11-22,Kolkata,R99,Dum Dum-Park Street,Dum Dum Terminal,Park Street Stop,19:25,21:46,61.0,Electric,44,30.0,68.18,22.18,665.4,5.44,65.28,4.0,Rainy,Medium,On Time,3.9
1927,BUS11927,TS40A7510,2024-05-18,Ahmedabad,L66,Satellite-Vastral,Satellite Stand,Vastral Stop,19:55,21:37,24.4,Non-AC,56,5.0,8.93,19.0,95.0,6.89,654.55,59.0,Foggy,Medium,Delayed,2.2
272,BUS10272,UP87C6681,2025-05-13,Ahmedabad,B276,Bopal-Naroda,Bopal Stop,Naroda Junction,11:30,12:57,13.7,AC,51,14.0,27.45,23.88,334.32,4.61,437.95,59.0,Rainy,Medium,Delayed,2.1
1875,BUS11875,TN71A8615,2025-09-21,Jaipur,B182,Jagatpura-Sanganer,Jagatpura Terminal,Sanganer Junction,19:25,22:34,106.7,AC,48,35.0,72.92,46.23,1618.05,36.15,3434.25,0.0,Foggy,Medium,On Time,4.9
241,BUS10241,MH49B2608,2024-10-15,Chennai,L63,Tambaram-Parrys,Tambaram Terminal,Parrys Junction,19:40,20:38,23.4,AC,37,5.0,13.51,21.02,105.1,8.04,763.8,0.0,Sunny,Medium,On Time,4.7
781,BUS10781,WB52B4587,2024-07-09,Hyderabad,R232,Uppal-Mehdipatnam,Uppal Stand,Mehdipatnam Stand,15:20,16:39,50.2,Non-AC,47,42.0,89.36,21.35,896.7,18.72,1778.4,,Foggy,Low,On Time,3.5
930,BUS10930,RJ27A4270,2024-04-02,Mumbai,L233,Kurla-Bandra,Kurla Stop,Bandra Terminal,17:20,19:21,70.9,Non-AC,46,39.0,84.78,24.79,966.81,21.27,2020.65,0.0,Cloudy,Low,On Time,4.4
476,BUS10476,RJ13A6310,2024-09-07,Pune,B218,Hinjewadi-Swargate,Hinjewadi Stand,Swargate Stop,20:45,21:03,6.3,Mini Bus,29,3.0,10.34,10.6,31.8,1.61,152.95,9.0,Cloudy,Low,On Time,3.9
249,BUS10249,RJ36B4430,2025-05-16,Mumbai,R280,Powai-Churchgate,Powai Stop,Churchgate Junction,06:35,09:52,93.7,Non-AC,50,46.0,92.0,29.54,1358.84,33.73,3204.35,12.0,Rainy,Medium,Delayed,3.1
1870,BUS11870,DL18C1403,2024-07-05,Kolkata,R241,Garia-Esplanade,Garia Terminal,Esplanade Stand,18:20,23:43,68.8,Non-AC,51,43.0,84.31,25.94,1115.42,21.38,2031.1,0.0,Rainy,High,On Time,
1316,BUS11316,GJ51B3654,2025-06-13,Jaipur,L178,Mansarovar-Amer,Mansarovar Junction,Amer Terminal,10:15,12:41,89.5,Electric,33,20.0,60.61,28.47,569.4,7.65,91.8,0.0,Sunny,Low,On Time,3.4
1105,BUS11105,DL50B6503,2025-08-26,Kolkata,B54,Behala-Sealdah,Behala Terminal,Sealdah Terminal,15:35,16:02,19.4,Non-AC,44,44.0,100.0,15.15,666.6,5.02,476.9,0.0,Cloudy,Low,On Time,3.3
1798,BUS11798,UP26C1150,2024-09-18,Bengaluru,B99,Yeshwanthpur-Silk Board,Yeshwanthpur Stop,Silk Board Junction,14:30,18:10,62.5,Non-AC,48,12.0,25.0,20.09,241.08,16.63,1579.85,0.0,Cloudy,High,On Time,4.1
1334,BUS11334,KA44A3430,2025-08-08,Lucknow,R190,Gomti Nagar-Charbagh,Gomti Nagar Stand,Charbagh Stand,16:15,16:28,9.9,AC,53,53.0,100.0,34.93,1851.29,3.64,345.8,0.0,Rainy,Low,On Time,4.7
561,BUS10561,WB41C1968,2024-10-27,Bengaluru,B27,Jayanagar-KR Puram,Jayanagar Stop,KR Puram Stand,07:45,12:32,119.6,Electric,50,5.0,10.0,40.77,203.85,9.8,117.6,0.0,Foggy,Medium,On Time,3.2
483,BUS10483,WB75C6448,2025-07-01,Delhi,L154,Dwarka-ITO,Dwarka Terminal,ITO Junction,20:05,22:05,68.0,Mini Bus,32,31.0,96.88,22.22,688.82,12.83,1218.85,0.0,Foggy,Medium,On Time,3.6
1773,BUS11773,GJ28C6438,2025-05-31,Hyderabad,L218,Uppal-Mehdipatnam,Uppal Junction,Mehdipatnam Stop,16:50,18:24,42.8,Mini Bus,32,37.0,115.62,17.75,656.75,8.23,781.85,0.0,Sunny,Medium,On Time,5.0
953,BUS10953,DL85C9639,2025-02-05,Pune,B158,Aundh-Camp,Aundh Stop,Camp Stand,19:15,21:34,84.0,Electric,48,27.0,56.25,32.13,867.51,6.1,73.2,0.0,Sunny,Low,On Time,4.0
51,BUS10051,TN73A2800,2025-10-13,Jaipur,L82,Mansarovar-Amer,Mansarovar Junction,Amer Terminal,07:35,11:08,95.6,AC,55,47.0,85.45,33.46,1572.62,30.29,,0.0,Cloudy,Medium,On Time,3.8
1479,BUS11479,TS34B4454,2025-06-11,Pune,B184,Kothrud-Viman Nagar,Kothrud Stand,Viman Nagar Stand,12:15,13:20,40.2,Mini Bus,32,29.0,90.62,14.79,428.91,10.69,1015.55,0.0,Cloudy,Low,On Time,4.2
275,BUS10275,UP58C5206,2024-01-19,Jaipur,L288,Mansarovar-Amer,Mansarovar Junction,Amer Stand,16:30,16:54,7.8,Electric,38,21.0,55.26,12.24,257.04,0.66,7.92,12.0,Rainy,Low,Delayed,2.2
1766,BUS11766,KA33B1388,2024-07-03,Chennai,R211,Porur-Egmore,Porur Junction,Egmore Terminal,06:20,10:02,65.3,Electric,38,27.0,71.05,21.38,577.26,6.14,73.68,0.0,Sunny,High,On Time,4.1
487,BUS10487,KA99A9886,2024-03-21,Mumbai,R208,Thane-CST,Thane Stop,CST Stand,09:35,11:51,53.5,AC,52,59.0,113.46,32.94,1943.46,17.73,1684.35,21.0,Cloudy,Medium,Delayed,3.0
1670,BUS11670,TS71A1450,2025-02-09,Jaipur,R277,Vaishali Nagar-Badi Chaupar,Vaishali Nagar Junction,Badi Chaupar Junction,09:50,10:51,36.7,Non-AC,57,20.0,35.09,21.03,420.6,11.84,1124.8,0.0,Cloudy,Low,On Time,4.1
682,BUS10682,DL85A8187,2024-05-31,Jaipur,R253,Vaishali Nagar-Badi Chaupar,Vaishali Nagar Stop,Badi Chaupar Terminal,20:05,21:09,25.9,AC,48,56.0,116.67,26.98,1510.88,10.81,1026.95,14.0,Foggy,Medium,Delayed,3.0
1209,BUS11209,TS46C5731,2024-02-16,Jaipur,R73,Vaishali Nagar-Badi Chaupar,Vaishali Nagar Stand,Badi Chaupar Junction,15:10,17:19,35.1,Non-AC,60,37.0,61.67,21.9,810.3,11.17,1061.15,15.0,Rainy,High,Delayed,2.4
1741,BUS11741,TS56A2664,2025-06-03,Bengaluru,L94,Marathahalli-Banashankari,Marathahalli Stand,Banashankari Terminal,05:40,08:03,63.4,Mini Bus,34,34.0,100.0,18.54,630.36,11.55,1097.25,15.0,Sunny,Medium,Delayed,3.1
888,BUS10888,KA13A8183,2024-08-19,Delhi,R136,Rajouri Garden-Anand Vihar,Rajouri Garden Junction,Anand Vihar Terminal,14:15,15:35,17.1,Non-AC,59,60.0,101.69,20.27,1216.2,4.34,412.3,0.0,Sunny,High,On Time,4.7
661,BUS10661,GJ49A3968,2025-08-11,Kolkata,R157,Behala-Sealdah,Behala Stand,Sealdah Stop,15:45,17:32,49.8,Non-AC,42,35.0,83.33,17.08,597.8,15.79,1500.05,23.0,Foggy,Low,Delayed,3.5
1340,BUS11340,WB22A2003,2024-12-04,Kolkata,L87,Behala-Sealdah,Behala Stop,Sealdah Terminal,11:45,13:06,57.9,AC,44,6.0,13.64,28.15,168.9,23.77,2258.15,0.0,Cloudy,Low,On Time,4.2
597,BUS10597,MH15A4001,2024-01-09,Delhi,B284,Dwarka-ITO,Dwarka Stop,ITO Stop,17:45,22:09,115.1,Non-AC,60,31.0,51.67,33.73,1045.63,35.65,3386.75,52.0,Rainy,Medium,Delayed,3.5
999,BUS10999,UP86A5466,2025-08-18,Ahmedabad,B63,Vastrapur-Kalupur,Vastrapur Stop,Kalupur Junction,10:35,12:30,60.1,Electric,39,12.0,30.77,26.76,321.12,4.35,52.2,16.0,Sunny,Low,Delayed,3.0
869,BUS10869,MH93A4477,2024-02-05,Lucknow,B46,Gomti Nagar-Charbagh,Gomti Nagar Junction,Charbagh Stop,09:05,10:31,26.9,Non-AC,58,58.0,100.0,19.34,1121.72,7.39,702.05,37.0,Foggy,Medium,Delayed,4.0
1263,BUS11263,UP40B8734,2025-10-09,Delhi,B170,Saket-Karol Bagh,Saket Stand,Karol Bagh Stand,15:15,15:53,25.7,Non-AC,52,32.0,61.54,22.5,720.0,6.58,625.1,0.0,Foggy,Low,On Time,3.4
305,BUS10305,TN46B2865,2025-10-28,Jaipur,L190,Malviya Nagar-Sindhi Camp,Malviya Nagar Terminal,Sindhi Camp Stop,10:45,19:11,118.2,Electric,39,36.0,92.31,38.01,1368.36,8.81,105.72,0.0,Foggy,High,On Time,3.1
123,BUS10123,TS55A7313,2025-08-15,Kolkata,R152,Behala-Sealdah,Behala Stop,Sealdah Stop,09:45,12:00,27.0,Electric,32,1.0,3.12,15.67,15.67,2.11,25.32,8.0,Foggy,High,On Time,4.4
1783,BUS11783,RJ83C7511,2024-05-28,Mumbai,B3,Thane-CST,Thane Terminal,CST Stop,15:00,16:13,17.5,Non-AC,55,57.0,103.64,14.16,807.12,4.68,444.6,30.0,Sunny,Medium,Delayed,2.9
1790,BUS11790,DL28C6628,2024-04-24,Delhi,R280,Noida-Nehru Place,Noida Junction,Nehru Place Stand,16:55,19:31,71.7,Non-AC,49,16.0,32.65,27.22,435.52,19.51,,12.0,Cloudy,Medium,Delayed,2.3
234,BUS10234,KA24A3091,2024-08-02,Ahmedabad,B240,Chandkheda-Isanpur,Chandkheda Junction,Isanpur Stand,09:15,12:12,61.7,Electric,36,28.0,77.78,20.4,571.2,4.48,53.76,42.0,Sunny,Medium,Delayed,3.8
1278,BUS11278,WB91B6457,2024-12-01,Delhi,R171,Rajouri Garden-Anand Vihar,Rajouri Garden Terminal,Anand Vihar Terminal,06:30,09:13,81.8,Mini Bus,25,16.0,64.0,25.02,400.32,20.71,1967.45,0.0,Sunny,Medium,On Time,3.5
830,BUS10830,WB40B3476,2025-08-10,Kolkata,L288,Dum Dum-Park Street,Dum Dum Terminal,Park Street Junction,18:00,19:01,19.9,Electric,36,26.0,72.22,14.45,375.7,1.23,14.76,33.0,Cloudy,Low,Delayed,3.6
1453,BUS11453,TS31B6397,2025-01-28,Jaipur,R8,Malviya Nagar-Sindhi Camp,Malviya Nagar Stop,Sindhi Camp Stand,13:15,16:14,32.9,Non-AC,48,15.0,31.25,18.4,276.0,8.31,789.45,80.0,Rainy,High,Delayed,2.4
448,BUS10448,DL65A7776,2024-07-26,Chennai,B153,Tambaram-Parrys,Tambaram Stop,Parrys Junction,09:10,10:26,33.7,Electric,39,28.0,71.79,22.28,623.84,3.21,38.52,0.0,Foggy,Medium,On Time,4.0
1647,BUS11647,TS86B8805,2024-10-27,Hyderabad,B278,Kukatpally-Secunderabad,Kukatpally Stand,Secunderabad Terminal,17:00,21:38,113.9,Electric,44,9.0,20.45,34.6,311.4,9.67,116.04,0.0,Cloudy,Medium,On Time,3.4
841,BUS10841,GJ36B8211,2024-09-14,Mumbai,B269,Powai-Churchgate,Powai Junction,Churchgate Terminal,12:35,18:14,95.3,Electric,48,49.0,102.08,33.87,1659.63,6.75,81.0,2.0,Rainy,High,On Time,3.4
203,BUS10203,RJ21A8652,2024-01-04,Bengaluru,L108,Electronic City-Hebbal,Electronic City Stop,Hebbal Junction,12:50,14:09,50.8,Non-AC,53,51.0,96.23,20.62,1051.62,18.28,1736.6,4.0,Sunny,Low,On Time,3.3
754,BUS10754,TN13A6516,2024-03-05,Pune,L14,Hadapsar-Shivajinagar,Hadapsar Stand,Shivajinagar Stand,19:45,23:23,98.2,Mini Bus,26,19.0,73.08,26.61,505.59,21.06,2000.7,12.0,Sunny,Medium,Delayed,3.9
512,BUS10512,RJ96C7611,2025-11-25,Jaipur,L177,Vidhyadhar Nagar-Sitapura,Vidhyadhar Nagar Terminal,Sitapura Stand,21:55,23:45,25.3,Electric,43,0.0,0.0,20.43,0.0,2.32,27.84,0.0,Rainy,High,Cancelled,1.5
611,BUS10611,RJ65A1863,2025-11-10,Hyderabad,R114,LB Nagar-Miyapur,LB Nagar Terminal,Miyapur Stand,06:05,07:09,27.3,Electric,35,1.0,2.86,26.72,26.72,2.42,29.04,19.0,Rainy,Low,Delayed,2.3
701,BUS10701,KA99B6483,2024-01-29,Jaipur,L173,Vaishali Nagar-Badi Chaupar,Vaishali Nagar Junction,Badi Chaupar Stand,09:35,09:55,6.9,AC,54,7.0,12.96,33.24,232.68,2.63,249.85,0.0,Cloudy,High,On Time,3.3
1444,BUS11444,WB65C7321,2024-01-09,Pune,L81,Hadapsar-Shivajinagar,Hadapsar Junction,Shivajinagar Terminal,20:10,23:00,49.9,Mini Bus,32,37.0,115.62,19.47,720.39,9.22,875.9,25.0,Foggy,High,Delayed,2.4
1145,BUS11145,WB82C6245,2025-03-30,Ahmedabad,B79,Chandkheda-Isanpur,Chandkheda Stop,Isanpur Terminal,12:35,19:54,105.8,Mini Bus,27,26.0,96.3,24.78,644.28,20.82,1977.9,0.0,Cloudy,High,On Time,4.5
369,BUS10369,DL49C5570,2025-02-21,Hyderabad,L49,Kukatpally-Secunderabad,Kukatpally Junction,Secunderabad Terminal,20:45,01:05,62.9,AC,44,14.0,31.82,25.08,351.12,21.36,2029.2,4.0,Cloudy,High,On Time,4.3
49,BUS10049,MH14C2433,2025-10-08,Kolkata,R106,Salt Lake-Howrah,Salt Lake Terminal,Howrah Stand,14:35,15:01,16.5,AC,55,41.0,74.55,32.86,1347.26,6.01,570.95,0.0,Foggy,Low,On Time,4.7
773,BUS10773,WB76A7429,2025-07-08,Bengaluru,R89,Marathahalli-Banashankari,Marathahalli Stop,Banashankari Stand,19:15,19:30,10.3,Mini Bus,34,36.0,105.88,8.98,323.28,1.93,183.35,0.0,Cloudy,Low,On Time,4.7
1849,BUS11849,RJ29B6756,2025-07-10,Bengaluru,B44,Jayanagar-KR Puram,Jayanagar Stand,KR Puram Stop,06:05,07:47,45.2,Mini Bus,28,3.0,10.71,18.72,56.16,8.66,822.7,0.0,,Medium,On Time,3.6
1232,BUS11232,GJ45C1816,2024-03-29,Delhi,R45,Dwarka-ITO,Dwarka Stop,ITO Terminal,08:40,10:32,67.2,Electric,50,31.0,62.0,22.93,710.83,5.53,66.36,20.0,Sunny,Low,Delayed,3.9
970,BUS10970,WB43C2237,2025-12-28,Chennai,L152,Velachery-T Nagar,Velachery Stand,T Nagar Terminal,17:15,17:27,8.0,Non-AC,53,29.0,54.72,13.8,400.2,2.07,196.65,0.0,Rainy,Low,On Time,4.0
